paciente_id,data,fc_repouso_bpm,fc_media_bpm,hrv_ms,spo2_pct,pas_mmhg,pad_mmhg,passos,minutos_atividade,alerta_arritmia
cleveland-001,2026-08-01,64.4,71.7,43.9,98.3,134.5,81.7,4496,41,0
cleveland-001,2026-08-02,59.8,73.9,59.2,98.3,126.6,84.3,7681,65,0
cleveland-001,2026-08-03,66.7,77.1,51.8,97.3,119.9,81.2,6561,57,0
cleveland-001,2026-08-04,64.7,76.3,55.5,97.9,145.3,98.4,5917,49,0
cleveland-001,2026-08-05,62.7,76.8,45.5,96.7,131.9,83.7,7817,67,0
cleveland-001,2026-08-06,64.1,73.7,59.2,97.7,132.1,79.3,7360,70,0
cleveland-001,2026-08-07,61.3,74.1,47.1,97.2,139.5,91.1,8582,69,0
cleveland-002,2026-08-01,76.1,82.9,38.5,96.8,137.9,87.5,6004,53,0
cleveland-002,2026-08-02,70.1,78.4,36.8,96.1,147.2,94.9,4745,46,0
cleveland-002,2026-08-03,71.2,79.0,29.9,95.6,130.2,83.0,3615,32,0
cleveland-002,2026-08-04,76.5,75.5,32.0,95.6,140.3,88.2,1855,10,0
cleveland-002,2026-08-05,70.2,72.1,29.8,97.3,137.8,90.6,2779,24,0
cleveland-002,2026-08-06,77.2,79.0,19.0,96.4,143.1,87.9,1857,17,0
cleveland-002,2026-08-07,73.9,86.4,45.6,95.8,131.8,83.5,4855,50,1
cleveland-003,2026-08-01,79.7,83.2,23.3,95.4,132.7,85.8,1981,21,0
cleveland-003,2026-08-02,69.7,71.7,35.3,96.8,159.0,101.6,5205,42,0
cleveland-003,2026-08-03,70.5,75.8,29.5,95.4,139.7,93.1,4742,42,1
cleveland-003,2026-08-04,71.9,74.2,32.4,97.8,142.2,86.5,3561,26,0
cleveland-003,2026-08-05,82.3,91.4,26.2,96.8,132.9,89.9,5152,46,0
cleveland-003,2026-08-06,75.6,88.6,29.2,94.8,129.5,86.9,7302,67,0
cleveland-003,2026-08-07,79.0,88.6,34.6,95.6,151.0,91.7,7224,66,0
cleveland-004,2026-08-01,65.9,77.8,75.1,97.3,116.1,75.2,6017,50,0
cleveland-004,2026-08-02,59.3,73.7,60.0,97.8,132.2,80.7,9169,73,0
cleveland-004,2026-08-03,54.4,67.4,54.3,97.2,127.7,84.2,8065,70,0
cleveland-004,2026-08-04,61.5,73.6,72.0,97.3,113.2,68.2,8446,77,0
cleveland-004,2026-08-05,60.2,70.2,81.4,99.4,111.8,74.3,5375,45,0
cleveland-004,2026-08-06,56.4,67.9,56.1,95.4,118.0,76.5,7057,59,0
cleveland-004,2026-08-07,53.4,75.1,78.3,96.2,109.6,72.9,13239,114,0
cleveland-005,2026-08-01,66.8,75.5,52.0,97.3,127.5,78.2,7152,64,1
cleveland-005,2026-08-02,58.8,74.0,61.8,96.9,124.7,81.6,8109,75,0
cleveland-005,2026-08-03,57.0,68.3,62.4,97.4,139.3,90.0,8524,73,0
cleveland-005,2026-08-04,61.0,71.7,63.7,95.8,128.8,86.6,5831,50,0
cleveland-005,2026-08-05,58.7,64.7,59.1,97.2,121.9,81.5,3210,27,0
cleveland-005,2026-08-06,58.4,74.8,45.8,97.8,136.0,85.6,9384,83,0
cleveland-005,2026-08-07,58.6,77.3,70.3,98.1,136.1,85.2,8620,87,0
cleveland-006,2026-08-01,61.0,79.7,55.2,96.8,133.2,82.0,8563,76,0
cleveland-006,2026-08-02,69.4,84.1,60.5,95.9,123.6,83.7,6222,64,0
cleveland-006,2026-08-03,58.1,71.9,54.9,96.3,118.2,76.8,5980,60,0
cleveland-006,2026-08-04,63.4,70.2,55.2,97.9,138.8,89.9,6091,58,0
cleveland-006,2026-08-05,63.6,78.4,61.4,96.9,131.6,82.5,7574,70,0
cleveland-006,2026-08-06,61.6,73.3,53.4,97.9,133.2,84.6,6929,70,0
cleveland-006,2026-08-07,63.0,86.1,61.4,97.5,136.2,89.5,8670,81,0
cleveland-007,2026-08-01,65.0,62.2,47.4,95.5,140.7,89.5,1800,10,0
cleveland-007,2026-08-02,74.8,84.4,38.7,96.3,127.0,86.4,4782,41,1
cleveland-007,2026-08-03,73.6,84.1,40.6,96.2,144.5,89.5,4361,40,0
cleveland-007,2026-08-04,75.1,70.7,32.4,95.9,147.2,95.5,2351,13,1
cleveland-007,2026-08-05,76.0,85.9,32.3,96.2,149.6,99.8,4560,48,0
cleveland-007,2026-08-06,70.7,84.5,22.7,95.1,136.5,89.7,7782,63,0
cleveland-007,2026-08-07,74.9,78.6,33.5,94.2,148.1,89.9,3723,28,0
cleveland-008,2026-08-01,61.5,69.5,56.9,97.9,136.4,85.1,4451,45,0
cleveland-008,2026-08-02,63.8,80.3,53.3,97.8,142.1,86.6,7234,66,0
cleveland-008,2026-08-03,63.6,67.3,54.1,97.8,117.0,72.2,3378,25,0
cleveland-008,2026-08-04,70.0,83.9,63.1,96.5,127.6,83.7,6598,60,0
cleveland-008,2026-08-05,66.6,85.9,45.2,97.5,147.9,94.8,9689,88,0
cleveland-008,2026-08-06,61.6,80.3,48.1,97.9,116.8,74.7,8212,77,0
cleveland-008,2026-08-07,61.2,66.5,57.9,97.2,132.9,87.6,6505,49,0
cleveland-009,2026-08-01,76.8,91.7,28.4,94.5,113.3,76.7,8996,83,0
cleveland-009,2026-08-02,67.0,75.1,31.8,96.1,139.2,85.9,5260,51,0
cleveland-009,2026-08-03,79.7,96.5,26.4,95.1,152.0,92.9,7166,62,0
cleveland-009,2026-08-04,74.2,84.3,46.7,95.6,131.5,88.5,5454,41,0
cleveland-009,2026-08-05,77.8,86.0,15.0,95.2,124.8,83.3,5085,45,0
cleveland-009,2026-08-06,74.0,90.5,26.1,96.7,146.0,97.4,5641,52,0
cleveland-009,2026-08-07,72.0,77.6,28.2,95.0,128.8,82.4,3715,29,0
cleveland-010,2026-08-01,71.9,80.1,31.6,96.9,144.2,86.8,3914,38,0
cleveland-010,2026-08-02,71.4,85.5,39.8,95.1,139.2,94.5,7495,74,0
cleveland-010,2026-08-03,62.1,74.1,28.4,95.7,127.9,77.9,8685,73,0
cleveland-010,2026-08-04,78.1,80.5,27.9,96.2,153.9,101.6,4326,31,0
cleveland-010,2026-08-05,69.6,76.3,44.2,96.2,121.5,76.9,4050,43,0
cleveland-010,2026-08-06,73.9,75.6,43.8,96.4,122.3,73.9,3228,30,0
cleveland-010,2026-08-07,68.5,82.0,27.4,96.7,139.7,86.4,7702,67,0
cleveland-011,2026-08-01,59.8,71.7,58.1,97.0,120.8,79.0,5236,35,0
cleveland-011,2026-08-02,60.7,72.1,38.8,97.2,121.9,81.8,5105,49,0
cleveland-011,2026-08-03,65.1,78.8,70.7,97.7,121.5,74.2,8217,66,0
cleveland-011,2026-08-04,69.7,83.2,52.9,99.2,114.6,70.6,7684,65,0
cleveland-011,2026-08-05,61.0,67.0,40.8,97.5,116.4,72.5,6963,54,0
cleveland-011,2026-08-06,60.2,70.7,33.8,98.3,127.0,79.2,4739,47,0
cleveland-011,2026-08-07,63.8,78.5,57.7,97.9,123.0,78.1,8235,81,0
cleveland-012,2026-08-01,60.1,72.1,51.2,97.0,131.4,79.9,6329,55,0
cleveland-012,2026-08-02,66.0,74.2,36.6,96.7,117.2,72.6,5420,44,0
cleveland-012,2026-08-03,61.2,70.9,46.4,97.4,133.7,87.7,5515,52,0
cleveland-012,2026-08-04,62.1,71.6,60.3,96.5,124.1,79.5,4966,37,0
cleveland-012,2026-08-05,58.1,70.3,53.9,98.6,103.7,66.2,5493,57,0
cleveland-012,2026-08-06,57.6,70.7,45.7,97.9,124.8,75.3,6817,63,0
cleveland-012,2026-08-07,65.4,73.5,41.7,95.3,133.3,86.0,5317,39,0
cleveland-013,2026-08-01,79.3,92.5,40.8,95.6,130.2,80.8,4416,35,0
cleveland-013,2026-08-02,76.7,92.5,29.3,96.9,144.0,93.3,7204,68,1
cleveland-013,2026-08-03,73.5,93.8,22.4,96.1,133.2,87.7,7982,81,0
cleveland-013,2026-08-04,77.6,85.2,36.7,96.2,128.4,78.8,5063,39,1
cleveland-013,2026-08-05,79.3,86.1,43.8,96.0,140.5,94.2,4589,36,1
cleveland-013,2026-08-06,67.1,83.4,40.7,96.4,122.2,73.5,6747,66,0
cleveland-013,2026-08-07,68.8,77.4,28.0,96.3,141.7,93.2,6934,62,0
cleveland-014,2026-08-01,61.2,72.2,57.2,96.9,123.5,78.1,6564,61,0
cleveland-014,2026-08-02,61.4,68.9,49.7,97.0,134.2,89.7,8267,69,0
cleveland-014,2026-08-03,60.5,73.9,59.1,97.4,132.2,87.0,8407,84,0
cleveland-014,2026-08-04,57.3,72.0,51.7,97.2,134.1,88.4,7090,73,0
cleveland-014,2026-08-05,60.0,71.5,59.9,97.9,149.9,96.9,6421,63,0
cleveland-014,2026-08-06,64.0,79.4,59.1,97.8,121.4,74.4,8459,67,0
cleveland-014,2026-08-07,54.6,61.8,58.4,97.6,115.0,70.9,5279,45,0
cleveland-015,2026-08-01,62.7,68.8,48.0,98.2,123.8,79.2,3809,34,0
cleveland-015,2026-08-02,61.4,75.2,57.9,98.4,113.3,76.6,5367,50,0
cleveland-015,2026-08-03,51.5,67.7,42.4,96.7,118.2,72.5,7404,65,0
cleveland-015,2026-08-04,58.1,70.6,59.9,96.0,126.8,83.8,7069,72,0
cleveland-015,2026-08-05,60.6,73.8,45.8,97.6,113.6,69.8,8049,75,0
cleveland-015,2026-08-06,66.2,77.9,67.5,98.0,135.5,84.0,6762,57,0
cleveland-015,2026-08-07,60.9,75.6,71.1,97.3,127.0,80.6,7471,67,0
cleveland-016,2026-08-01,68.9,86.3,56.8,98.1,114.1,70.8,8802,84,0
cleveland-016,2026-08-02,64.3,56.9,63.9,97.8,121.3,74.6,1834,18,0
cleveland-016,2026-08-03,64.1,77.5,58.1,96.3,118.1,74.1,6238,67,0
cleveland-016,2026-08-04,68.8,74.7,55.3,96.5,123.5,74.1,4653,41,0
cleveland-016,2026-08-05,62.4,74.4,52.0,97.4,126.5,85.2,5310,43,0
cleveland-016,2026-08-06,56.6,74.1,57.9,98.0,110.7,68.0,8434,78,0
cleveland-016,2026-08-07,63.6,83.3,51.9,97.0,132.3,89.4,10339,100,0
cleveland-017,2026-08-01,74.0,82.7,40.4,96.1,143.7,93.6,4002,34,1
cleveland-017,2026-08-02,72.3,77.8,44.8,95.6,143.1,86.1,3092,35,0
cleveland-017,2026-08-03,66.8,79.7,31.3,96.1,133.8,81.8,6430,60,0
cleveland-017,2026-08-04,73.4,87.6,22.6,95.6,116.6,72.4,5306,53,0
cleveland-017,2026-08-05,68.9,79.6,43.3,95.5,136.2,88.4,4311,43,0
cleveland-017,2026-08-06,74.8,80.4,45.0,96.1,129.4,80.2,4347,42,0
cleveland-017,2026-08-07,66.0,81.8,37.8,96.1,158.3,100.7,7964,73,0
cleveland-018,2026-08-01,63.6,71.4,54.1,99.0,119.6,80.0,6085,55,0
cleveland-018,2026-08-02,67.6,75.3,54.7,97.3,113.7,71.8,4377,35,0
cleveland-018,2026-08-03,73.1,88.0,50.7,98.9,125.9,77.0,8023,73,0
cleveland-018,2026-08-04,56.3,70.6,43.0,98.2,121.3,78.1,7260,69,0
cleveland-018,2026-08-05,66.8,86.0,68.0,98.0,132.5,82.9,9279,87,0
cleveland-018,2026-08-06,57.5,74.0,61.0,96.1,116.6,73.8,8757,87,0
cleveland-018,2026-08-07,60.9,75.4,56.2,97.6,134.0,82.0,7878,66,1
cleveland-019,2026-08-01,58.0,64.7,55.6,97.3,119.8,79.8,7337,65,0
cleveland-019,2026-08-02,59.9,73.4,52.0,98.9,120.8,79.6,7626,69,0
cleveland-019,2026-08-03,67.8,82.9,38.9,95.5,117.4,77.5,8757,81,0
cleveland-019,2026-08-04,65.1,81.1,58.9,98.5,124.7,81.3,8771,80,0
cleveland-019,2026-08-05,51.1,56.2,46.1,96.3,119.0,74.1,4801,38,0
cleveland-019,2026-08-06,68.2,80.1,54.2,97.1,111.9,71.5,7304,61,0
cleveland-019,2026-08-07,57.9,75.4,58.6,97.9,126.0,78.8,9053,78,1
cleveland-020,2026-08-01,55.6,74.4,54.6,97.9,128.0,85.9,10227,98,0
cleveland-020,2026-08-02,68.8,76.0,72.8,96.3,114.2,70.5,5565,43,0
cleveland-020,2026-08-03,60.7,84.6,51.9,96.8,116.1,70.2,11576,106,0
cleveland-020,2026-08-04,60.4,69.3,51.4,94.8,110.1,67.1,3420,25,0
cleveland-020,2026-08-05,66.3,83.1,60.4,98.3,114.4,72.3,8781,76,0
cleveland-020,2026-08-06,58.9,71.6,48.1,96.3,123.3,77.9,6043,55,0
cleveland-020,2026-08-07,67.3,83.1,67.3,96.5,137.7,87.1,9350,85,0
cleveland-021,2026-08-01,62.7,73.4,39.4,98.5,139.9,89.1,7338,63,0
cleveland-021,2026-08-02,63.2,77.4,65.8,97.0,135.2,85.4,8227,72,0
cleveland-021,2026-08-03,60.0,77.7,57.1,98.2,131.6,79.5,9403,83,0
cleveland-021,2026-08-04,63.4,71.4,47.1,99.1,129.5,78.0,8943,70,0
cleveland-021,2026-08-05,63.6,77.5,53.9,96.2,126.0,79.4,8278,76,0
cleveland-021,2026-08-06,54.8,62.6,53.9,98.3,112.1,74.9,4711,38,0
cleveland-021,2026-08-07,53.2,55.0,56.8,98.3,124.0,84.1,5001,51,0
cleveland-022,2026-08-01,57.7,77.5,60.4,96.8,128.4,80.2,10370,93,0
cleveland-022,2026-08-02,67.2,82.5,47.9,96.9,124.5,80.9,7476,72,0
cleveland-022,2026-08-03,62.0,81.5,59.9,95.6,115.1,77.8,7551,70,0
cleveland-022,2026-08-04,65.1,75.6,75.6,97.3,117.6,74.6,7855,68,0
cleveland-022,2026-08-05,63.8,78.0,48.1,98.4,123.8,74.7,8077,66,0
cleveland-022,2026-08-06,64.3,71.5,50.9,97.0,121.1,76.5,6384,62,0
cleveland-022,2026-08-07,60.9,77.8,57.0,96.4,136.7,91.5,8792,72,0
cleveland-023,2026-08-01,66.0,80.9,35.8,96.4,143.8,92.5,5389,56,0
cleveland-023,2026-08-02,71.2,74.0,34.6,94.2,139.6,84.8,2909,28,0
cleveland-023,2026-08-03,78.4,90.7,31.6,96.5,121.9,82.7,5949,53,0
cleveland-023,2026-08-04,77.2,90.3,33.4,95.8,134.3,82.7,6115,56,0
cleveland-023,2026-08-05,74.5,93.6,32.6,98.2,124.6,84.2,7327,62,0
cleveland-023,2026-08-06,76.3,87.2,36.2,95.8,136.9,84.1,7387,68,0
cleveland-023,2026-08-07,76.1,81.0,41.2,96.7,136.3,83.8,3302,21,0
cleveland-024,2026-08-01,70.7,83.6,12.3,94.8,148.8,94.3,5514,43,0
cleveland-024,2026-08-02,73.6,81.5,54.6,97.5,136.0,86.8,4279,41,0
cleveland-024,2026-08-03,78.3,86.9,35.0,98.3,139.6,87.6,5508,54,0
cleveland-024,2026-08-04,74.3,77.0,43.9,96.0,127.2,81.0,2296,12,0
cleveland-024,2026-08-05,72.4,81.1,17.9,95.8,137.3,83.6,2242,18,0
cleveland-024,2026-08-06,74.7,85.9,36.9,96.3,145.7,89.5,6445,51,0
cleveland-024,2026-08-07,70.0,71.9,35.8,95.4,129.1,78.2,2877,27,0
cleveland-025,2026-08-01,68.0,70.1,30.7,95.4,151.2,92.8,4393,42,0
cleveland-025,2026-08-02,80.7,81.8,36.3,96.1,144.2,90.0,1179,2,0
cleveland-025,2026-08-03,78.0,84.3,32.7,94.1,127.8,83.0,4353,38,0
cleveland-025,2026-08-04,77.5,84.6,33.9,93.9,144.8,91.6,5331,53,1
cleveland-025,2026-08-05,68.9,78.2,41.2,94.3,130.9,87.7,4305,43,0
cleveland-025,2026-08-06,78.2,84.4,33.4,94.2,132.0,82.3,5486,42,0
cleveland-025,2026-08-07,71.3,81.1,24.2,95.4,132.7,81.5,6231,55,1
cleveland-026,2026-08-01,58.0,67.8,47.6,96.6,117.0,79.3,7716,73,0
cleveland-026,2026-08-02,60.4,68.3,59.5,97.5,109.7,67.7,7477,73,0
cleveland-026,2026-08-03,66.0,74.6,55.5,98.1,116.4,73.5,4507,29,0
cleveland-026,2026-08-04,59.4,75.4,45.7,96.1,121.2,79.4,8105,75,0
cleveland-026,2026-08-05,67.6,80.0,48.2,97.4,132.9,84.7,4865,42,0
cleveland-026,2026-08-06,62.0,73.4,55.0,97.1,125.3,78.0,7348,67,0
cleveland-026,2026-08-07,72.9,90.8,42.5,97.8,115.9,71.0,7508,72,0
cleveland-027,2026-08-01,67.0,75.4,35.2,99.1,128.1,85.8,4869,40,0
cleveland-027,2026-08-02,63.6,75.7,62.6,95.7,133.5,89.5,6698,53,0
cleveland-027,2026-08-03,60.6,74.9,59.1,96.0,125.2,80.2,9170,82,0
cleveland-027,2026-08-04,67.5,82.0,58.2,97.1,122.6,75.4,7764,61,0
cleveland-027,2026-08-05,72.0,82.6,45.1,97.4,140.9,95.7,5811,53,0
cleveland-027,2026-08-06,59.7,73.0,53.2,95.9,126.0,78.6,6655,52,0
cleveland-027,2026-08-07,59.5,77.7,51.7,96.0,115.5,74.5,9276,81,0
cleveland-028,2026-08-01,64.6,73.2,50.0,98.4,121.9,80.5,6425,51,0
cleveland-028,2026-08-02,65.3,73.7,47.4,99.9,111.1,66.9,4674,40,0
cleveland-028,2026-08-03,64.6,68.8,66.4,97.0,129.1,79.5,6409,55,0
cleveland-028,2026-08-04,63.2,79.1,43.0,97.6,121.5,76.1,7796,64,0
cleveland-028,2026-08-05,61.0,71.5,66.5,98.6,127.6,85.0,5752,52,0
cleveland-028,2026-08-06,63.5,68.5,49.4,96.1,122.1,76.6,4241,37,0
cleveland-028,2026-08-07,62.1,72.0,63.0,98.0,114.9,75.3,5310,45,0
cleveland-029,2026-08-01,63.8,87.1,53.0,96.9,115.1,74.3,9718,91,0
cleveland-029,2026-08-02,56.1,65.0,59.8,96.3,114.0,74.6,5837,47,0
cleveland-029,2026-08-03,63.6,78.3,51.9,100.0,116.9,77.3,5408,57,0
cleveland-029,2026-08-04,54.8,63.7,60.9,96.4,134.2,81.3,7911,59,0
cleveland-029,2026-08-05,65.1,74.5,68.1,95.9,123.7,76.4,4754,43,0
cleveland-029,2026-08-06,52.8,66.5,56.6,97.2,119.7,80.8,6942,62,0
cleveland-029,2026-08-07,58.6,67.7,59.9,95.6,125.3,80.2,7811,75,0
cleveland-030,2026-08-01,70.8,83.9,42.2,96.2,130.1,88.4,7353,69,0
cleveland-030,2026-08-02,72.8,84.8,52.0,96.6,126.3,78.9,7223,73,0
cleveland-030,2026-08-03,72.7,82.8,42.7,94.9,138.0,89.0,5833,54,0
cleveland-030,2026-08-04,66.1,70.0,37.6,96.0,142.2,95.0,3316,19,0
cleveland-030,2026-08-05,68.2,78.9,47.5,95.4,136.3,84.8,6884,64,1
cleveland-030,2026-08-06,73.9,90.6,45.4,94.6,140.2,89.1,8217,79,1
cleveland-030,2026-08-07,68.9,73.1,47.7,95.6,136.4,84.0,4663,39,0
cleveland-031,2026-08-01,56.8,71.0,55.9,99.3,140.3,86.7,7874,78,1
cleveland-031,2026-08-02,56.1,68.3,52.2,96.4,129.3,86.0,7547,73,0
cleveland-031,2026-08-03,55.5,63.0,48.0,96.9,113.5,71.9,5760,46,0
cleveland-031,2026-08-04,66.5,79.6,49.1,98.1,117.1,70.3,6835,59,0
cleveland-031,2026-08-05,66.1,76.0,54.5,94.6,138.2,89.7,5461,54,0
cleveland-031,2026-08-06,59.7,64.1,58.3,95.6,137.7,88.2,4423,37,0
cleveland-031,2026-08-07,67.0,75.9,36.3,97.1,119.7,78.9,4139,45,0
cleveland-032,2026-08-01,70.0,65.6,28.8,94.7,140.1,91.8,850,5,0
cleveland-032,2026-08-02,69.1,72.0,28.3,98.0,139.8,87.0,1577,11,0
cleveland-032,2026-08-03,76.4,81.9,25.6,95.7,134.0,89.9,3622,31,0
cleveland-032,2026-08-04,74.7,82.6,37.2,95.9,135.4,85.7,4350,38,0
cleveland-032,2026-08-05,67.4,76.1,41.4,94.1,141.2,87.5,5654,52,0
cleveland-032,2026-08-06,71.7,77.5,29.0,95.7,141.0,88.5,3323,23,0
cleveland-032,2026-08-07,73.7,88.1,43.0,96.1,142.8,94.7,4610,39,1
cleveland-033,2026-08-01,70.7,81.1,37.3,96.3,127.6,86.6,4425,34,0
cleveland-033,2026-08-02,68.3,75.1,48.1,96.7,140.2,94.7,4881,44,0
cleveland-033,2026-08-03,75.3,79.4,34.0,95.2,141.4,90.6,2194,12,0
cleveland-033,2026-08-04,74.2,83.4,30.0,97.3,135.8,84.8,3880,35,0
cleveland-033,2026-08-05,77.3,87.0,25.9,96.3,148.6,93.3,8044,69,0
cleveland-033,2026-08-06,76.0,90.0,37.8,96.1,130.1,78.5,2390,27,0
cleveland-033,2026-08-07,73.6,81.9,38.5,95.5,124.0,81.4,2627,16,1
cleveland-034,2026-08-01,64.1,77.3,51.1,97.3,133.7,80.4,7975,71,0
cleveland-034,2026-08-02,54.7,62.5,51.5,97.6,113.4,71.5,7116,53,0
cleveland-034,2026-08-03,64.1,74.1,44.4,97.7,134.2,90.5,6848,59,0
cleveland-034,2026-08-04,63.4,77.2,58.6,97.6,132.4,87.5,8432,81,0
cleveland-034,2026-08-05,68.8,84.2,55.7,95.8,118.6,71.5,6516,56,0
cleveland-034,2026-08-06,59.4,72.4,55.3,97.9,129.5,82.3,7377,69,0
cleveland-034,2026-08-07,63.0,72.9,55.3,98.3,130.0,83.2,5563,50,0
cleveland-035,2026-08-01,69.2,91.3,54.7,97.9,130.9,81.2,11903,106,0
cleveland-035,2026-08-02,58.9,80.3,60.8,98.3,124.1,80.3,7524,66,0
cleveland-035,2026-08-03,57.5,73.9,53.3,96.6,129.7,78.5,7924,71,0
cleveland-035,2026-08-04,56.0,69.9,60.6,98.1,124.2,80.4,8914,77,0
cleveland-035,2026-08-05,65.6,71.3,63.9,98.1,132.5,80.7,4618,38,0
cleveland-035,2026-08-06,56.0,73.8,56.5,96.3,124.3,77.1,8560,80,0
cleveland-035,2026-08-07,68.8,81.2,60.7,95.6,112.2,74.1,7726,69,0
cleveland-036,2026-08-01,62.2,74.5,65.4,96.6,111.8,69.3,8096,64,0
cleveland-036,2026-08-02,59.2,75.5,53.0,97.0,119.2,75.1,8873,86,0
cleveland-036,2026-08-03,61.8,79.2,64.4,97.1,127.9,86.8,10110,100,0
cleveland-036,2026-08-04,60.1,69.3,58.8,96.9,107.4,69.8,6401,58,0
cleveland-036,2026-08-05,61.0,71.7,60.8,98.1,140.4,91.5,8658,73,0
cleveland-036,2026-08-06,56.4,68.1,51.2,97.5,119.9,73.9,7236,71,0
cleveland-036,2026-08-07,63.8,75.7,63.5,96.9,106.5,64.3,7686,75,0
cleveland-037,2026-08-01,72.9,86.4,22.1,97.0,124.4,79.8,5984,59,0
cleveland-037,2026-08-02,67.1,73.3,42.3,95.8,139.3,86.8,6635,59,0
cleveland-037,2026-08-03,71.9,77.5,32.5,96.6,143.2,88.9,25,0,0
cleveland-037,2026-08-04,62.3,76.2,51.1,96.0,144.9,88.6,6365,59,0
cleveland-037,2026-08-05,74.1,86.7,28.6,96.4,145.3,95.6,4772,49,0
cleveland-037,2026-08-06,67.2,68.7,37.1,95.7,130.6,87.3,567,2,0
cleveland-037,2026-08-07,77.9,90.3,41.3,97.3,137.4,91.5,6042,61,0
cleveland-038,2026-08-01,73.8,88.6,34.0,96.4,158.6,101.8,5665,57,0
cleveland-038,2026-08-02,62.8,69.3,40.4,93.8,151.7,92.7,6709,56,1
cleveland-038,2026-08-03,72.2,89.8,32.4,96.1,163.4,98.6,6799,66,0
cleveland-038,2026-08-04,64.1,74.3,34.8,96.8,129.8,80.5,3664,40,0
cleveland-038,2026-08-05,74.8,88.0,36.0,96.2,127.8,79.2,5180,48,0
cleveland-038,2026-08-06,78.6,92.2,28.3,95.6,142.8,91.3,7574,74,1
cleveland-038,2026-08-07,75.5,82.2,27.5,95.8,137.5,83.5,4271,26,0
cleveland-039,2026-08-01,72.2,78.3,36.3,95.7,145.1,93.9,4069,40,0
cleveland-039,2026-08-02,74.7,75.8,46.0,96.0,120.4,73.8,2012,19,0
cleveland-039,2026-08-03,70.2,80.5,35.5,95.4,143.3,93.5,6764,62,0
cleveland-039,2026-08-04,74.3,72.2,30.1,94.4,140.6,90.3,730,3,0
cleveland-039,2026-08-05,65.2,65.8,25.5,97.1,150.2,97.2,3862,38,0
cleveland-039,2026-08-06,70.9,86.2,49.4,95.6,138.9,85.5,8792,77,0
cleveland-039,2026-08-07,65.9,71.5,45.2,95.0,138.9,91.9,3275,24,1
cleveland-040,2026-08-01,62.4,79.1,53.5,98.1,116.8,72.0,8404,89,0
cleveland-040,2026-08-02,66.0,75.6,59.5,97.0,121.9,82.3,5440,47,0
cleveland-040,2026-08-03,60.5,69.2,38.2,95.6,114.2,76.1,6651,54,0
cleveland-040,2026-08-04,61.1,74.3,63.5,98.2,125.6,84.6,6150,57,0
cleveland-040,2026-08-05,63.0,81.3,36.6,97.7,132.4,79.6,10199,88,0
cleveland-040,2026-08-06,62.5,73.8,52.0,97.6,133.1,83.5,6925,67,0
cleveland-040,2026-08-07,59.9,73.5,61.6,99.7,124.4,84.1,5943,60,0
cleveland-041,2026-08-01,77.5,86.8,37.4,97.2,148.8,98.2,5195,51,1
cleveland-041,2026-08-02,80.3,91.6,35.2,96.8,141.6,91.3,4569,48,0
cleveland-041,2026-08-03,72.6,81.9,47.8,95.8,124.3,75.3,5778,52,0
cleveland-041,2026-08-04,71.3,77.3,42.7,96.5,142.7,95.8,4235,43,1
cleveland-041,2026-08-05,76.0,85.3,38.5,96.5,144.2,94.2,5967,54,1
cleveland-041,2026-08-06,81.6,87.3,19.6,96.5,125.4,84.1,3769,23,0
cleveland-041,2026-08-07,65.1,79.8,40.2,97.4,153.9,103.5,4632,48,0
cleveland-042,2026-08-01,56.0,82.6,61.9,97.9,104.0,64.8,11966,111,0
cleveland-042,2026-08-02,59.5,80.2,63.3,96.7,111.6,68.8,10345,89,0
cleveland-042,2026-08-03,61.1,74.4,63.9,98.5,121.0,79.7,8431,79,0
cleveland-042,2026-08-04,61.6,77.9,66.0,95.9,112.8,76.1,8391,66,0
cleveland-042,2026-08-05,65.4,78.7,59.5,97.7,130.9,83.7,6087,54,0
cleveland-042,2026-08-06,53.1,67.9,66.8,96.9,116.7,74.4,6652,60,0
cleveland-042,2026-08-07,66.4,82.6,54.8,96.8,134.1,82.1,6881,61,0
cleveland-043,2026-08-01,61.1,77.6,49.1,97.6,119.1,75.1,6489,64,0
cleveland-043,2026-08-02,63.5,75.5,54.7,96.9,133.3,84.1,4735,38,0
cleveland-043,2026-08-03,71.0,75.3,45.3,97.8,149.5,92.7,3063,34,0
cleveland-043,2026-08-04,62.1,68.6,51.5,96.5,126.4,84.0,4665,38,0
cleveland-043,2026-08-05,62.7,77.2,50.4,97.1,125.6,75.4,5299,51,0
cleveland-043,2026-08-06,66.3,76.4,47.5,97.9,142.1,91.8,3287,32,0
cleveland-043,2026-08-07,68.4,74.9,43.9,96.0,129.3,82.7,6048,61,0
cleveland-044,2026-08-01,58.5,74.1,53.1,97.1,137.6,90.2,7911,72,0
cleveland-044,2026-08-02,66.0,69.8,44.7,98.3,135.7,86.2,6702,62,0
cleveland-044,2026-08-03,62.1,74.7,53.2,98.2,124.3,78.1,6765,61,0
cleveland-044,2026-08-04,66.8,78.2,44.9,97.7,136.6,84.3,7343,63,0
cleveland-044,2026-08-05,61.9,79.6,68.3,96.2,114.5,77.7,10129,89,0
cleveland-044,2026-08-06,58.8,67.5,51.7,100.0,137.5,83.2,8185,70,0
cleveland-044,2026-08-07,67.2,75.7,62.0,97.0,123.5,82.7,5126,48,0
cleveland-045,2026-08-01,73.4,83.1,43.5,94.8,145.2,90.5,6080,59,0
cleveland-045,2026-08-02,70.8,88.1,42.0,95.5,133.3,87.8,7884,75,0
cleveland-045,2026-08-03,75.2,86.4,32.9,95.8,135.7,85.4,5730,49,0
cleveland-045,2026-08-04,78.9,87.5,29.6,96.5,149.1,90.2,4900,44,0
cleveland-045,2026-08-05,71.1,85.6,46.7,95.9,132.4,86.5,6710,64,0
cleveland-045,2026-08-06,75.2,79.9,29.8,95.7,148.2,93.8,2962,22,0
cleveland-045,2026-08-07,65.2,71.9,37.1,94.6,133.8,83.2,3973,33,1
cleveland-046,2026-08-01,66.6,73.9,42.2,96.8,146.3,90.4,5403,52,1
cleveland-046,2026-08-02,72.0,81.7,50.7,97.9,123.8,84.0,3217,34,0
cleveland-046,2026-08-03,74.4,86.5,35.1,96.6,140.8,95.7,5000,44,1
cleveland-046,2026-08-04,75.4,87.1,30.6,95.0,133.6,85.9,6280,61,0
cleveland-046,2026-08-05,77.9,84.1,37.9,95.2,152.9,91.8,5092,44,0
cleveland-046,2026-08-06,75.0,87.2,29.7,99.1,129.0,83.5,5783,60,0
cleveland-046,2026-08-07,65.1,63.5,30.5,94.9,121.7,73.1,827,0,1
cleveland-047,2026-08-01,63.0,78.1,58.8,98.4,129.8,87.8,7376,68,0
cleveland-047,2026-08-02,59.8,66.6,53.7,96.7,126.8,76.2,6186,52,0
cleveland-047,2026-08-03,61.7,76.7,49.5,98.3,118.0,76.2,9218,81,0
cleveland-047,2026-08-04,66.0,78.7,56.6,96.3,127.9,84.0,10778,97,0
cleveland-047,2026-08-05,69.2,76.6,69.0,99.3,113.8,68.8,6080,56,0
cleveland-047,2026-08-06,58.7,72.9,63.6,98.3,125.5,80.0,6819,58,0
cleveland-047,2026-08-07,65.6,81.8,50.4,94.8,107.1,65.0,6657,56,0
cleveland-048,2026-08-01,71.3,86.5,36.4,95.9,138.8,91.0,5985,58,1
cleveland-048,2026-08-02,74.3,86.0,36.4,93.5,117.6,75.9,6181,56,0
cleveland-048,2026-08-03,66.2,69.7,38.5,96.3,130.1,80.7,2345,28,0
cleveland-048,2026-08-04,71.1,79.0,47.0,95.9,136.5,92.0,5439,51,0
cleveland-048,2026-08-05,68.8,76.5,57.1,95.9,150.7,98.2,5691,45,1
cleveland-048,2026-08-06,77.6,87.7,40.5,97.4,142.5,88.3,5118,58,0
cleveland-048,2026-08-07,66.4,75.4,57.4,96.8,133.7,90.6,6462,68,0
cleveland-049,2026-08-01,61.6,80.0,35.7,98.6,124.1,76.6,10997,98,0
cleveland-049,2026-08-02,67.4,76.2,47.0,96.9,136.0,91.6,3069,21,0
cleveland-049,2026-08-03,60.5,69.8,50.1,97.5,133.1,82.0,5236,48,0
cleveland-049,2026-08-04,58.6,69.4,54.4,98.6,130.9,81.7,6577,55,0
cleveland-049,2026-08-05,63.0,79.9,44.4,97.0,128.3,79.8,7623,71,0
cleveland-049,2026-08-06,67.5,74.1,44.0,96.6,125.8,82.4,4701,40,0
cleveland-049,2026-08-07,62.2,74.2,60.9,97.7,148.7,89.9,6227,56,0
cleveland-050,2026-08-01,70.0,84.4,48.9,98.4,125.4,82.6,8677,85,1
cleveland-050,2026-08-02,54.8,66.8,45.6,98.5,119.3,74.7,7703,67,0
cleveland-050,2026-08-03,57.1,66.7,48.5,97.7,132.2,85.7,6092,60,0
cleveland-050,2026-08-04,57.2,68.9,66.3,96.8,141.6,96.1,5461,47,0
cleveland-050,2026-08-05,61.4,75.9,56.1,98.3,124.7,79.7,5826,54,0
cleveland-050,2026-08-06,64.8,75.0,58.0,98.2,117.5,70.8,5806,46,0
cleveland-050,2026-08-07,64.5,79.4,60.1,97.7,128.5,84.9,8033,69,0
cleveland-051,2026-08-01,57.2,78.2,60.3,96.9,115.8,70.3,10108,97,0
cleveland-051,2026-08-02,59.1,75.0,84.2,97.3,122.8,76.9,8500,81,0
cleveland-051,2026-08-03,60.9,80.3,62.1,96.6,124.3,81.0,6735,57,0
cleveland-051,2026-08-04,54.1,70.9,54.3,97.4,125.4,78.1,9047,79,0
cleveland-051,2026-08-05,57.4,77.2,52.6,96.3,130.1,81.6,9587,87,0
cleveland-051,2026-08-06,63.4,73.6,61.3,98.1,123.9,82.3,5133,43,0
cleveland-051,2026-08-07,54.4,63.3,52.1,96.8,117.3,73.5,5270,43,0
cleveland-052,2026-08-01,63.0,76.7,60.0,96.2,124.6,81.9,5997,51,0
cleveland-052,2026-08-02,67.9,83.0,54.9,97.2,130.8,81.4,8587,75,0
cleveland-052,2026-08-03,66.3,87.7,43.3,98.5,130.7,86.0,8924,92,0
cleveland-052,2026-08-04,63.8,74.9,38.2,95.7,128.8,87.0,5103,46,0
cleveland-052,2026-08-05,61.7,78.9,63.6,96.4,134.3,90.7,7732,75,0
cleveland-052,2026-08-06,58.9,70.4,60.4,96.6,128.8,77.4,7623,70,0
cleveland-052,2026-08-07,67.0,83.0,53.0,98.6,126.1,77.9,8489,75,0
cleveland-053,2026-08-01,76.9,88.1,33.8,95.7,136.2,84.9,6089,63,1
cleveland-053,2026-08-02,59.4,66.8,40.5,95.7,127.9,82.8,4907,43,1
cleveland-053,2026-08-03,65.8,80.6,48.5,93.9,128.4,82.8,8633,82,0
cleveland-053,2026-08-04,67.4,74.6,48.9,94.6,144.9,90.8,3643,32,0
cleveland-053,2026-08-05,72.6,82.8,36.2,96.6,139.2,89.2,4700,43,0
cleveland-053,2026-08-06,74.1,84.0,48.7,99.1,139.9,90.2,6762,56,0
cleveland-053,2026-08-07,72.9,84.9,39.5,96.1,145.0,98.3,5203,43,1
cleveland-054,2026-08-01,53.9,69.5,56.3,97.7,128.3,85.5,8206,77,0
cleveland-054,2026-08-02,59.3,72.4,59.0,97.5,104.3,68.1,7796,69,0
cleveland-054,2026-08-03,56.0,70.3,45.8,97.2,128.1,85.6,9102,75,0
cleveland-054,2026-08-04,61.1,75.8,63.2,96.6,121.8,82.1,9181,79,0
cleveland-054,2026-08-05,57.9,61.9,54.7,96.5,122.7,73.7,3628,34,0
cleveland-054,2026-08-06,55.2,62.4,59.1,97.2,124.0,81.9,7235,58,0
cleveland-054,2026-08-07,60.3,74.5,54.0,98.1,118.7,80.1,7194,66,0
cleveland-055,2026-08-01,70.1,69.9,34.7,96.4,139.0,92.2,1986,15,0
cleveland-055,2026-08-02,69.6,73.9,26.9,96.6,144.7,93.2,4306,29,0
cleveland-055,2026-08-03,76.0,90.1,29.5,97.1,125.6,81.0,6052,63,0
cleveland-055,2026-08-04,66.6,73.2,34.9,93.8,121.0,73.9,4130,32,0
cleveland-055,2026-08-05,76.5,96.0,36.3,97.2,139.3,90.8,6690,55,0
cleveland-055,2026-08-06,74.3,87.4,39.5,97.9,146.4,99.4,7301,64,0
cleveland-055,2026-08-07,74.9,90.2,30.0,96.1,136.7,91.5,8343,76,0
cleveland-056,2026-08-01,76.3,85.8,34.7,95.6,146.6,88.5,4977,37,0
cleveland-056,2026-08-02,74.7,84.0,49.0,95.2,139.9,87.3,4635,45,0
cleveland-056,2026-08-03,66.6,73.6,26.3,96.5,156.3,95.2,1632,21,0
cleveland-056,2026-08-04,70.6,75.9,46.1,96.6,126.0,84.9,1197,9,0
cleveland-056,2026-08-05,69.9,84.1,44.5,97.0,149.5,100.0,6991,67,0
cleveland-056,2026-08-06,70.9,87.7,27.7,95.0,135.2,85.3,7638,69,1
cleveland-056,2026-08-07,70.9,81.3,42.1,95.8,149.6,100.7,2902,27,0
cleveland-057,2026-08-01,73.0,82.5,43.1,95.0,141.3,85.8,4098,42,0
cleveland-057,2026-08-02,73.0,77.5,38.3,96.0,142.7,96.3,5297,46,0
cleveland-057,2026-08-03,77.5,95.8,41.8,94.7,122.9,82.5,8035,72,1
cleveland-057,2026-08-04,73.1,81.2,28.1,96.9,133.7,85.1,3759,35,0
cleveland-057,2026-08-05,72.9,78.0,36.6,95.4,151.2,102.4,3855,37,1
cleveland-057,2026-08-06,75.4,84.3,25.1,96.9,134.5,83.7,5962,57,1
cleveland-057,2026-08-07,71.7,83.8,28.7,95.8,149.2,99.8,6516,53,0
cleveland-058,2026-08-01,72.8,77.6,48.2,96.4,133.8,80.9,2213,21,0
cleveland-058,2026-08-02,64.5,74.7,47.1,98.1,135.2,85.2,6186,66,0
cleveland-058,2026-08-03,66.7,85.4,37.5,96.0,146.6,94.7,6436,56,1
cleveland-058,2026-08-04,67.6,74.8,27.7,97.4,143.2,89.9,3128,35,1
cleveland-058,2026-08-05,63.3,68.9,53.6,96.8,134.1,85.0,4252,35,0
cleveland-058,2026-08-06,70.4,82.4,27.1,96.9,145.2,87.8,6256,55,0
cleveland-058,2026-08-07,66.4,76.7,50.3,95.9,152.7,100.8,3963,42,0
cleveland-059,2026-08-01,66.6,80.9,50.1,97.4,122.2,81.6,6770,68,0
cleveland-059,2026-08-02,55.6,64.0,68.7,97.4,117.9,79.3,4585,48,0
cleveland-059,2026-08-03,62.1,76.8,66.8,97.8,131.4,81.1,8366,77,0
cleveland-059,2026-08-04,58.2,67.5,55.4,97.5,127.4,78.5,7811,70,0
cleveland-059,2026-08-05,57.4,66.4,41.5,97.6,128.1,86.4,8265,65,0
cleveland-059,2026-08-06,57.7,71.3,60.2,96.8,124.5,78.0,8255,75,0
cleveland-059,2026-08-07,62.9,72.5,45.6,97.9,147.4,96.7,8538,77,0
cleveland-060,2026-08-01,66.5,73.1,50.1,96.8,121.5,81.9,5171,46,0
cleveland-060,2026-08-02,58.3,72.3,60.6,97.3,121.4,78.3,7124,63,0
cleveland-060,2026-08-03,60.8,76.9,57.0,96.7,115.3,70.8,8180,76,0
cleveland-060,2026-08-04,64.2,79.6,63.9,98.4,122.1,78.8,7791,73,0
cleveland-060,2026-08-05,58.5,74.5,62.0,100.0,119.6,77.8,6576,57,0
cleveland-060,2026-08-06,59.5,76.7,43.7,96.7,107.6,68.7,12419,111,0
cleveland-060,2026-08-07,58.5,72.6,66.8,97.2,117.3,73.0,8743,78,0
cleveland-061,2026-08-01,70.8,84.8,28.2,96.4,120.9,75.3,6546,61,0
cleveland-061,2026-08-02,76.1,83.9,45.8,96.4,145.3,95.4,4388,33,0
cleveland-061,2026-08-03,75.8,73.8,30.9,95.1,141.1,87.6,1785,18,0
cleveland-061,2026-08-04,76.8,90.0,53.0,94.8,134.0,80.4,8386,73,0
cleveland-061,2026-08-05,69.9,76.6,44.2,94.5,135.5,92.0,3280,34,1
cleveland-061,2026-08-06,68.4,74.9,36.6,96.3,145.8,94.7,3682,34,0
cleveland-061,2026-08-07,72.5,79.5,36.0,95.5,134.8,84.9,4417,36,0
cleveland-062,2026-08-01,66.9,78.9,55.7,98.5,132.8,83.8,7225,64,0
cleveland-062,2026-08-02,61.6,78.3,60.0,96.4,113.0,71.0,7284,62,0
cleveland-062,2026-08-03,63.0,82.3,57.0,97.2,120.2,77.8,7446,69,0
cleveland-062,2026-08-04,51.3,62.3,57.4,100.0,129.5,78.5,8668,75,0
cleveland-062,2026-08-05,61.0,77.0,43.2,96.4,121.8,76.0,8315,69,0
cleveland-062,2026-08-06,67.2,82.7,44.4,96.4,125.5,76.4,8172,77,0
cleveland-062,2026-08-07,58.7,73.0,48.5,96.2,125.4,79.6,8180,67,0
cleveland-063,2026-08-01,78.1,82.5,38.5,97.2,131.9,80.6,3099,26,0
cleveland-063,2026-08-02,67.6,75.2,24.6,93.7,129.2,79.8,1987,11,0
cleveland-063,2026-08-03,73.7,74.7,41.1,96.7,125.0,75.2,1952,29,0
cleveland-063,2026-08-04,68.3,69.8,24.0,97.4,160.6,103.2,2488,11,1
cleveland-063,2026-08-05,69.8,75.7,37.7,96.4,141.7,85.5,2882,29,0
cleveland-063,2026-08-06,75.6,90.5,24.6,94.6,132.0,82.5,6224,58,0
cleveland-063,2026-08-07,73.3,79.6,45.5,96.5,139.4,87.6,5072,44,0
cleveland-064,2026-08-01,66.8,86.1,54.9,98.8,106.0,70.0,7172,61,0
cleveland-064,2026-08-02,60.2,74.3,55.6,95.5,116.9,76.4,6112,51,0
cleveland-064,2026-08-03,63.9,69.8,51.7,97.3,116.5,78.9,5365,45,0
cleveland-064,2026-08-04,62.7,78.8,57.2,99.2,117.7,72.3,7807,69,0
cleveland-064,2026-08-05,63.2,74.5,53.3,97.1,111.4,68.3,6125,50,0
cleveland-064,2026-08-06,58.2,75.7,57.6,96.5,121.0,78.6,8328,72,0
cleveland-064,2026-08-07,59.3,80.1,45.3,97.8,131.8,85.3,11274,109,0
cleveland-065,2026-08-01,73.7,87.2,30.6,97.2,141.0,85.7,6281,65,0
cleveland-065,2026-08-02,77.9,82.1,45.1,95.7,137.8,91.1,5696,44,0
cleveland-065,2026-08-03,68.0,74.4,32.2,96.6,136.2,85.9,2841,23,0
cleveland-065,2026-08-04,69.0,77.1,38.6,98.2,137.6,87.3,4732,43,0
cleveland-065,2026-08-05,66.1,77.3,29.6,95.9,136.3,87.5,4726,43,0
cleveland-065,2026-08-06,73.4,84.2,33.0,96.6,141.1,87.5,4347,43,0
cleveland-065,2026-08-07,71.5,79.0,39.3,97.1,131.9,81.3,5371,50,0
cleveland-066,2026-08-01,72.4,81.9,17.5,95.8,137.8,88.6,7323,60,0
cleveland-066,2026-08-02,70.8,82.3,32.1,95.5,149.2,101.3,4915,42,1
cleveland-066,2026-08-03,69.5,73.9,21.5,95.6,146.0,88.8,4885,40,1
cleveland-066,2026-08-04,65.7,74.0,39.7,96.8,143.2,91.9,5791,53,1
cleveland-066,2026-08-05,71.3,82.2,41.5,93.6,150.7,99.4,4828,46,0
cleveland-066,2026-08-06,74.9,78.6,28.8,95.4,149.4,91.0,3503,28,1
cleveland-066,2026-08-07,68.8,73.2,38.1,96.7,138.5,86.8,4227,37,0
cleveland-067,2026-08-01,69.7,80.1,38.0,95.9,129.8,78.2,7264,67,1
cleveland-067,2026-08-02,72.2,80.7,62.9,96.3,135.8,90.5,1461,13,0
cleveland-067,2026-08-03,65.8,72.7,32.1,97.5,142.6,89.5,3541,29,0
cleveland-067,2026-08-04,77.0,81.9,38.9,94.7,127.3,79.2,2353,20,0
cleveland-067,2026-08-05,68.7,73.4,34.5,96.5,148.8,98.7,4907,40,0
cleveland-067,2026-08-06,74.4,88.9,37.9,93.9,132.2,86.7,4917,37,1
cleveland-067,2026-08-07,74.3,88.6,38.4,95.6,132.7,90.2,6580,63,1
cleveland-068,2026-08-01,67.0,74.4,48.6,97.8,109.0,70.5,7817,67,0
cleveland-068,2026-08-02,70.3,86.8,66.5,97.2,123.8,79.8,9264,82,0
cleveland-068,2026-08-03,64.1,79.3,54.3,97.4,136.2,91.9,8104,82,0
cleveland-068,2026-08-04,64.0,78.4,81.5,96.3,117.5,75.7,7960,82,0
cleveland-068,2026-08-05,66.5,82.4,61.0,96.5,136.4,91.0,8324,76,0
cleveland-068,2026-08-06,64.4,78.9,55.6,96.7,114.3,77.3,7644,69,0
cleveland-068,2026-08-07,59.3,68.5,67.1,97.2,119.8,80.5,3939,31,0
cleveland-069,2026-08-01,77.1,83.1,47.7,95.6,141.6,96.1,3979,40,1
cleveland-069,2026-08-02,69.4,80.5,38.3,97.2,137.3,84.2,2871,28,0
cleveland-069,2026-08-03,71.1,84.2,41.7,95.8,135.6,83.8,7355,54,0
cleveland-069,2026-08-04,71.0,75.8,49.1,95.3,132.9,87.8,5564,48,0
cleveland-069,2026-08-05,77.7,90.4,36.2,96.5,136.6,90.7,7839,70,0
cleveland-069,2026-08-06,69.7,78.4,30.8,96.0,139.0,85.2,8585,79,1
cleveland-069,2026-08-07,72.8,80.1,35.9,96.2,138.7,88.9,5923,51,0
cleveland-070,2026-08-01,67.8,78.6,41.0,94.5,136.8,84.7,4608,47,0
cleveland-070,2026-08-02,63.6,74.8,54.8,94.8,149.5,92.5,6444,54,0
cleveland-070,2026-08-03,70.8,79.4,38.2,94.0,145.8,92.0,4532,38,0
cleveland-070,2026-08-04,61.6,67.1,43.4,96.5,134.0,84.0,5565,43,0
cleveland-070,2026-08-05,74.0,82.6,37.2,95.6,153.3,94.2,6015,52,0
cleveland-070,2026-08-06,74.5,75.1,43.7,95.8,134.5,81.1,2606,20,0
cleveland-070,2026-08-07,74.2,82.5,22.5,94.5,134.6,89.2,3021,37,0
cleveland-071,2026-08-01,60.7,69.7,57.3,97.1,123.9,82.8,3817,42,0
cleveland-071,2026-08-02,59.2,65.0,44.1,96.3,128.8,77.4,5914,48,0
cleveland-071,2026-08-03,61.6,72.1,46.0,99.0,125.8,78.7,5790,53,0
cleveland-071,2026-08-04,69.2,80.7,50.4,98.2,119.7,79.1,5189,53,0
cleveland-071,2026-08-05,68.9,79.0,60.8,98.3,113.7,74.4,4943,48,0
cleveland-071,2026-08-06,62.7,80.7,39.5,97.4,111.6,72.9,7430,77,1
cleveland-071,2026-08-07,66.8,78.1,40.3,96.5,129.5,87.9,6683,55,0
cleveland-072,2026-08-01,75.5,82.5,33.0,97.4,141.1,93.1,4015,29,0
cleveland-072,2026-08-02,83.7,96.1,27.8,95.7,135.8,83.2,5147,46,0
cleveland-072,2026-08-03,77.7,81.1,37.1,96.0,138.2,86.9,2989,28,1
cleveland-072,2026-08-04,77.3,88.8,27.4,96.5,143.3,95.7,5824,54,0
cleveland-072,2026-08-05,75.5,79.6,34.6,96.1,135.2,86.5,2569,25,0
cleveland-072,2026-08-06,70.2,75.1,26.9,95.0,143.9,93.5,3598,21,0
cleveland-072,2026-08-07,67.8,78.8,41.5,94.7,148.2,100.4,7342,70,0
cleveland-073,2026-08-01,75.5,87.5,32.5,95.8,151.2,96.1,4849,48,0
cleveland-073,2026-08-02,71.9,78.1,20.6,94.9,142.6,88.6,4819,49,0
cleveland-073,2026-08-03,73.8,86.6,28.9,97.4,147.9,90.8,7914,64,0
cleveland-073,2026-08-04,69.4,73.9,37.0,94.9,146.0,90.1,5175,37,0
cleveland-073,2026-08-05,73.1,82.1,13.0,97.2,141.0,85.8,6475,55,0
cleveland-073,2026-08-06,80.2,83.0,47.5,96.4,143.9,95.7,2422,25,1
cleveland-073,2026-08-07,72.1,82.8,38.6,96.1,112.1,68.4,5840,55,0
cleveland-074,2026-08-01,74.7,77.0,37.0,97.0,143.8,91.7,160,0,0
cleveland-074,2026-08-02,76.7,83.0,34.7,97.3,137.8,91.3,5460,57,0
cleveland-074,2026-08-03,72.8,83.3,40.3,97.5,142.7,87.5,5912,58,0
cleveland-074,2026-08-04,78.2,88.6,48.6,96.7,140.9,86.2,5553,49,0
cleveland-074,2026-08-05,78.7,83.2,24.4,95.6,141.4,91.7,3789,31,0
cleveland-074,2026-08-06,62.3,73.0,25.5,98.7,145.8,88.1,4474,41,0
cleveland-074,2026-08-07,75.1,73.2,29.2,96.8,134.2,85.3,1382,4,0
cleveland-075,2026-08-01,71.6,79.2,31.3,92.9,125.9,81.0,4405,47,0
cleveland-075,2026-08-02,70.3,77.6,40.5,95.2,134.7,85.6,5801,51,0
cleveland-075,2026-08-03,72.1,78.6,37.3,96.1,134.5,85.5,5621,47,1
cleveland-075,2026-08-04,68.9,89.5,45.4,95.3,157.9,106.3,7842,75,0
cleveland-075,2026-08-05,60.1,77.1,37.3,96.6,136.6,85.0,7872,73,0
cleveland-075,2026-08-06,66.0,69.1,53.8,96.1,129.6,79.9,4326,35,0
cleveland-075,2026-08-07,69.6,78.1,36.1,97.1,137.9,88.4,4157,37,0
cleveland-076,2026-08-01,63.1,71.9,60.1,97.5,133.6,86.1,3487,33,0
cleveland-076,2026-08-02,65.2,73.9,48.7,96.7,131.5,87.2,5740,57,0
cleveland-076,2026-08-03,70.0,72.1,58.4,97.1,129.1,77.6,1807,11,0
cleveland-076,2026-08-04,64.5,74.6,60.5,97.2,117.0,71.5,6162,55,0
cleveland-076,2026-08-05,54.5,68.5,48.4,97.5,119.5,80.8,8213,74,0
cleveland-076,2026-08-06,63.1,64.8,50.9,97.3,128.8,84.1,4535,35,0
cleveland-076,2026-08-07,64.5,75.1,55.5,96.1,142.6,92.2,7052,68,0
cleveland-077,2026-08-01,73.5,85.4,58.1,96.3,153.7,99.6,5437,44,1
cleveland-077,2026-08-02,79.2,85.2,36.9,93.3,136.2,86.5,4348,43,0
cleveland-077,2026-08-03,72.5,77.4,35.5,95.7,150.3,93.6,5338,48,0
cleveland-077,2026-08-04,72.8,87.0,51.1,96.6,123.7,75.4,6094,54,0
cleveland-077,2026-08-05,74.2,84.5,42.0,95.6,135.4,85.5,5510,52,0
cleveland-077,2026-08-06,70.9,78.1,24.6,98.0,133.8,83.4,4656,42,0
cleveland-077,2026-08-07,72.6,80.4,36.6,93.6,156.2,101.6,5820,46,0
cleveland-078,2026-08-01,67.3,75.4,51.7,98.3,117.1,77.6,6938,69,0
cleveland-078,2026-08-02,53.6,63.0,47.7,96.7,108.5,72.5,3753,29,0
cleveland-078,2026-08-03,62.1,81.0,48.4,96.0,112.7,67.7,8942,85,0
cleveland-078,2026-08-04,61.5,70.9,53.8,97.3,141.3,91.4,6957,69,0
cleveland-078,2026-08-05,59.3,73.7,54.6,95.9,128.4,78.7,8295,71,0
cleveland-078,2026-08-06,60.1,64.5,73.6,97.6,112.3,73.7,4946,38,0
cleveland-078,2026-08-07,65.1,77.9,61.0,98.0,113.1,73.9,7869,68,0
cleveland-079,2026-08-01,59.6,70.2,59.3,99.1,120.7,74.7,8521,70,0
cleveland-079,2026-08-02,57.5,67.7,56.7,98.1,133.5,84.8,6712,50,0
cleveland-079,2026-08-03,61.7,71.2,74.3,98.7,129.3,83.7,6591,59,0
cleveland-079,2026-08-04,62.4,78.9,48.7,98.7,123.2,75.8,7422,68,0
cleveland-079,2026-08-05,64.3,86.5,58.9,96.2,109.5,67.7,9667,89,0
cleveland-079,2026-08-06,63.7,70.3,50.2,99.2,127.1,79.0,6312,58,0
cleveland-079,2026-08-07,57.1,76.3,60.4,97.0,119.9,80.8,7224,75,0
cleveland-080,2026-08-01,72.3,82.5,42.7,97.1,131.3,84.1,1585,20,1
cleveland-080,2026-08-02,63.9,71.0,40.8,95.1,132.8,84.1,5323,45,0
cleveland-080,2026-08-03,70.8,67.8,27.1,95.7,141.8,93.7,2320,26,0
cleveland-080,2026-08-04,70.0,75.6,37.1,96.6,148.9,96.0,5920,54,0
cleveland-080,2026-08-05,66.7,76.3,39.3,96.4,141.2,94.2,6354,49,0
cleveland-080,2026-08-06,69.7,77.0,39.4,97.1,135.7,82.0,4954,40,0
cleveland-080,2026-08-07,69.7,80.0,39.4,96.2,124.4,76.8,5629,47,1
cleveland-081,2026-08-01,55.4,62.0,47.2,99.2,124.7,75.2,5968,51,0
cleveland-081,2026-08-02,57.4,61.9,67.2,97.1,112.1,75.3,2926,25,0
cleveland-081,2026-08-03,53.0,70.7,67.8,98.3,132.8,79.7,9475,78,0
cleveland-081,2026-08-04,53.9,63.8,49.5,97.5,114.1,74.4,4395,29,0
cleveland-081,2026-08-05,56.5,69.7,50.1,97.5,130.7,78.9,7916,77,1
cleveland-081,2026-08-06,60.4,68.7,56.3,97.1,122.2,73.3,5762,56,1
cleveland-081,2026-08-07,59.3,76.6,61.4,95.4,129.5,84.8,9845,87,0
cleveland-082,2026-08-01,60.6,72.8,65.6,97.5,127.2,79.0,8816,76,0
cleveland-082,2026-08-02,62.1,77.6,53.9,98.2,135.2,81.9,5968,47,0
cleveland-082,2026-08-03,63.6,79.8,45.0,97.5,128.1,79.9,9226,95,0
cleveland-082,2026-08-04,58.2,68.4,68.5,98.5,122.3,73.4,5820,57,0
cleveland-082,2026-08-05,64.1,85.7,54.2,97.3,123.6,76.0,10253,96,0
cleveland-082,2026-08-06,58.9,75.7,60.9,97.7,110.7,72.2,7140,62,0
cleveland-082,2026-08-07,67.2,77.4,57.8,97.6,115.1,76.0,7313,59,0
cleveland-083,2026-08-01,61.3,68.9,64.3,96.9,124.2,83.3,2754,22,0
cleveland-083,2026-08-02,60.1,79.8,73.3,96.7,120.0,79.9,10849,98,0
cleveland-083,2026-08-03,62.2,65.2,53.6,96.9,124.5,77.7,4108,37,0
cleveland-083,2026-08-04,60.3,82.3,53.4,96.8,103.0,64.5,9749,99,0
cleveland-083,2026-08-05,57.9,73.1,52.9,99.6,118.3,71.9,10428,86,0
cleveland-083,2026-08-06,59.3,76.0,60.1,100.0,110.3,68.7,9029,82,0
cleveland-083,2026-08-07,60.0,73.9,64.7,97.8,125.1,78.4,9606,87,0
cleveland-084,2026-08-01,73.1,70.9,34.5,95.5,132.8,84.3,1442,11,0
cleveland-084,2026-08-02,72.4,77.2,21.8,96.4,147.9,96.6,3628,35,1
cleveland-084,2026-08-03,78.7,94.6,39.5,96.6,149.6,98.4,6851,64,0
cleveland-084,2026-08-04,74.1,82.5,30.2,96.4,138.4,93.3,1559,11,0
cleveland-084,2026-08-05,73.0,85.4,25.4,96.3,134.6,90.3,5942,50,0
cleveland-084,2026-08-06,78.2,87.4,33.6,99.2,150.7,98.3,2838,25,0
cleveland-084,2026-08-07,79.9,84.6,38.7,94.7,145.6,89.6,1737,16,0
cleveland-085,2026-08-01,63.5,68.7,60.3,96.5,122.3,83.0,3728,37,0
cleveland-085,2026-08-02,66.0,77.9,51.1,98.1,117.3,72.3,7556,66,0
cleveland-085,2026-08-03,55.4,66.7,59.1,96.5,131.4,81.7,8017,68,0
cleveland-085,2026-08-04,68.6,81.4,59.9,96.6,126.3,79.4,7519,75,1
cleveland-085,2026-08-05,64.0,88.0,59.2,96.7,116.0,78.2,9479,93,0
cleveland-085,2026-08-06,60.3,74.8,66.9,98.2,114.4,70.5,8220,73,0
cleveland-085,2026-08-07,64.6,69.7,66.7,95.6,125.5,83.6,4587,38,1
cleveland-086,2026-08-01,66.9,83.4,75.0,96.7,126.0,80.9,8392,78,0
cleveland-086,2026-08-02,64.8,83.2,50.4,98.3,129.3,78.1,9731,89,0
cleveland-086,2026-08-03,52.3,66.2,58.2,96.8,110.6,68.2,8602,78,0
cleveland-086,2026-08-04,64.3,77.1,52.2,97.5,129.1,81.2,7591,66,0
cleveland-086,2026-08-05,60.9,74.9,74.2,97.2,123.9,76.7,6704,70,0
cleveland-086,2026-08-06,63.4,79.2,61.3,97.4,115.6,74.1,9310,84,0
cleveland-086,2026-08-07,64.3,80.6,68.7,96.8,115.2,73.5,10444,100,0
cleveland-087,2026-08-01,57.1,68.7,55.7,99.1,109.2,67.7,6409,54,0
cleveland-087,2026-08-02,62.5,77.4,67.2,95.7,132.7,85.1,8876,74,0
cleveland-087,2026-08-03,65.4,81.2,45.1,97.5,112.2,72.3,8958,87,0
cleveland-087,2026-08-04,66.2,73.2,44.7,98.1,130.6,81.4,5380,53,0
cleveland-087,2026-08-05,60.6,75.3,63.5,96.9,115.8,70.9,9371,96,0
cleveland-087,2026-08-06,56.5,71.7,66.0,96.6,115.9,71.4,7422,69,0
cleveland-087,2026-08-07,55.5,67.8,63.6,97.4,132.5,86.6,4675,42,0
cleveland-088,2026-08-01,60.9,77.9,48.7,99.3,114.2,73.7,8316,66,0
cleveland-088,2026-08-02,65.3,78.1,60.2,97.3,113.9,74.1,5534,52,0
cleveland-088,2026-08-03,63.2,72.2,63.1,97.2,119.2,76.7,6594,61,0
cleveland-088,2026-08-04,64.2,81.3,62.8,96.5,129.5,84.5,7319,73,0
cleveland-088,2026-08-05,69.3,72.9,50.1,96.5,117.0,76.2,3051,26,0
cleveland-088,2026-08-06,63.1,69.2,50.9,98.1,130.0,79.9,6402,47,0
cleveland-088,2026-08-07,62.0,77.0,48.1,97.0,112.5,71.0,8056,75,0
cleveland-089,2026-08-01,66.9,84.2,43.4,96.9,119.8,73.7,7424,74,0
cleveland-089,2026-08-02,64.4,74.1,60.8,96.7,131.1,80.1,4752,45,0
cleveland-089,2026-08-03,61.6,72.1,49.9,98.1,123.1,82.6,7932,66,0
cleveland-089,2026-08-04,64.0,78.2,46.0,97.6,126.8,77.8,5122,46,0
cleveland-089,2026-08-05,65.6,79.5,58.4,96.5,130.0,78.1,8298,72,0
cleveland-089,2026-08-06,62.7,81.0,59.6,96.9,111.4,73.5,8031,85,0
cleveland-089,2026-08-07,58.6,72.2,59.8,98.8,112.6,74.4,7642,73,0
cleveland-090,2026-08-01,63.9,76.6,65.4,97.4,126.6,85.9,5857,58,0
cleveland-090,2026-08-02,67.4,80.0,48.0,96.9,124.4,75.3,8789,78,0
cleveland-090,2026-08-03,62.1,74.9,63.9,97.9,127.2,79.1,7041,60,0
cleveland-090,2026-08-04,68.2,77.5,67.1,98.1,126.4,79.7,5109,45,0
cleveland-090,2026-08-05,63.3,78.4,63.8,96.8,116.9,79.2,8767,77,0
cleveland-090,2026-08-06,61.5,72.6,60.2,100.0,124.7,79.7,4344,37,0
cleveland-090,2026-08-07,43.8,49.0,61.8,99.4,105.0,66.0,2390,26,0
cleveland-091,2026-08-01,65.4,77.3,60.4,97.9,132.0,85.0,3354,33,0
cleveland-091,2026-08-02,55.7,70.0,39.0,96.7,112.4,75.4,7413,60,0
cleveland-091,2026-08-03,61.5,75.2,49.8,95.6,123.8,80.4,7008,65,0
cleveland-091,2026-08-04,64.8,73.5,59.2,97.4,129.6,83.0,5540,52,0
cleveland-091,2026-08-05,63.8,79.9,48.7,97.2,122.2,80.3,7394,68,0
cleveland-091,2026-08-06,71.2,91.4,48.1,96.6,117.8,77.5,9463,92,0
cleveland-091,2026-08-07,70.9,89.3,48.3,97.2,139.7,87.1,10666,98,0
cleveland-092,2026-08-01,65.7,74.1,32.3,97.1,145.1,91.5,2894,27,0
cleveland-092,2026-08-02,73.7,88.4,28.2,96.9,111.6,73.9,9311,77,0
cleveland-092,2026-08-03,71.2,83.3,42.8,96.5,141.1,90.9,4715,58,0
cleveland-092,2026-08-04,66.2,76.1,30.2,97.1,127.7,84.0,4743,49,0
cleveland-092,2026-08-05,65.6,79.4,38.2,96.7,123.7,80.2,6063,60,0
cleveland-092,2026-08-06,75.1,84.5,41.5,94.2,126.2,76.2,4451,42,1
cleveland-092,2026-08-07,77.6,90.9,27.6,96.2,132.1,79.6,5264,30,0
cleveland-093,2026-08-01,60.7,78.9,68.0,97.2,126.9,84.3,9858,89,0
cleveland-093,2026-08-02,65.4,82.3,52.1,98.6,148.6,95.4,7095,65,0
cleveland-093,2026-08-03,61.9,78.0,40.3,96.3,121.1,72.7,10069,94,0
cleveland-093,2026-08-04,68.5,85.0,61.6,97.5,121.8,82.7,5097,48,0
cleveland-093,2026-08-05,59.9,74.6,55.8,97.0,113.2,74.2,8897,79,0
cleveland-093,2026-08-06,62.5,80.0,48.1,96.5,142.8,93.1,7915,76,0
cleveland-093,2026-08-07,64.1,71.7,50.4,97.9,128.8,84.2,4492,41,0
cleveland-094,2026-08-01,62.4,73.4,66.6,100.0,117.7,73.3,5698,52,0
cleveland-094,2026-08-02,59.7,67.4,43.0,98.4,114.3,75.5,5126,43,0
cleveland-094,2026-08-03,62.3,81.1,70.4,98.2,129.9,81.8,8720,79,0
cleveland-094,2026-08-04,62.9,81.9,47.2,96.7,118.8,76.7,7656,75,0
cleveland-094,2026-08-05,65.2,80.8,50.6,98.0,115.8,74.1,7177,71,0
cleveland-094,2026-08-06,61.1,76.1,78.4,97.7,121.5,74.0,9694,85,0
cleveland-094,2026-08-07,65.0,84.1,67.9,97.1,120.8,81.0,9103,90,0
cleveland-095,2026-08-01,66.8,79.5,50.3,98.3,141.4,86.2,6387,63,0
cleveland-095,2026-08-02,65.5,76.9,65.6,97.9,130.1,78.1,6249,55,0
cleveland-095,2026-08-03,62.2,81.8,52.6,96.6,132.4,88.5,9764,89,0
cleveland-095,2026-08-04,65.3,81.6,54.7,97.6,127.2,80.4,6310,56,0
cleveland-095,2026-08-05,58.4,74.4,42.1,96.5,125.1,84.2,7904,72,0
cleveland-095,2026-08-06,62.2,79.1,52.0,95.9,115.5,77.2,8215,75,0
cleveland-095,2026-08-07,57.3,74.6,57.5,94.7,137.0,86.0,8358,71,0
cleveland-096,2026-08-01,62.5,73.6,43.6,94.2,141.1,91.9,5368,44,0
cleveland-096,2026-08-02,76.5,90.7,34.8,94.6,151.6,92.5,8568,83,0
cleveland-096,2026-08-03,72.0,82.4,50.3,96.4,138.8,87.6,5043,52,1
cleveland-096,2026-08-04,69.3,71.1,33.6,94.6,130.5,81.6,4763,46,0
cleveland-096,2026-08-05,70.9,82.4,34.2,96.2,132.8,82.3,6795,62,0
cleveland-096,2026-08-06,65.7,78.3,39.8,97.6,139.1,90.3,5540,50,0
cleveland-096,2026-08-07,59.6,70.7,42.4,95.0,124.5,77.5,5874,45,1
cleveland-097,2026-08-01,72.8,84.5,28.7,95.0,148.2,93.0,6736,60,0
cleveland-097,2026-08-02,72.0,72.8,40.5,94.7,143.5,90.6,3661,37,0
cleveland-097,2026-08-03,79.1,84.9,47.1,96.4,136.3,87.5,4274,41,0
cleveland-097,2026-08-04,81.1,88.9,35.1,94.7,126.9,84.7,4712,47,1
cleveland-097,2026-08-05,72.0,79.4,29.7,95.6,128.2,87.1,4646,45,0
cleveland-097,2026-08-06,71.7,84.7,44.4,95.5,131.2,79.0,5718,60,0
cleveland-097,2026-08-07,75.5,87.3,26.4,95.0,129.2,79.8,6251,58,1
cleveland-098,2026-08-01,81.0,79.5,28.1,98.1,126.2,84.9,809,9,0
cleveland-098,2026-08-02,67.3,74.3,41.5,96.7,155.6,100.4,5168,40,0
cleveland-098,2026-08-03,74.6,80.7,43.4,97.0,131.7,85.5,4695,41,0
cleveland-098,2026-08-04,79.7,91.1,37.7,96.2,136.9,83.3,7124,61,1
cleveland-098,2026-08-05,73.3,76.4,29.6,96.4,152.3,92.3,2744,22,0
cleveland-098,2026-08-06,76.8,92.2,42.8,95.7,136.7,90.0,6182,58,0
cleveland-098,2026-08-07,72.2,73.3,36.6,96.9,126.0,81.3,4738,37,0
cleveland-099,2026-08-01,67.3,81.8,69.4,97.9,140.9,86.0,9050,80,0
cleveland-099,2026-08-02,53.3,74.0,66.3,96.9,116.0,70.4,6967,72,0
cleveland-099,2026-08-03,60.1,78.0,47.8,98.5,125.8,82.5,7465,65,0
cleveland-099,2026-08-04,64.2,67.4,34.7,97.4,142.0,86.4,4010,34,0
cleveland-099,2026-08-05,62.5,70.9,49.9,97.5,99.8,65.8,7400,71,0
cleveland-099,2026-08-06,65.6,80.6,44.4,97.7,123.8,78.8,6920,62,0
cleveland-099,2026-08-07,60.7,76.1,52.4,97.4,130.9,81.4,5987,55,0
cleveland-100,2026-08-01,61.5,71.7,55.9,97.4,107.6,67.6,6121,60,0
cleveland-100,2026-08-02,60.5,76.2,52.4,98.7,131.2,81.7,8885,79,0
cleveland-100,2026-08-03,64.6,79.7,51.9,99.0,119.4,78.8,8880,80,0
cleveland-100,2026-08-04,64.5,79.1,52.1,97.4,122.3,76.5,7335,75,0
cleveland-100,2026-08-05,60.3,76.9,46.9,96.5,117.5,72.4,7455,65,0
cleveland-100,2026-08-06,66.0,82.4,50.6,97.0,138.6,83.3,7033,67,0
cleveland-100,2026-08-07,61.8,73.1,64.9,96.3,122.4,80.2,5744,49,0
cleveland-101,2026-08-01,57.9,72.4,58.9,96.4,125.4,79.9,7507,67,0
cleveland-101,2026-08-02,62.6,76.4,83.3,97.4,120.4,75.3,10611,101,0
cleveland-101,2026-08-03,70.8,87.8,63.5,96.3,124.0,81.3,9869,84,0
cleveland-101,2026-08-04,58.3,65.1,70.4,97.6,116.5,76.8,4280,32,0
cleveland-101,2026-08-05,58.3,72.2,71.1,96.8,119.4,76.9,9433,96,0
cleveland-101,2026-08-06,65.6,86.2,46.9,98.1,132.5,80.0,8183,77,0
cleveland-101,2026-08-07,60.3,71.7,54.2,96.6,130.3,88.3,7195,65,1
cleveland-102,2026-08-01,69.1,88.0,61.4,97.1,127.9,78.4,10735,98,0
cleveland-102,2026-08-02,52.4,64.4,47.7,97.9,106.5,68.8,8199,73,0
cleveland-102,2026-08-03,55.6,73.6,54.5,98.7,121.9,74.6,9299,84,0
cleveland-102,2026-08-04,67.1,82.8,57.7,99.1,117.1,79.3,9466,91,0
cleveland-102,2026-08-05,66.2,82.8,60.3,97.5,114.0,70.9,11225,97,0
cleveland-102,2026-08-06,61.3,76.8,79.3,97.0,119.9,79.1,8402,67,0
cleveland-102,2026-08-07,58.6,81.5,59.2,96.6,125.3,82.4,9066,92,0
cleveland-103,2026-08-01,60.2,74.2,57.7,97.4,111.9,68.4,7091,74,0
cleveland-103,2026-08-02,57.2,68.3,46.1,98.2,134.3,86.7,7153,58,0
cleveland-103,2026-08-03,60.6,73.4,52.3,96.4,118.7,77.1,8734,79,0
cleveland-103,2026-08-04,55.9,70.2,46.2,98.9,123.2,78.7,6938,62,0
cleveland-103,2026-08-05,63.1,77.0,53.9,99.0,133.2,88.5,9345,83,0
cleveland-103,2026-08-06,61.5,82.9,66.6,97.8,126.4,83.2,9077,86,0
cleveland-103,2026-08-07,63.0,79.8,64.2,97.4,124.8,76.0,10029,91,0
cleveland-104,2026-08-01,67.6,78.0,51.9,97.2,131.0,78.6,5284,48,0
cleveland-104,2026-08-02,68.0,80.8,59.7,98.5,125.5,75.9,6620,54,0
cleveland-104,2026-08-03,74.8,78.8,61.1,98.2,130.2,78.4,4673,33,0
cleveland-104,2026-08-04,56.0,70.2,45.0,97.3,126.1,78.8,5865,61,0
cleveland-104,2026-08-05,64.1,73.2,49.2,96.7,121.1,80.3,5724,46,0
cleveland-104,2026-08-06,56.5,82.1,49.1,98.4,132.1,84.3,8731,86,0
cleveland-104,2026-08-07,65.1,75.4,57.2,96.9,129.0,81.9,7196,62,0
cleveland-105,2026-08-01,70.5,84.7,23.7,94.5,126.2,79.3,6015,55,0
cleveland-105,2026-08-02,75.4,80.4,44.0,96.2,146.4,93.2,5946,60,0
cleveland-105,2026-08-03,69.9,73.8,48.3,97.6,123.4,75.3,3161,23,0
cleveland-105,2026-08-04,64.9,79.3,44.3,96.7,146.0,91.2,5198,47,0
cleveland-105,2026-08-05,67.3,76.6,39.1,94.9,134.2,84.6,4086,37,0
cleveland-105,2026-08-06,69.3,80.3,37.8,96.0,120.8,80.3,4458,46,1
cleveland-105,2026-08-07,67.1,78.9,36.1,94.8,130.2,81.5,7947,66,1
cleveland-106,2026-08-01,64.2,77.2,41.3,95.9,128.2,81.6,6440,59,0
cleveland-106,2026-08-02,60.4,78.7,62.1,97.8,117.9,79.1,7934,80,0
cleveland-106,2026-08-03,59.4,76.5,51.2,97.3,122.5,81.6,9523,90,0
cleveland-106,2026-08-04,62.7,69.6,61.1,96.2,122.4,77.2,8367,72,0
cleveland-106,2026-08-05,61.6,73.8,55.9,99.2,129.0,84.2,7186,70,0
cleveland-106,2026-08-06,57.5,70.3,66.7,97.9,117.4,76.4,8162,72,0
cleveland-106,2026-08-07,63.2,76.0,52.5,97.0,111.7,70.4,6918,61,0
cleveland-107,2026-08-01,75.4,79.8,40.0,95.8,133.9,84.0,3752,34,0
cleveland-107,2026-08-02,68.7,78.5,22.3,96.8,134.7,90.9,2851,28,0
cleveland-107,2026-08-03,71.7,69.6,44.2,94.2,156.7,100.2,0,0,0
cleveland-107,2026-08-04,70.9,75.2,42.1,95.9,130.8,87.9,5746,46,0
cleveland-107,2026-08-05,70.0,74.9,34.5,95.6,143.9,97.3,5863,45,0
cleveland-107,2026-08-06,71.5,87.2,21.8,96.8,129.2,79.8,8097,72,1
cleveland-107,2026-08-07,75.1,81.3,31.6,94.9,136.4,82.3,4234,43,0
cleveland-108,2026-08-01,67.0,80.1,49.2,95.0,138.5,83.4,4291,43,1
cleveland-108,2026-08-02,70.7,72.5,37.8,95.2,129.6,87.7,4122,38,0
cleveland-108,2026-08-03,78.4,80.1,45.3,95.4,125.9,77.1,738,12,0
cleveland-108,2026-08-04,65.4,82.1,43.6,95.9,135.5,84.8,5982,57,0
cleveland-108,2026-08-05,69.9,85.1,28.3,94.6,151.8,99.1,7574,71,0
cleveland-108,2026-08-06,74.9,81.6,36.2,95.6,144.8,92.7,3472,34,0
cleveland-108,2026-08-07,70.5,81.8,26.6,97.7,152.4,98.4,4211,36,0
cleveland-109,2026-08-01,70.4,82.7,49.9,96.0,155.4,99.4,5662,61,0
cleveland-109,2026-08-02,68.2,82.9,43.6,95.2,138.6,89.8,7532,74,0
cleveland-109,2026-08-03,79.0,84.5,32.0,94.9,123.6,83.2,2111,16,0
cleveland-109,2026-08-04,74.3,87.1,29.1,96.1,156.8,101.2,5421,41,0
cleveland-109,2026-08-05,77.1,90.8,33.9,96.6,145.5,96.5,6695,57,0
cleveland-109,2026-08-06,74.3,82.3,31.2,96.0,129.8,78.5,4809,41,0
cleveland-109,2026-08-07,70.4,75.1,33.9,95.0,160.6,105.8,5221,53,0
cleveland-110,2026-08-01,68.0,75.0,31.6,95.8,135.9,86.4,3671,35,0
cleveland-110,2026-08-02,67.5,79.1,53.7,95.9,150.0,92.9,7057,63,1
cleveland-110,2026-08-03,68.4,80.9,21.3,92.9,145.5,92.9,9117,82,0
cleveland-110,2026-08-04,69.6,83.3,34.5,97.6,154.2,94.5,5700,45,0
cleveland-110,2026-08-05,68.4,85.7,46.4,95.4,135.3,91.6,7676,69,0
cleveland-110,2026-08-06,69.1,74.3,32.9,96.8,126.1,80.0,5721,52,1
cleveland-110,2026-08-07,72.8,82.6,39.6,95.8,135.5,84.2,3865,34,0
cleveland-111,2026-08-01,71.4,75.9,23.8,96.9,138.7,85.6,4896,38,0
cleveland-111,2026-08-02,68.6,78.8,45.8,95.3,143.7,95.9,6097,50,0
cleveland-111,2026-08-03,82.2,83.9,39.9,95.4,145.7,93.0,1796,12,0
cleveland-111,2026-08-04,71.6,80.4,24.5,97.4,126.7,76.1,6612,59,1
cleveland-111,2026-08-05,72.0,85.3,28.8,96.2,126.9,79.6,4937,45,0
cleveland-111,2026-08-06,70.0,72.5,30.5,95.8,138.7,90.9,1088,7,1
cleveland-111,2026-08-07,77.7,96.6,50.5,96.8,151.9,95.0,7807,80,0
cleveland-112,2026-08-01,71.3,82.5,36.3,95.7,143.8,94.1,4611,30,1
cleveland-112,2026-08-02,74.0,92.4,48.3,96.3,151.2,101.1,9270,89,0
cleveland-112,2026-08-03,67.5,75.3,34.3,97.4,121.4,78.5,5912,63,0
cleveland-112,2026-08-04,69.9,73.9,33.1,94.8,128.5,82.9,2952,30,0
cleveland-112,2026-08-05,70.0,79.1,39.3,95.7,138.6,89.2,6903,61,1
cleveland-112,2026-08-06,74.0,76.4,25.0,95.1,131.8,81.8,3585,36,1
cleveland-112,2026-08-07,70.8,76.6,35.2,94.5,132.8,86.7,4247,39,0
cleveland-113,2026-08-01,63.5,75.6,49.6,97.6,124.4,81.6,6254,60,0
cleveland-113,2026-08-02,66.7,84.3,57.6,97.2,127.8,78.5,10359,94,0
cleveland-113,2026-08-03,56.7,65.0,60.5,96.7,133.1,87.5,7564,74,0
cleveland-113,2026-08-04,59.8,82.1,57.2,98.1,129.8,78.2,9130,85,0
cleveland-113,2026-08-05,69.4,90.8,63.3,95.7,146.7,97.2,10026,91,0
cleveland-113,2026-08-06,64.1,71.3,54.0,99.1,127.2,81.1,3439,30,0
cleveland-113,2026-08-07,65.4,77.5,53.1,97.5,133.9,86.9,8395,74,0
cleveland-114,2026-08-01,75.1,82.2,49.5,95.9,142.9,92.0,5382,45,0
cleveland-114,2026-08-02,70.0,78.3,32.8,94.3,142.5,96.0,6134,61,0
cleveland-114,2026-08-03,69.5,82.3,44.2,97.2,123.0,80.9,7396,66,0
cleveland-114,2026-08-04,71.6,81.1,45.9,96.6,126.2,77.6,7640,70,1
cleveland-114,2026-08-05,71.0,80.8,32.0,95.6,122.3,82.3,5838,44,0
cleveland-114,2026-08-06,72.3,81.9,38.1,95.2,128.1,84.9,5573,51,0
cleveland-114,2026-08-07,68.8,81.3,61.3,95.2,130.0,87.0,6297,50,1
cleveland-115,2026-08-01,76.7,87.4,32.9,95.6,154.2,96.8,6436,60,0
cleveland-115,2026-08-02,77.9,83.5,35.6,97.8,147.4,93.0,5137,47,1
cleveland-115,2026-08-03,73.9,80.6,31.2,96.3,139.9,84.6,5878,54,0
cleveland-115,2026-08-04,72.5,85.6,33.9,95.7,135.4,91.5,7179,67,0
cleveland-115,2026-08-05,73.3,81.1,33.0,96.3,135.8,89.8,5052,48,1
cleveland-115,2026-08-06,69.4,77.8,30.0,95.5,130.1,81.2,2940,23,0
cleveland-115,2026-08-07,72.3,80.9,26.5,96.8,147.4,92.6,5652,51,1
cleveland-116,2026-08-01,65.1,74.4,66.0,96.8,120.9,72.8,5799,53,0
cleveland-116,2026-08-02,54.0,71.9,47.4,97.1,119.7,74.9,9001,81,0
cleveland-116,2026-08-03,56.8,76.7,60.8,96.2,125.4,81.1,9482,84,0
cleveland-116,2026-08-04,57.2,80.3,62.9,98.7,135.5,90.8,11137,99,0
cleveland-116,2026-08-05,61.6,76.5,41.2,96.4,124.7,84.7,8598,82,0
cleveland-116,2026-08-06,58.0,81.0,52.2,97.4,121.4,77.1,10843,94,0
cleveland-116,2026-08-07,60.2,77.0,69.4,98.6,116.7,70.5,8588,75,0
cleveland-117,2026-08-01,64.3,79.6,58.5,98.2,111.6,71.8,5234,44,0
cleveland-117,2026-08-02,59.5,72.5,63.2,96.6,120.7,81.6,7141,57,0
cleveland-117,2026-08-03,68.6,78.6,49.1,98.6,140.7,89.6,6717,63,0
cleveland-117,2026-08-04,61.6,71.4,52.0,97.5,125.4,82.9,5987,51,1
cleveland-117,2026-08-05,60.7,72.4,56.5,95.7,118.2,79.4,5523,58,0
cleveland-117,2026-08-06,60.5,66.3,53.8,96.3,123.2,78.3,6565,46,0
cleveland-117,2026-08-07,65.8,76.4,64.5,98.9,130.8,79.1,5197,52,0
cleveland-118,2026-08-01,57.5,65.2,77.8,97.3,131.0,82.3,6258,54,0
cleveland-118,2026-08-02,61.7,81.7,60.4,97.6,124.0,75.5,10416,92,0
cleveland-118,2026-08-03,64.5,74.8,61.2,95.4,119.5,74.3,6238,57,0
cleveland-118,2026-08-04,61.7,75.0,57.5,97.1,114.8,69.9,8026,73,0
cleveland-118,2026-08-05,64.4,73.8,67.2,98.2,124.5,77.9,6522,58,0
cleveland-118,2026-08-06,51.5,69.2,51.2,97.2,118.4,71.4,8242,72,0
cleveland-118,2026-08-07,61.8,76.5,63.6,96.1,118.2,80.2,7905,68,0
cleveland-119,2026-08-01,73.3,79.2,38.8,96.9,133.1,83.9,4971,52,0
cleveland-119,2026-08-02,84.4,91.7,32.0,94.1,134.8,87.5,5073,50,0
cleveland-119,2026-08-03,76.9,83.7,20.2,94.7,137.9,89.1,4111,31,1
cleveland-119,2026-08-04,75.4,85.5,35.8,96.2,127.0,83.0,4044,35,0
cleveland-119,2026-08-05,78.6,88.4,45.8,96.8,131.2,86.5,6581,60,1
cleveland-119,2026-08-06,69.8,85.7,30.8,96.5,130.0,83.3,6600,61,1
cleveland-119,2026-08-07,73.2,85.2,15.5,94.9,146.9,92.5,4051,38,0
cleveland-120,2026-08-01,70.9,77.9,33.1,96.4,139.1,87.0,3111,28,1
cleveland-120,2026-08-02,76.9,85.9,34.7,96.8,142.2,87.0,3411,27,0
cleveland-120,2026-08-03,69.4,68.2,34.9,93.6,135.3,85.2,4324,39,1
cleveland-120,2026-08-04,74.9,74.7,37.2,97.0,138.6,86.1,2152,18,0
cleveland-120,2026-08-05,69.2,65.8,45.6,95.7,142.5,95.0,1327,16,0
cleveland-120,2026-08-06,73.3,81.2,35.3,95.3,124.0,80.2,3202,25,0
cleveland-120,2026-08-07,74.7,78.2,34.8,97.0,139.3,88.3,4240,40,0
cleveland-121,2026-08-01,72.5,82.6,42.9,96.5,131.5,81.4,4487,42,0
cleveland-121,2026-08-02,69.7,84.9,34.2,94.5,150.2,90.8,6130,71,1
cleveland-121,2026-08-03,70.2,77.7,31.7,95.6,132.6,84.2,2807,33,0
cleveland-121,2026-08-04,74.0,87.1,43.2,96.3,142.4,91.2,6521,63,0
cleveland-121,2026-08-05,77.1,82.2,35.6,96.4,140.0,93.1,3860,33,0
cleveland-121,2026-08-06,68.3,80.9,41.6,97.3,141.2,88.7,6469,56,0
cleveland-121,2026-08-07,70.2,86.2,38.6,96.0,148.3,93.5,7268,70,1
cleveland-122,2026-08-01,77.7,94.9,30.5,96.7,131.2,80.9,8197,69,0
cleveland-122,2026-08-02,71.5,80.3,33.8,94.7,139.9,94.7,3928,40,0
cleveland-122,2026-08-03,76.6,83.0,34.1,95.5,146.7,95.5,2541,32,0
cleveland-122,2026-08-04,71.6,84.4,43.6,95.5,126.1,80.5,7028,68,0
cleveland-122,2026-08-05,76.2,79.7,32.1,95.8,143.0,93.8,4648,43,0
cleveland-122,2026-08-06,72.0,88.8,42.4,94.2,136.6,88.3,6368,57,0
cleveland-122,2026-08-07,71.6,81.2,36.1,95.6,147.7,100.1,3157,30,0
cleveland-123,2026-08-01,66.9,82.0,55.3,95.6,96.0,60.1,7344,66,0
cleveland-123,2026-08-02,57.0,70.0,53.1,97.5,125.1,77.2,9002,78,0
cleveland-123,2026-08-03,65.7,84.0,55.3,96.8,131.3,81.3,7757,76,0
cleveland-123,2026-08-04,61.5,73.7,46.1,97.3,117.4,75.9,6030,53,0
cleveland-123,2026-08-05,53.9,68.1,50.4,96.0,125.2,82.9,7841,67,1
cleveland-123,2026-08-06,56.8,75.4,62.3,98.3,131.5,82.1,9502,83,0
cleveland-123,2026-08-07,60.5,76.8,37.0,97.2,123.8,80.8,10541,90,0
cleveland-124,2026-08-01,69.7,79.7,45.3,97.5,131.7,89.1,2917,33,0
cleveland-124,2026-08-02,66.4,75.4,26.5,96.2,142.9,95.8,4421,48,1
cleveland-124,2026-08-03,74.6,79.1,28.3,95.7,136.8,91.0,3254,37,0
cleveland-124,2026-08-04,70.3,65.6,36.8,96.6,132.6,85.5,1316,14,0
cleveland-124,2026-08-05,75.4,83.0,42.0,94.7,127.5,78.2,5335,38,0
cleveland-124,2026-08-06,70.9,77.5,41.2,96.2,133.1,86.4,5240,42,0
cleveland-124,2026-08-07,77.7,86.0,36.7,96.6,125.0,76.4,4892,50,1
cleveland-125,2026-08-01,77.7,86.9,32.8,94.9,163.5,98.6,4433,42,1
cleveland-125,2026-08-02,72.8,81.5,31.6,94.9,159.9,107.5,5624,49,0
cleveland-125,2026-08-03,67.3,77.0,32.2,95.6,151.0,102.1,3511,27,0
cleveland-125,2026-08-04,75.7,86.7,41.3,95.9,128.1,79.2,6097,49,0
cleveland-125,2026-08-05,75.0,80.4,37.3,95.1,131.7,87.6,3417,17,0
cleveland-125,2026-08-06,75.4,87.7,44.6,96.0,149.5,98.8,7407,62,0
cleveland-125,2026-08-07,72.7,85.9,42.7,95.6,159.1,101.7,5057,48,0
cleveland-126,2026-08-01,55.3,58.8,68.6,97.8,119.5,71.7,3355,29,0
cleveland-126,2026-08-02,64.5,88.0,63.1,97.9,108.0,68.8,8782,86,0
cleveland-126,2026-08-03,58.9,71.8,52.6,97.7,121.6,81.8,9499,80,0
cleveland-126,2026-08-04,59.1,78.8,48.7,97.5,120.0,74.2,9222,83,0
cleveland-126,2026-08-05,60.4,77.3,54.0,97.5,127.9,81.1,8583,73,0
cleveland-126,2026-08-06,63.9,70.2,59.0,99.0,111.1,75.5,6540,52,0
cleveland-126,2026-08-07,60.5,72.9,54.7,97.1,116.1,74.0,6326,50,0
cleveland-127,2026-08-01,80.3,89.2,32.4,96.8,148.0,95.1,3617,36,1
cleveland-127,2026-08-02,67.6,68.4,16.4,96.6,135.9,84.4,1910,11,0
cleveland-127,2026-08-03,72.6,76.2,41.3,98.3,138.1,93.2,3461,23,0
cleveland-127,2026-08-04,72.2,74.4,30.4,94.0,153.9,103.9,2007,22,0
cleveland-127,2026-08-05,69.2,80.7,32.3,96.3,143.6,95.6,4793,46,1
cleveland-127,2026-08-06,71.6,88.1,25.1,96.6,138.6,86.3,7254,58,0
cleveland-127,2026-08-07,73.4,77.8,33.5,94.3,137.0,87.9,6172,55,0
cleveland-128,2026-08-01,80.1,95.0,28.6,97.4,129.3,81.7,6170,51,0
cleveland-128,2026-08-02,73.7,90.2,35.2,96.7,152.0,96.0,8158,71,0
cleveland-128,2026-08-03,67.6,76.8,39.1,96.0,130.1,83.7,5308,47,0
cleveland-128,2026-08-04,70.4,83.1,38.5,95.4,161.7,105.1,3992,33,1
cleveland-128,2026-08-05,73.6,75.8,39.3,96.3,148.9,94.7,4233,39,0
cleveland-128,2026-08-06,68.7,74.5,35.9,94.3,141.4,88.6,5311,42,0
cleveland-128,2026-08-07,74.2,77.7,46.5,97.6,130.8,87.4,2407,25,0
cleveland-129,2026-08-01,62.8,80.4,66.4,98.4,123.2,75.3,8643,80,0
cleveland-129,2026-08-02,63.7,82.9,45.8,97.4,108.8,73.1,10650,94,0
cleveland-129,2026-08-03,52.1,71.6,54.7,97.9,95.2,59.9,9676,92,0
cleveland-129,2026-08-04,61.2,85.0,63.3,97.2,122.3,80.5,9969,98,0
cleveland-129,2026-08-05,56.5,72.6,69.1,98.0,124.2,83.9,8461,71,0
cleveland-129,2026-08-06,66.9,82.1,64.5,96.1,123.0,83.4,6131,55,0
cleveland-129,2026-08-07,70.3,86.6,53.0,96.5,132.3,85.6,7340,66,0
cleveland-130,2026-08-01,64.9,74.4,49.3,98.7,162.0,103.1,7064,57,0
cleveland-130,2026-08-02,60.9,70.6,52.4,99.3,137.0,86.5,4710,49,0
cleveland-130,2026-08-03,65.9,77.8,60.8,95.1,118.3,79.5,8207,72,0
cleveland-130,2026-08-04,61.2,73.8,56.9,96.4,113.6,72.0,7339,71,0
cleveland-130,2026-08-05,68.5,77.3,40.4,98.8,137.6,91.4,5646,47,0
cleveland-130,2026-08-06,59.2,76.3,57.7,98.1,116.3,70.8,7702,77,0
cleveland-130,2026-08-07,65.0,78.9,60.4,96.2,124.7,81.0,6446,60,0
cleveland-131,2026-08-01,61.1,71.8,49.5,98.6,126.9,84.2,6896,53,0
cleveland-131,2026-08-02,59.6,72.7,68.0,96.3,130.1,88.3,9184,83,0
cleveland-131,2026-08-03,60.2,71.6,49.9,96.8,120.8,78.6,8118,67,0
cleveland-131,2026-08-04,61.1,72.2,70.0,97.7,109.2,68.3,8227,74,0
cleveland-131,2026-08-05,57.6,75.3,60.6,97.7,129.2,82.1,8255,72,0
cleveland-131,2026-08-06,62.5,68.0,45.0,96.5,124.2,76.2,4180,40,0
cleveland-131,2026-08-07,60.4,75.2,46.4,97.6,115.5,75.6,7245,65,0
cleveland-132,2026-08-01,56.2,68.2,59.7,96.4,113.1,68.7,8325,69,0
cleveland-132,2026-08-02,68.5,81.1,63.6,97.1,128.2,86.8,6169,56,0
cleveland-132,2026-08-03,62.4,77.4,57.0,97.3,120.3,79.9,7797,72,0
cleveland-132,2026-08-04,57.4,74.3,59.6,99.0,124.4,78.9,7783,65,0
cleveland-132,2026-08-05,58.7,70.9,55.1,97.0,134.8,90.5,7659,72,0
cleveland-132,2026-08-06,62.5,80.1,44.0,97.8,122.6,77.4,7444,68,0
cleveland-132,2026-08-07,60.0,75.5,61.7,98.0,127.1,78.6,8485,82,0
cleveland-133,2026-08-01,56.8,72.8,69.8,97.9,121.1,80.2,7697,69,0
cleveland-133,2026-08-02,54.1,74.4,70.2,96.8,121.7,81.7,11188,99,0
cleveland-133,2026-08-03,54.6,74.5,63.5,97.2,112.9,69.2,10371,91,0
cleveland-133,2026-08-04,52.5,66.7,68.3,96.1,123.2,79.1,8385,69,0
cleveland-133,2026-08-05,54.9,79.2,59.2,98.0,121.8,79.1,11997,111,0
cleveland-133,2026-08-06,50.7,68.5,69.5,96.9,122.4,79.7,8798,76,0
cleveland-133,2026-08-07,67.1,81.2,82.0,99.1,129.0,80.0,10469,94,0
cleveland-134,2026-08-01,65.9,81.6,56.1,96.3,117.7,77.6,9081,74,0
cleveland-134,2026-08-02,55.7,57.5,58.3,97.2,130.5,86.0,6016,42,0
cleveland-134,2026-08-03,69.7,81.5,57.1,96.7,120.3,76.6,6454,59,0
cleveland-134,2026-08-04,59.3,74.0,58.7,96.5,127.1,76.5,7609,76,0
cleveland-134,2026-08-05,54.2,66.3,52.6,97.5,140.3,88.2,7206,72,0
cleveland-134,2026-08-06,62.7,73.4,57.9,99.1,127.0,77.0,6731,57,0
cleveland-134,2026-08-07,63.3,82.2,53.3,96.8,127.5,86.6,8766,77,0
cleveland-135,2026-08-01,60.8,70.1,64.3,97.7,127.7,83.2,4745,48,0
cleveland-135,2026-08-02,63.0,82.8,53.0,96.6,126.9,82.2,9425,84,0
cleveland-135,2026-08-03,61.4,77.5,56.2,97.7,131.7,84.4,8696,79,0
cleveland-135,2026-08-04,65.0,83.1,59.8,97.7,114.7,68.9,8296,79,0
cleveland-135,2026-08-05,64.1,82.0,58.5,96.5,133.0,84.7,8214,78,0
cleveland-135,2026-08-06,63.1,73.5,48.6,99.5,130.6,83.5,5886,56,0
cleveland-135,2026-08-07,63.2,75.6,54.7,96.4,124.5,79.2,8002,66,0
cleveland-136,2026-08-01,64.4,79.1,48.7,96.3,124.1,81.7,7929,69,0
cleveland-136,2026-08-02,62.8,75.9,41.9,97.7,142.4,88.2,7253,64,0
cleveland-136,2026-08-03,66.6,76.4,55.7,98.8,122.9,74.1,5995,45,0
cleveland-136,2026-08-04,63.8,87.2,60.5,97.1,121.8,75.1,10815,105,0
cleveland-136,2026-08-05,62.8,73.3,49.0,96.1,113.9,69.5,6674,53,1
cleveland-136,2026-08-06,57.3,62.1,52.0,97.2,118.5,78.7,3774,24,0
cleveland-136,2026-08-07,63.6,81.3,50.7,96.6,123.9,78.0,9991,89,0
cleveland-137,2026-08-01,73.5,80.1,36.2,96.6,148.3,98.3,4673,42,1
cleveland-137,2026-08-02,82.4,94.6,41.4,96.3,149.5,99.9,3856,39,0
cleveland-137,2026-08-03,72.3,83.3,49.2,96.1,158.2,98.3,4768,41,0
cleveland-137,2026-08-04,70.1,81.0,28.9,96.9,140.6,89.1,6142,61,1
cleveland-137,2026-08-05,69.4,75.2,24.6,96.1,142.0,92.9,3036,22,0
cleveland-137,2026-08-06,70.2,79.6,16.8,96.4,125.5,77.8,7276,74,0
cleveland-137,2026-08-07,70.3,69.8,22.2,95.9,152.8,95.7,3037,31,0
cleveland-138,2026-08-01,69.8,79.2,35.2,95.8,138.5,86.2,4725,45,0
cleveland-138,2026-08-02,74.7,77.2,41.2,95.4,139.2,92.7,2700,33,0
cleveland-138,2026-08-03,69.2,77.3,52.1,95.5,135.2,90.8,4857,42,0
cleveland-138,2026-08-04,73.3,85.6,34.7,97.0,151.5,93.1,6154,50,1
cleveland-138,2026-08-05,68.3,73.4,33.1,97.4,141.4,93.1,3337,35,1
cleveland-138,2026-08-06,73.9,81.8,39.8,96.3,133.1,88.5,7801,67,0
cleveland-138,2026-08-07,71.7,81.4,33.5,96.6,135.6,83.4,4504,48,0
cleveland-139,2026-08-01,64.2,77.5,45.1,94.9,118.9,72.0,7132,62,0
cleveland-139,2026-08-02,71.4,83.1,48.8,93.4,130.8,78.7,5161,47,1
cleveland-139,2026-08-03,63.8,60.7,56.1,97.1,131.9,79.4,769,5,0
cleveland-139,2026-08-04,69.6,77.9,49.6,97.4,132.8,82.3,6318,50,0
cleveland-139,2026-08-05,71.4,88.9,36.4,95.7,131.6,87.2,7360,70,0
cleveland-139,2026-08-06,73.8,86.4,33.1,94.6,122.1,78.1,8064,70,0
cleveland-139,2026-08-07,71.3,83.7,40.2,95.5,120.9,76.5,8019,73,0
cleveland-140,2026-08-01,59.1,79.3,67.8,98.9,123.5,77.6,11501,106,0
cleveland-140,2026-08-02,64.2,80.5,66.9,96.8,125.9,79.9,8579,77,0
cleveland-140,2026-08-03,60.4,76.0,49.5,98.3,136.4,86.7,8376,78,0
cleveland-140,2026-08-04,56.2,61.7,50.2,95.4,135.7,88.5,7326,55,0
cleveland-140,2026-08-05,69.3,84.2,50.8,98.4,118.7,76.0,9566,85,0
cleveland-140,2026-08-06,61.6,74.9,65.1,96.8,135.7,82.2,8162,74,0
cleveland-140,2026-08-07,59.6,64.4,64.1,97.3,109.5,70.9,4271,41,0
cleveland-141,2026-08-01,63.1,80.1,53.1,97.9,126.4,79.6,6437,60,0
cleveland-141,2026-08-02,57.1,75.3,50.8,95.9,138.7,88.6,7651,70,0
cleveland-141,2026-08-03,67.2,82.2,57.3,97.2,131.9,86.4,6676,58,0
cleveland-141,2026-08-04,59.6,80.4,51.5,97.9,129.4,80.8,10410,96,0
cleveland-141,2026-08-05,60.8,75.6,52.9,96.2,123.4,74.9,8366,78,0
cleveland-141,2026-08-06,65.6,78.5,44.5,97.7,131.3,82.6,8252,66,0
cleveland-141,2026-08-07,68.3,70.6,44.3,95.8,126.2,79.8,4311,41,0
cleveland-142,2026-08-01,70.3,75.9,42.0,97.3,148.9,96.9,450,6,0
cleveland-142,2026-08-02,74.5,79.0,26.1,95.5,156.4,101.4,2753,29,0
cleveland-142,2026-08-03,78.7,91.4,39.3,95.6,128.7,84.8,4775,50,1
cleveland-142,2026-08-04,70.5,78.5,47.2,97.5,122.1,75.3,4601,36,0
cleveland-142,2026-08-05,70.7,90.5,29.2,95.5,138.4,85.5,7651,72,0
cleveland-142,2026-08-06,70.4,77.6,49.7,95.4,137.4,87.7,2592,27,0
cleveland-142,2026-08-07,76.2,80.1,46.0,95.9,131.2,82.6,2071,11,0
cleveland-143,2026-08-01,62.3,72.7,64.0,95.5,118.8,77.0,8739,71,0
cleveland-143,2026-08-02,65.8,77.8,54.8,98.1,128.1,83.5,5364,51,0
cleveland-143,2026-08-03,62.8,77.1,46.7,98.2,123.2,77.1,6804,58,0
cleveland-143,2026-08-04,57.6,73.1,53.4,99.1,132.7,84.4,9767,95,0
cleveland-143,2026-08-05,61.3,65.6,65.0,99.1,115.4,73.5,3324,28,0
cleveland-143,2026-08-06,66.7,75.5,63.7,96.1,131.0,82.8,4326,28,0
cleveland-143,2026-08-07,56.4,75.8,54.4,97.9,122.5,83.3,10729,102,0
cleveland-144,2026-08-01,74.8,83.1,24.8,96.3,128.3,84.7,2491,17,0
cleveland-144,2026-08-02,74.2,76.7,17.8,95.4,144.4,89.6,717,7,0
cleveland-144,2026-08-03,70.7,75.0,15.9,95.0,130.4,82.9,0,0,0
cleveland-144,2026-08-04,76.9,84.6,20.7,94.4,153.2,96.6,4780,37,0
cleveland-144,2026-08-05,78.1,79.2,55.7,96.5,134.5,91.2,1562,21,1
cleveland-144,2026-08-06,76.0,82.8,45.7,95.8,136.6,86.2,3465,28,0
cleveland-144,2026-08-07,81.9,90.1,37.4,97.2,130.6,86.6,3293,31,1
cleveland-145,2026-08-01,62.6,83.7,73.2,98.9,135.3,85.2,10239,85,0
cleveland-145,2026-08-02,60.2,75.6,58.4,98.7,114.4,73.6,7240,64,0
cleveland-145,2026-08-03,64.1,77.5,48.1,96.2,121.8,80.1,7906,74,0
cleveland-145,2026-08-04,59.5,72.7,53.0,98.1,132.8,86.0,7836,76,0
cleveland-145,2026-08-05,66.1,73.8,66.1,95.8,116.6,71.6,2292,23,0
cleveland-145,2026-08-06,60.7,69.9,45.4,97.0,120.3,79.0,5737,50,0
cleveland-145,2026-08-07,60.9,67.8,56.7,96.9,119.4,75.2,4236,32,0
cleveland-146,2026-08-01,63.7,76.2,35.4,94.6,133.6,82.6,4555,41,1
cleveland-146,2026-08-02,67.8,72.8,41.1,95.2,139.8,84.9,2899,27,0
cleveland-146,2026-08-03,74.1,76.1,43.6,95.7,144.4,87.2,2983,11,0
cleveland-146,2026-08-04,72.4,82.7,24.0,95.4,140.2,90.6,6096,52,0
cleveland-146,2026-08-05,74.6,79.7,40.5,95.2,131.9,87.9,3521,31,0
cleveland-146,2026-08-06,66.8,80.6,25.0,96.5,144.7,98.2,6024,60,0
cleveland-146,2026-08-07,67.0,75.0,40.4,96.2,136.9,85.0,3411,33,0
cleveland-147,2026-08-01,72.7,85.5,49.7,95.4,150.0,96.9,6906,68,0
cleveland-147,2026-08-02,74.2,80.0,29.3,95.6,148.7,100.3,3005,26,0
cleveland-147,2026-08-03,81.7,90.8,38.2,95.9,149.2,96.1,6723,52,0
cleveland-147,2026-08-04,78.6,85.7,30.1,95.1,143.6,93.8,4426,44,0
cleveland-147,2026-08-05,67.1,80.3,36.4,94.1,135.8,85.2,7861,82,0
cleveland-147,2026-08-06,68.5,65.5,33.8,97.8,134.3,80.9,3213,34,0
cleveland-147,2026-08-07,72.1,90.2,31.0,96.9,149.3,95.5,8678,71,0
cleveland-148,2026-08-01,57.9,66.8,56.6,97.5,122.4,75.2,7408,63,0
cleveland-148,2026-08-02,55.3,62.7,56.5,97.9,121.6,75.4,3851,37,0
cleveland-148,2026-08-03,62.8,71.5,58.6,97.7,113.8,69.9,4448,44,1
cleveland-148,2026-08-04,59.0,74.0,58.6,98.8,149.6,92.2,6812,65,0
cleveland-148,2026-08-05,54.9,75.1,59.4,98.3,106.0,71.9,8860,80,0
cleveland-148,2026-08-06,69.3,82.7,47.6,95.5,120.0,79.2,7760,70,0
cleveland-148,2026-08-07,61.6,66.2,57.4,98.6,118.9,76.9,4792,42,0
cleveland-149,2026-08-01,62.6,73.8,44.3,98.9,122.9,80.0,5787,56,0
cleveland-149,2026-08-02,61.3,73.3,45.0,95.9,111.4,70.7,7644,74,0
cleveland-149,2026-08-03,60.0,73.4,51.0,97.9,120.9,81.4,7725,69,0
cleveland-149,2026-08-04,55.3,70.1,59.1,96.7,112.3,69.7,8971,82,0
cleveland-149,2026-08-05,63.0,82.3,39.3,98.3,104.6,68.7,6724,71,0
cleveland-149,2026-08-06,61.9,78.3,43.6,97.7,116.6,76.4,7928,69,0
cleveland-149,2026-08-07,60.8,73.0,51.5,97.1,124.2,78.2,7945,71,0
cleveland-150,2026-08-01,62.1,79.2,47.1,97.5,122.7,79.1,9836,91,0
cleveland-150,2026-08-02,58.6,67.5,49.8,97.2,114.0,68.9,6064,53,0
cleveland-150,2026-08-03,60.1,73.9,36.7,95.9,132.1,88.0,5747,58,0
cleveland-150,2026-08-04,61.7,76.5,54.7,98.4,128.8,86.7,6661,70,0
cleveland-150,2026-08-05,64.9,78.9,55.4,97.6,133.3,87.4,7450,64,0
cleveland-150,2026-08-06,61.5,74.2,74.7,96.0,133.9,87.8,7211,78,0
cleveland-150,2026-08-07,62.7,68.4,46.5,98.4,120.4,79.3,4582,32,0
cleveland-151,2026-08-01,67.6,75.0,43.8,96.5,127.0,84.2,4601,52,0
cleveland-151,2026-08-02,60.7,70.4,61.7,98.0,115.8,70.8,6926,66,0
cleveland-151,2026-08-03,58.5,65.2,56.0,96.3,111.6,74.5,5588,48,0
cleveland-151,2026-08-04,58.4,66.4,48.9,97.1,132.2,87.3,7155,57,0
cleveland-151,2026-08-05,66.8,76.7,60.3,96.6,118.2,80.0,5740,54,0
cleveland-151,2026-08-06,66.6,81.6,66.5,98.2,119.4,77.1,6707,69,0
cleveland-151,2026-08-07,62.1,64.9,70.0,96.1,139.8,85.6,4803,39,0
cleveland-152,2026-08-01,55.9,73.0,60.9,98.6,114.7,70.2,5438,47,0
cleveland-152,2026-08-02,59.0,70.9,54.7,97.5,121.9,82.2,8739,74,0
cleveland-152,2026-08-03,55.4,63.8,65.4,97.5,104.3,64.8,4751,46,0
cleveland-152,2026-08-04,64.3,87.1,51.1,95.5,114.0,75.7,11071,100,0
cleveland-152,2026-08-05,59.3,77.0,59.3,98.6,123.6,74.9,10705,95,0
cleveland-152,2026-08-06,62.6,77.9,60.4,97.6,117.1,76.3,7119,67,0
cleveland-152,2026-08-07,63.8,74.0,58.9,97.0,122.5,76.7,8203,66,0
cleveland-153,2026-08-01,62.9,80.8,49.4,99.1,125.9,75.9,10894,101,0
cleveland-153,2026-08-02,63.8,68.2,45.7,96.9,135.9,85.6,3695,29,0
cleveland-153,2026-08-03,68.4,76.7,72.4,97.0,123.3,82.0,5432,48,0
cleveland-153,2026-08-04,64.3,69.7,49.3,98.8,127.0,78.4,6195,45,0
cleveland-153,2026-08-05,62.8,80.5,58.2,95.5,124.8,77.8,8380,79,0
cleveland-153,2026-08-06,62.3,70.2,61.5,96.5,117.3,76.8,3951,38,0
cleveland-153,2026-08-07,63.6,75.9,51.2,98.0,121.0,74.3,7513,68,0
cleveland-154,2026-08-01,78.4,90.7,33.5,95.5,122.6,77.4,6182,60,0
cleveland-154,2026-08-02,74.9,82.7,45.9,97.0,152.1,91.4,2611,27,0
cleveland-154,2026-08-03,77.1,87.2,52.6,96.6,140.1,86.4,5554,47,0
cleveland-154,2026-08-04,73.9,90.9,36.2,96.9,113.5,69.5,7164,74,0
cleveland-154,2026-08-05,72.7,80.5,37.0,96.5,138.0,83.4,4072,31,1
cleveland-154,2026-08-06,70.6,76.2,32.5,96.5,145.0,89.9,2294,14,0
cleveland-154,2026-08-07,74.2,86.8,49.9,97.6,144.6,89.4,9053,70,1
cleveland-155,2026-08-01,72.0,78.8,43.8,96.0,141.4,95.0,3654,30,0
cleveland-155,2026-08-02,77.2,92.2,39.1,97.1,130.1,85.5,4587,56,0
cleveland-155,2026-08-03,75.0,86.5,39.7,94.6,152.6,99.3,4431,40,0
cleveland-155,2026-08-04,66.5,79.6,36.4,94.0,137.5,84.8,5637,56,1
cleveland-155,2026-08-05,71.0,88.6,37.0,95.6,148.9,95.4,7688,67,0
cleveland-155,2026-08-06,73.2,73.8,38.2,96.3,143.5,94.9,3332,28,0
cleveland-155,2026-08-07,68.4,77.0,32.1,96.6,147.8,91.5,4429,42,0
cleveland-156,2026-08-01,71.0,75.6,15.4,96.8,136.9,90.3,4039,42,0
cleveland-156,2026-08-02,70.9,75.2,32.4,94.8,142.1,85.4,1643,29,0
cleveland-156,2026-08-03,78.1,75.8,46.3,97.1,130.9,85.3,938,13,1
cleveland-156,2026-08-04,74.2,87.9,35.3,95.7,155.4,100.7,5485,43,0
cleveland-156,2026-08-05,81.2,92.2,47.9,96.5,151.0,95.1,3973,41,0
cleveland-156,2026-08-06,73.1,85.8,11.5,96.4,124.8,82.0,6453,56,1
cleveland-156,2026-08-07,75.2,83.2,22.6,96.6,127.0,83.6,4105,36,0
cleveland-157,2026-08-01,78.9,92.8,39.7,96.2,138.8,91.3,6216,58,0
cleveland-157,2026-08-02,64.3,74.2,37.8,95.8,142.2,95.3,6227,50,0
cleveland-157,2026-08-03,72.9,80.4,23.4,96.3,123.8,79.4,6790,62,0
cleveland-157,2026-08-04,65.4,75.8,24.8,96.1,142.0,96.2,6264,56,0
cleveland-157,2026-08-05,69.6,87.3,27.8,95.2,137.8,87.0,10696,90,0
cleveland-157,2026-08-06,69.8,74.5,35.6,96.8,133.0,84.0,4405,33,0
cleveland-157,2026-08-07,71.7,84.3,42.9,95.8,134.7,88.9,6151,52,0
cleveland-158,2026-08-01,71.7,80.6,27.8,96.0,141.9,92.6,3849,37,1
cleveland-158,2026-08-02,65.8,70.0,39.6,95.2,140.7,91.5,1464,13,0
cleveland-158,2026-08-03,72.9,81.4,20.1,97.3,142.4,96.1,3447,32,0
cleveland-158,2026-08-04,75.8,92.3,21.6,95.0,120.2,75.0,7579,79,0
cleveland-158,2026-08-05,71.6,76.2,39.7,94.4,133.6,80.9,2982,23,1
cleveland-158,2026-08-06,69.9,78.5,36.6,96.6,156.4,98.6,4790,51,0
cleveland-158,2026-08-07,73.5,79.5,44.6,96.4,137.9,83.2,4759,49,1
cleveland-159,2026-08-01,71.2,75.8,29.7,96.2,143.2,90.7,3016,19,1
cleveland-159,2026-08-02,80.1,91.2,50.3,98.0,130.8,86.7,6342,61,0
cleveland-159,2026-08-03,72.8,83.7,36.3,94.5,145.1,97.5,5611,52,0
cleveland-159,2026-08-04,75.9,79.9,33.7,94.5,144.4,94.6,2391,16,0
cleveland-159,2026-08-05,64.2,80.1,32.2,97.2,135.2,81.6,6652,64,0
cleveland-159,2026-08-06,79.7,90.0,40.3,98.5,132.2,84.3,4787,42,0
cleveland-159,2026-08-07,72.4,88.9,33.3,96.5,136.9,86.8,6641,66,0
cleveland-160,2026-08-01,55.4,62.3,49.3,96.7,126.1,79.9,6577,54,0
cleveland-160,2026-08-02,60.1,77.8,50.5,98.5,135.5,90.0,7160,68,0
cleveland-160,2026-08-03,56.6,71.8,46.2,98.2,121.6,76.5,6501,59,0
cleveland-160,2026-08-04,64.7,73.5,57.6,96.0,124.7,77.8,6733,68,0
cleveland-160,2026-08-05,67.0,76.2,57.4,97.3,130.9,88.3,5150,43,0
cleveland-160,2026-08-06,59.3,69.1,48.9,97.3,131.0,82.5,5632,57,0
cleveland-160,2026-08-07,57.6,71.1,44.7,98.0,130.1,81.1,7606,79,0
cleveland-161,2026-08-01,56.4,82.1,52.5,96.5,122.6,80.9,10376,96,0
cleveland-161,2026-08-02,54.1,63.8,66.6,95.7,115.0,70.7,7420,66,0
cleveland-161,2026-08-03,64.7,77.7,58.3,96.7,110.5,66.9,8311,77,0
cleveland-161,2026-08-04,62.3,81.2,51.0,98.2,114.9,74.5,7880,83,0
cleveland-161,2026-08-05,62.1,81.7,44.1,96.4,99.2,65.1,10354,96,0
cleveland-161,2026-08-06,59.8,72.7,72.5,97.6,116.7,75.4,10089,91,0
cleveland-161,2026-08-07,55.5,69.5,57.1,97.7,117.2,75.5,7746,75,0
cleveland-162,2026-08-01,73.0,79.7,22.1,95.0,141.6,96.0,4540,31,0
cleveland-162,2026-08-02,73.8,75.6,34.1,98.3,133.8,83.1,2707,20,0
cleveland-162,2026-08-03,73.3,81.1,47.3,96.4,134.4,88.3,5861,51,0
cleveland-162,2026-08-04,68.7,80.7,18.6,95.4,149.6,95.8,6494,61,1
cleveland-162,2026-08-05,70.7,81.3,14.5,96.4,134.4,83.4,4225,39,0
cleveland-162,2026-08-06,76.1,93.4,25.8,96.1,138.1,89.9,8722,80,0
cleveland-162,2026-08-07,79.4,90.6,35.4,96.8,145.4,92.4,6299,58,0
cleveland-163,2026-08-01,58.2,67.0,49.6,97.4,108.1,66.7,5511,47,0
cleveland-163,2026-08-02,60.5,74.5,54.8,97.4,119.7,81.1,9191,73,0
cleveland-163,2026-08-03,63.5,75.1,43.7,97.0,122.8,79.8,7842,65,0
cleveland-163,2026-08-04,57.0,66.9,54.7,97.5,120.3,76.9,6502,61,0
cleveland-163,2026-08-05,65.3,74.1,50.6,97.4,115.7,75.1,9111,80,0
cleveland-163,2026-08-06,58.6,65.5,53.4,99.1,122.5,81.2,5034,37,0
cleveland-163,2026-08-07,63.1,78.7,51.5,97.5,107.2,70.0,7535,78,0
cleveland-164,2026-08-01,62.2,74.0,51.3,97.9,125.0,77.4,4120,38,0
cleveland-164,2026-08-02,65.7,85.1,62.1,97.8,117.4,78.9,9237,86,0
cleveland-164,2026-08-03,61.6,70.3,53.0,97.4,135.3,91.9,7119,64,0
cleveland-164,2026-08-04,59.6,79.4,51.1,99.3,133.8,87.8,7750,69,0
cleveland-164,2026-08-05,59.5,74.8,42.7,98.1,124.2,80.3,7836,69,0
cleveland-164,2026-08-06,60.0,80.3,59.0,97.0,120.9,74.2,9100,81,0
cleveland-164,2026-08-07,59.5,73.8,30.6,98.5,121.7,77.2,6005,52,0
cleveland-165,2026-08-01,66.1,82.5,61.4,97.2,118.7,72.7,8991,86,0
cleveland-165,2026-08-02,63.3,76.2,54.4,96.4,115.0,76.1,8706,85,0
cleveland-165,2026-08-03,59.5,72.6,63.8,97.0,118.4,79.8,8385,75,0
cleveland-165,2026-08-04,65.5,81.6,49.4,96.7,133.5,85.7,8720,81,0
cleveland-165,2026-08-05,64.3,75.4,66.7,98.6,111.6,72.0,6870,58,0
cleveland-165,2026-08-06,63.1,74.5,55.4,98.3,123.5,75.0,6240,58,0
cleveland-165,2026-08-07,64.3,73.1,53.6,99.1,109.6,67.0,6255,51,0
cleveland-166,2026-08-01,62.9,66.7,48.0,95.7,109.0,69.5,5969,53,0
cleveland-166,2026-08-02,66.4,83.5,67.3,95.6,117.3,79.3,7372,60,0
cleveland-166,2026-08-03,61.8,76.2,67.0,97.5,128.1,83.8,4643,39,0
cleveland-166,2026-08-04,63.4,82.1,46.5,98.4,112.3,69.5,6104,65,0
cleveland-166,2026-08-05,59.6,76.9,41.2,97.6,126.0,76.3,8749,78,0
cleveland-166,2026-08-06,64.4,75.1,50.2,98.0,127.9,83.3,8540,69,0
cleveland-166,2026-08-07,56.5,71.3,51.0,97.1,136.3,83.3,8962,82,0
cleveland-167,2026-08-01,64.5,79.7,65.6,97.4,108.4,73.7,6747,49,0
cleveland-167,2026-08-02,59.0,71.7,47.2,98.5,113.2,75.1,5956,54,0
cleveland-167,2026-08-03,65.7,74.0,56.1,98.5,117.2,75.0,6126,51,0
cleveland-167,2026-08-04,59.7,70.5,61.0,99.2,107.7,73.1,5910,57,0
cleveland-167,2026-08-05,64.4,75.1,63.7,97.5,115.9,76.6,6915,61,0
cleveland-167,2026-08-06,62.5,87.6,64.3,98.8,127.4,83.3,9207,86,0
cleveland-167,2026-08-07,64.3,81.3,58.4,97.4,120.9,72.7,8273,80,0
cleveland-168,2026-08-01,60.5,74.4,44.8,99.2,118.9,77.1,7742,71,0
cleveland-168,2026-08-02,58.0,70.3,69.2,97.6,133.9,84.2,6505,61,0
cleveland-168,2026-08-03,61.1,80.8,60.1,97.0,120.8,77.5,11045,91,0
cleveland-168,2026-08-04,59.3,79.7,53.1,98.2,130.3,84.9,9211,90,0
cleveland-168,2026-08-05,63.8,73.9,59.3,96.7,109.6,73.0,7370,68,0
cleveland-168,2026-08-06,62.5,72.9,66.1,97.9,114.2,72.4,8451,74,0
cleveland-168,2026-08-07,57.8,70.2,64.3,97.1,139.3,90.5,7487,75,0
cleveland-169,2026-08-01,67.4,76.4,38.5,96.2,121.3,77.9,6828,60,0
cleveland-169,2026-08-02,71.9,79.5,35.7,94.7,124.4,77.1,3513,34,0
cleveland-169,2026-08-03,67.7,75.7,36.6,96.9,128.0,80.8,3110,25,1
cleveland-169,2026-08-04,72.3,82.8,25.4,95.4,131.5,82.6,3795,37,0
cleveland-169,2026-08-05,67.5,80.0,45.1,94.5,128.9,83.6,6840,61,0
cleveland-169,2026-08-06,72.1,77.9,39.5,97.5,144.8,95.2,4382,34,0
cleveland-169,2026-08-07,61.9,69.9,48.0,97.3,138.2,90.7,4470,42,0
cleveland-170,2026-08-01,62.9,80.2,67.2,96.4,123.5,76.8,7472,72,0
cleveland-170,2026-08-02,62.2,77.4,57.6,97.2,105.9,68.2,7070,66,0
cleveland-170,2026-08-03,56.8,70.6,70.9,97.8,116.3,72.2,9605,91,0
cleveland-170,2026-08-04,64.4,82.5,57.3,96.3,131.0,88.0,5025,44,0
cleveland-170,2026-08-05,57.5,70.8,50.4,99.3,129.1,82.3,8096,79,0
cleveland-170,2026-08-06,61.6,70.1,69.6,97.8,115.9,73.3,4632,30,0
cleveland-170,2026-08-07,59.5,76.0,65.1,98.9,126.3,81.8,8554,79,0
cleveland-171,2026-08-01,78.1,89.6,12.2,95.4,142.0,91.2,3511,41,0
cleveland-171,2026-08-02,72.4,83.9,21.5,96.7,139.5,87.7,4506,43,0
cleveland-171,2026-08-03,72.8,80.0,47.6,96.0,148.2,96.8,5566,43,0
cleveland-171,2026-08-04,71.8,82.0,41.8,95.4,148.2,91.4,4275,43,0
cleveland-171,2026-08-05,77.3,87.8,46.5,95.4,133.1,85.1,6114,61,0
cleveland-171,2026-08-06,71.6,84.7,36.1,95.9,143.4,96.9,6150,57,0
cleveland-171,2026-08-07,76.3,85.5,35.4,95.1,145.1,92.3,6404,60,0
cleveland-172,2026-08-01,60.0,62.8,57.2,97.4,113.4,70.0,3512,16,0
cleveland-172,2026-08-02,68.9,77.3,47.9,97.6,110.3,73.5,5134,45,0
cleveland-172,2026-08-03,64.4,72.1,53.0,97.5,113.7,74.9,4591,44,0
cleveland-172,2026-08-04,61.4,77.5,45.7,99.2,118.3,73.7,9250,79,0
cleveland-172,2026-08-05,62.2,79.4,58.6,96.2,128.5,87.0,7919,76,1
cleveland-172,2026-08-06,64.3,76.1,61.2,99.0,123.2,76.5,8967,79,0
cleveland-172,2026-08-07,60.9,73.7,46.0,98.0,136.4,92.4,9130,70,0
cleveland-173,2026-08-01,71.3,78.4,36.3,96.8,123.6,76.6,4935,54,0
cleveland-173,2026-08-02,68.9,73.9,27.3,97.1,139.2,94.0,3887,32,0
cleveland-173,2026-08-03,71.6,84.6,32.7,95.2,140.4,89.1,3818,33,1
cleveland-173,2026-08-04,68.4,79.8,28.3,94.9,148.5,90.1,5251,57,0
cleveland-173,2026-08-05,74.7,77.6,30.9,97.1,131.4,89.3,3762,31,0
cleveland-173,2026-08-06,70.9,78.9,16.1,95.8,134.4,89.4,5581,47,0
cleveland-173,2026-08-07,78.5,92.2,29.0,95.3,128.8,86.2,5372,49,0
cleveland-174,2026-08-01,72.6,82.6,52.0,97.2,114.0,72.3,7098,67,0
cleveland-174,2026-08-02,63.9,64.8,53.7,96.8,136.5,82.7,4886,48,0
cleveland-174,2026-08-03,55.6,60.0,48.4,96.2,123.8,76.1,3541,30,0
cleveland-174,2026-08-04,64.8,73.3,43.1,97.0,139.8,87.1,5232,46,0
cleveland-174,2026-08-05,56.2,71.2,47.1,98.9,122.3,74.8,7137,75,0
cleveland-174,2026-08-06,60.7,75.3,50.5,97.5,118.8,73.8,8483,73,0
cleveland-174,2026-08-07,59.8,76.6,61.3,97.6,124.3,81.8,6212,58,0
cleveland-175,2026-08-01,77.9,90.9,24.2,95.9,151.2,99.2,6332,61,1
cleveland-175,2026-08-02,69.4,79.2,48.1,96.6,143.3,96.8,4663,43,1
cleveland-175,2026-08-03,70.2,83.2,22.1,96.1,124.5,74.9,3678,35,0
cleveland-175,2026-08-04,82.4,85.0,32.0,96.3,127.5,78.2,4669,42,1
cleveland-175,2026-08-05,76.7,90.5,32.0,97.2,150.4,92.1,7466,68,0
cleveland-175,2026-08-06,73.6,87.1,12.8,95.8,128.0,81.7,7449,71,0
cleveland-175,2026-08-07,70.7,88.6,49.4,95.3,119.0,71.9,7295,74,0
cleveland-176,2026-08-01,72.5,78.2,19.7,96.0,144.1,87.4,4886,43,0
cleveland-176,2026-08-02,79.7,87.7,51.3,96.0,141.0,89.8,6066,63,0
cleveland-176,2026-08-03,74.5,83.8,40.5,97.6,156.8,97.5,6121,56,0
cleveland-176,2026-08-04,75.0,82.6,38.0,95.1,134.3,81.1,3393,32,0
cleveland-176,2026-08-05,68.9,81.8,31.7,97.6,137.0,83.6,4594,47,0
cleveland-176,2026-08-06,72.4,88.0,29.3,97.9,146.2,99.0,7472,65,0
cleveland-176,2026-08-07,68.6,78.5,41.0,96.8,162.0,108.2,7488,68,0
cleveland-177,2026-08-01,61.6,72.9,47.6,97.8,131.9,87.3,6359,57,1
cleveland-177,2026-08-02,66.0,89.5,58.2,96.1,118.2,72.6,9358,91,1
cleveland-177,2026-08-03,64.6,85.4,44.4,97.9,113.6,72.8,12788,117,0
cleveland-177,2026-08-04,59.5,75.7,48.4,99.6,132.9,89.9,6629,58,0
cleveland-177,2026-08-05,49.2,63.5,75.4,97.7,126.3,82.0,8172,78,0
cleveland-177,2026-08-06,62.7,73.0,67.5,96.9,116.7,79.0,6511,57,0
cleveland-177,2026-08-07,55.3,78.8,51.7,97.7,125.3,77.2,10645,104,0
cleveland-178,2026-08-01,69.7,82.6,36.8,96.6,145.6,96.7,4736,46,0
cleveland-178,2026-08-02,72.0,79.7,30.0,95.1,132.1,88.8,5890,46,0
cleveland-178,2026-08-03,68.6,77.2,40.1,95.7,131.7,81.7,5661,47,0
cleveland-178,2026-08-04,69.1,74.4,23.4,94.5,134.5,90.1,4329,47,1
cleveland-178,2026-08-05,80.7,92.4,39.9,95.6,136.8,84.0,8007,70,0
cleveland-178,2026-08-06,72.6,75.4,25.4,95.5,130.1,86.6,4039,38,0
cleveland-178,2026-08-07,67.3,89.2,33.2,98.2,146.6,95.6,10713,92,0
cleveland-179,2026-08-01,59.2,77.2,48.4,97.8,121.5,73.2,9705,85,0
cleveland-179,2026-08-02,54.3,64.6,53.2,97.6,126.7,79.3,7351,65,0
cleveland-179,2026-08-03,59.0,61.7,57.0,97.4,126.0,81.1,6350,59,0
cleveland-179,2026-08-04,55.6,67.5,68.8,97.1,116.0,69.6,6668,58,0
cleveland-179,2026-08-05,58.5,70.8,51.1,96.3,121.5,76.8,5169,50,0
cleveland-179,2026-08-06,61.4,77.5,64.3,99.7,118.3,79.0,4978,54,0
cleveland-179,2026-08-07,57.3,80.1,56.6,98.7,109.4,67.7,11641,107,1
cleveland-180,2026-08-01,63.6,74.5,43.6,96.7,124.4,84.5,6745,59,0
cleveland-180,2026-08-02,57.7,69.3,41.1,97.6,120.8,77.2,7402,65,0
cleveland-180,2026-08-03,64.4,85.2,45.8,97.6,116.2,78.9,9364,87,0
cleveland-180,2026-08-04,63.3,75.8,41.5,97.2,121.5,80.6,6378,59,0
cleveland-180,2026-08-05,61.2,80.3,62.3,95.8,109.0,67.5,8704,82,0
cleveland-180,2026-08-06,59.4,74.3,54.7,98.9,138.7,91.0,7885,78,0
cleveland-180,2026-08-07,61.2,72.7,47.9,97.3,113.4,74.5,8268,82,0
cleveland-181,2026-08-01,64.7,68.5,29.9,95.4,148.0,91.1,4876,40,0
cleveland-181,2026-08-02,74.1,83.3,50.3,96.4,112.5,70.4,6151,54,0
cleveland-181,2026-08-03,74.7,72.2,43.1,96.5,130.5,86.3,2907,25,0
cleveland-181,2026-08-04,69.7,87.4,58.5,94.2,125.1,79.3,8499,78,0
cleveland-181,2026-08-05,68.9,80.9,40.1,95.3,142.8,86.7,6916,63,0
cleveland-181,2026-08-06,67.0,75.3,49.0,95.8,138.8,84.3,5262,40,0
cleveland-181,2026-08-07,72.2,80.0,32.2,95.7,141.1,86.3,4797,53,0
cleveland-182,2026-08-01,67.5,70.9,41.9,96.7,133.7,82.4,1408,9,0
cleveland-182,2026-08-02,72.5,76.6,24.8,95.8,127.9,82.0,4053,30,0
cleveland-182,2026-08-03,66.9,82.6,45.3,95.6,118.4,76.6,6601,56,0
cleveland-182,2026-08-04,74.2,89.1,44.9,96.5,125.9,81.2,7061,60,0
cleveland-182,2026-08-05,72.7,80.8,25.6,95.4,130.4,81.4,5122,48,0
cleveland-182,2026-08-06,72.9,78.3,28.4,97.1,137.2,87.5,5786,52,0
cleveland-182,2026-08-07,76.4,84.4,37.3,94.3,141.4,90.0,3380,25,0
cleveland-183,2026-08-01,56.7,75.3,60.5,99.1,125.7,77.5,10537,89,0
cleveland-183,2026-08-02,56.5,74.8,65.1,97.0,127.0,84.5,8387,74,0
cleveland-183,2026-08-03,65.0,75.5,63.6,97.4,127.8,81.4,8634,67,0
cleveland-183,2026-08-04,55.0,66.6,66.6,98.2,114.2,75.1,6760,71,0
cleveland-183,2026-08-05,56.1,67.4,69.3,97.3,115.1,73.2,8828,75,0
cleveland-183,2026-08-06,60.1,63.6,47.2,95.7,110.7,73.6,4102,31,0
cleveland-183,2026-08-07,66.8,82.8,57.4,97.3,125.3,78.1,8505,78,0
cleveland-184,2026-08-01,66.2,74.3,44.9,97.9,117.9,77.1,4544,35,0
cleveland-184,2026-08-02,64.6,80.8,60.4,97.9,126.6,85.4,8483,82,1
cleveland-184,2026-08-03,69.0,79.2,53.4,97.6,129.4,84.3,5543,52,0
cleveland-184,2026-08-04,65.8,76.7,48.8,98.2,127.8,82.6,6075,56,0
cleveland-184,2026-08-05,59.1,68.9,58.2,97.9,136.6,88.8,6278,61,0
cleveland-184,2026-08-06,66.9,84.3,63.7,97.9,120.6,79.7,7704,67,0
cleveland-184,2026-08-07,59.0,81.5,68.7,97.6,115.2,76.9,9698,97,0
cleveland-185,2026-08-01,77.6,88.8,39.7,96.3,144.1,87.0,3440,34,0
cleveland-185,2026-08-02,71.5,76.9,39.1,95.4,127.4,78.3,3963,36,0
cleveland-185,2026-08-03,76.2,86.2,33.3,94.8,136.1,91.7,5114,47,0
cleveland-185,2026-08-04,72.6,81.2,38.9,95.0,162.2,107.3,5141,49,1
cleveland-185,2026-08-05,72.7,79.3,27.9,96.4,124.4,77.8,6202,59,0
cleveland-185,2026-08-06,78.3,81.8,68.5,97.2,148.6,93.3,3249,34,1
cleveland-185,2026-08-07,67.7,70.0,43.1,95.9,140.2,88.3,2748,21,0
cleveland-186,2026-08-01,61.2,71.4,43.5,98.1,131.9,82.5,6306,66,0
cleveland-186,2026-08-02,63.6,70.7,60.9,97.8,122.1,74.9,4034,37,0
cleveland-186,2026-08-03,68.2,72.8,60.7,96.5,123.3,76.7,4758,33,0
cleveland-186,2026-08-04,57.4,64.9,53.6,98.7,133.6,83.0,3527,35,0
cleveland-186,2026-08-05,70.9,77.9,45.6,94.6,116.5,76.7,6888,56,0
cleveland-186,2026-08-06,58.2,72.0,56.4,97.1,120.4,78.0,7313,66,0
cleveland-186,2026-08-07,62.9,70.8,43.9,96.8,122.4,75.8,4412,38,0
cleveland-187,2026-08-01,64.3,82.8,57.1,97.3,128.1,81.4,10318,93,0
cleveland-187,2026-08-02,60.6,65.0,52.8,98.4,122.6,81.0,5496,50,0
cleveland-187,2026-08-03,57.8,80.6,61.8,99.4,125.9,77.8,8946,86,0
cleveland-187,2026-08-04,56.9,67.4,64.9,97.5,122.7,78.7,6711,69,0
cleveland-187,2026-08-05,62.1,70.6,46.9,96.7,114.8,75.0,7124,64,0
cleveland-187,2026-08-06,60.3,64.7,63.5,97.0,114.9,76.5,4334,40,0
cleveland-187,2026-08-07,57.5,74.4,51.7,97.5,97.6,65.7,7622,62,0
cleveland-188,2026-08-01,72.7,89.4,28.4,95.9,152.5,103.7,5847,58,0
cleveland-188,2026-08-02,79.9,82.7,39.5,96.1,143.9,93.4,5030,38,0
cleveland-188,2026-08-03,69.2,81.5,33.1,96.1,142.4,89.1,6122,55,0
cleveland-188,2026-08-04,72.9,72.9,41.9,97.0,133.6,80.7,2725,21,0
cleveland-188,2026-08-05,76.2,79.2,26.9,95.9,138.8,84.3,3404,28,0
cleveland-188,2026-08-06,75.8,79.8,32.1,96.1,152.2,100.3,1541,17,0
cleveland-188,2026-08-07,75.0,78.4,19.3,97.5,145.4,95.4,3451,22,0
cleveland-189,2026-08-01,66.5,73.7,43.6,97.3,137.5,86.8,5827,52,0
cleveland-189,2026-08-02,70.7,89.5,39.3,96.0,139.6,84.6,6242,56,0
cleveland-189,2026-08-03,73.1,87.4,60.0,96.2,137.1,83.6,7795,65,0
cleveland-189,2026-08-04,71.1,84.7,26.0,97.3,135.2,88.7,7299,63,0
cleveland-189,2026-08-05,73.7,81.5,19.8,96.7,136.8,85.5,4848,36,0
cleveland-189,2026-08-06,70.7,79.2,38.6,97.1,130.4,86.8,6749,59,0
cleveland-189,2026-08-07,72.9,82.2,31.5,97.2,131.6,88.1,5465,46,0
cleveland-190,2026-08-01,74.6,85.6,33.1,96.2,126.3,77.3,4657,46,0
cleveland-190,2026-08-02,78.2,92.5,29.8,96.2,138.7,92.3,3692,41,0
cleveland-190,2026-08-03,80.3,89.3,19.8,94.6,138.6,90.1,4013,28,1
cleveland-190,2026-08-04,79.2,92.3,40.8,96.2,133.9,85.9,8160,72,0
cleveland-190,2026-08-05,78.8,92.7,25.3,95.7,137.0,86.4,6356,53,0
cleveland-190,2026-08-06,83.4,84.4,34.7,95.9,146.7,89.7,1138,9,1
cleveland-190,2026-08-07,73.8,77.9,15.6,95.7,143.7,89.2,3630,32,0
cleveland-191,2026-08-01,61.5,81.8,49.5,97.8,125.1,79.2,11782,106,0
cleveland-191,2026-08-02,57.4,64.4,62.2,96.8,117.6,74.6,5652,42,0
cleveland-191,2026-08-03,62.0,75.2,69.2,98.3,127.5,78.7,7250,66,0
cleveland-191,2026-08-04,61.3,77.6,51.6,98.1,115.4,77.7,8169,73,0
cleveland-191,2026-08-05,61.9,71.1,53.0,100.0,124.2,82.7,4944,51,0
cleveland-191,2026-08-06,62.6,78.3,61.9,98.1,122.9,81.2,7842,72,0
cleveland-191,2026-08-07,61.5,74.4,50.2,97.4,129.5,82.6,4219,42,0
cleveland-192,2026-08-01,71.8,76.8,35.2,95.7,139.7,93.6,3187,27,0
cleveland-192,2026-08-02,74.6,81.6,35.1,95.6,139.5,91.1,6687,56,0
cleveland-192,2026-08-03,71.6,75.3,28.5,94.6,138.6,93.6,2565,28,0
cleveland-192,2026-08-04,71.5,75.3,40.8,95.8,113.1,69.7,4953,46,0
cleveland-192,2026-08-05,66.9,77.5,40.3,96.0,143.7,95.8,6006,58,0
cleveland-192,2026-08-06,73.6,78.9,28.6,95.5,145.1,96.9,6057,58,0
cleveland-192,2026-08-07,70.6,83.3,48.4,94.0,139.3,85.6,6209,58,0
cleveland-193,2026-08-01,70.0,72.9,39.8,96.5,143.9,87.3,2231,13,0
cleveland-193,2026-08-02,76.8,86.6,17.4,96.1,143.4,90.8,4711,41,0
cleveland-193,2026-08-03,75.0,89.0,40.8,95.1,145.1,89.6,4540,38,0
cleveland-193,2026-08-04,61.6,73.7,36.5,96.5,142.1,92.3,8072,74,0
cleveland-193,2026-08-05,68.7,77.6,35.9,95.6,123.7,75.8,5120,50,1
cleveland-193,2026-08-06,63.8,74.0,42.9,96.1,130.0,82.4,6239,63,0
cleveland-193,2026-08-07,74.0,86.3,35.0,96.0,134.7,84.6,5843,53,1
cleveland-194,2026-08-01,73.1,83.3,45.6,98.1,151.3,98.9,5496,47,0
cleveland-194,2026-08-02,66.2,77.4,31.8,96.7,142.3,92.1,5074,48,0
cleveland-194,2026-08-03,73.4,81.2,48.5,96.1,140.1,91.2,4292,36,0
cleveland-194,2026-08-04,72.5,75.2,28.2,96.1,145.0,97.3,1069,12,0
cleveland-194,2026-08-05,76.1,83.1,23.4,97.0,139.2,84.6,5005,43,0
cleveland-194,2026-08-06,72.5,79.7,30.7,94.1,151.2,92.7,3367,24,0
cleveland-194,2026-08-07,73.6,79.8,29.9,95.5,129.8,83.4,4700,43,1
cleveland-195,2026-08-01,67.5,76.1,37.1,97.5,118.7,79.2,7084,61,0
cleveland-195,2026-08-02,67.6,85.9,35.0,96.0,132.6,79.9,9316,87,0
cleveland-195,2026-08-03,65.9,82.1,40.2,98.8,131.0,79.5,8063,84,0
cleveland-195,2026-08-04,62.2,77.4,51.1,96.0,127.2,79.0,9853,80,0
cleveland-195,2026-08-05,63.0,72.1,49.1,96.7,118.9,78.3,5482,44,0
cleveland-195,2026-08-06,62.0,75.6,46.8,97.5,122.5,80.2,6769,66,0
cleveland-195,2026-08-07,63.5,75.4,34.0,97.4,123.6,75.2,5261,45,0
cleveland-196,2026-08-01,70.1,77.1,28.7,95.5,148.3,89.1,4627,44,0
cleveland-196,2026-08-02,73.8,81.9,26.0,95.8,152.1,94.8,6169,52,0
cleveland-196,2026-08-03,70.3,82.6,39.4,96.4,133.1,88.0,3472,33,0
cleveland-196,2026-08-04,75.9,82.0,33.0,96.0,139.5,94.2,5063,44,0
cleveland-196,2026-08-05,74.2,77.8,31.0,97.3,124.5,84.0,2875,27,0
cleveland-196,2026-08-06,79.1,91.8,47.6,95.8,144.0,93.7,7574,58,0
cleveland-196,2026-08-07,64.4,76.7,29.9,97.8,135.1,83.0,6617,60,0
cleveland-197,2026-08-01,61.2,84.7,57.4,97.6,130.8,85.2,10515,93,0
cleveland-197,2026-08-02,70.9,90.7,40.3,97.7,124.0,78.3,8770,81,0
cleveland-197,2026-08-03,60.8,80.5,50.2,97.5,125.8,78.7,8727,77,0
cleveland-197,2026-08-04,66.7,82.4,54.6,96.7,130.8,83.5,7022,68,0
cleveland-197,2026-08-05,64.8,79.5,54.5,98.3,115.3,74.0,6238,54,0
cleveland-197,2026-08-06,58.5,70.0,56.5,96.1,110.1,72.0,6855,64,0
cleveland-197,2026-08-07,59.4,73.1,47.9,96.2,130.3,82.5,6903,63,0
cleveland-198,2026-08-01,59.1,70.1,60.0,97.7,99.6,65.1,7919,74,0
cleveland-198,2026-08-02,56.1,69.7,64.5,96.1,113.1,72.9,6517,54,0
cleveland-198,2026-08-03,63.4,75.9,65.3,97.3,119.7,80.6,7951,69,0
cleveland-198,2026-08-04,65.2,79.8,61.7,99.3,115.2,78.1,8936,77,0
cleveland-198,2026-08-05,56.9,70.6,46.5,97.1,117.9,76.8,9881,93,0
cleveland-198,2026-08-06,60.9,73.2,57.7,97.5,123.3,79.3,7321,72,0
cleveland-198,2026-08-07,60.3,67.7,49.5,95.8,118.4,74.3,7580,69,0
cleveland-199,2026-08-01,61.6,76.5,51.4,97.7,124.3,81.9,8022,78,0
cleveland-199,2026-08-02,60.5,72.4,63.6,96.3,128.0,81.2,7860,68,0
cleveland-199,2026-08-03,55.6,64.5,60.6,99.2,128.9,87.1,5118,42,0
cleveland-199,2026-08-04,56.2,62.2,49.8,96.7,121.1,80.9,5745,47,0
cleveland-199,2026-08-05,61.1,83.6,49.6,97.1,115.6,76.8,12256,114,0
cleveland-199,2026-08-06,55.9,71.0,62.6,98.2,118.6,75.5,7462,71,0
cleveland-199,2026-08-07,60.6,76.8,49.1,97.4,130.3,78.5,8216,69,1
cleveland-200,2026-08-01,67.8,76.4,33.8,96.9,127.7,82.6,4694,53,0
cleveland-200,2026-08-02,73.6,79.5,30.9,96.2,135.0,82.6,1829,16,0
cleveland-200,2026-08-03,77.0,81.0,40.2,95.9,133.3,87.0,2173,18,0
cleveland-200,2026-08-04,74.7,82.6,28.7,94.6,137.1,90.2,4422,42,0
cleveland-200,2026-08-05,66.2,75.0,48.4,94.9,146.1,93.9,4611,40,0
cleveland-200,2026-08-06,76.8,87.8,46.9,96.3,154.4,94.3,6759,63,1
cleveland-200,2026-08-07,74.6,75.3,35.3,96.4,146.8,94.0,0,8,0
cleveland-201,2026-08-01,56.8,76.4,54.1,96.9,116.1,77.1,8378,86,0
cleveland-201,2026-08-02,59.7,77.1,57.6,97.9,116.8,77.4,8963,86,0
cleveland-201,2026-08-03,60.1,75.4,45.2,97.6,125.0,81.8,7860,73,0
cleveland-201,2026-08-04,60.2,79.7,60.0,99.1,120.3,79.9,9005,80,0
cleveland-201,2026-08-05,66.8,83.0,60.4,99.9,117.2,78.3,8807,86,0
cleveland-201,2026-08-06,67.0,80.9,48.1,97.3,103.5,67.3,9201,82,0
cleveland-201,2026-08-07,72.9,86.2,70.5,96.1,127.8,86.4,6816,62,0
cleveland-202,2026-08-01,59.2,71.8,53.2,97.6,119.9,74.7,6633,64,0
cleveland-202,2026-08-02,60.6,82.5,53.4,97.1,131.5,80.8,10264,84,0
cleveland-202,2026-08-03,65.6,89.3,62.5,98.4,119.7,77.3,10156,87,0
cleveland-202,2026-08-04,61.6,74.3,44.7,97.3,108.7,71.1,6321,52,0
cleveland-202,2026-08-05,60.8,70.0,49.2,97.9,126.9,84.7,7021,63,0
cleveland-202,2026-08-06,65.7,79.0,56.4,97.3,132.3,89.7,5086,44,0
cleveland-202,2026-08-07,62.2,70.3,64.2,97.2,146.4,88.5,4973,44,0
cleveland-203,2026-08-01,72.7,87.4,56.8,98.0,120.3,77.0,6752,58,0
cleveland-203,2026-08-02,57.7,67.2,52.3,98.9,121.1,73.0,7159,71,0
cleveland-203,2026-08-03,61.5,68.0,61.7,96.7,124.7,83.7,5305,41,0
cleveland-203,2026-08-04,59.3,75.0,51.7,95.6,121.2,78.3,8379,75,0
cleveland-203,2026-08-05,68.8,76.1,70.8,97.7,147.8,90.8,4858,40,0
cleveland-203,2026-08-06,61.2,67.2,47.4,96.6,134.8,82.0,6236,47,0
cleveland-203,2026-08-07,65.1,76.4,54.8,99.4,142.1,86.7,7078,61,0
cleveland-204,2026-08-01,57.4,67.9,38.1,98.6,112.2,68.3,5480,58,0
cleveland-204,2026-08-02,68.5,79.4,63.1,96.6,123.3,82.2,6578,60,0
cleveland-204,2026-08-03,61.0,69.2,57.5,97.3,123.3,77.0,5696,58,0
cleveland-204,2026-08-04,63.5,75.7,53.8,96.8,123.1,80.0,5857,54,0
cleveland-204,2026-08-05,64.5,83.2,36.6,98.7,124.4,81.8,9442,83,0
cleveland-204,2026-08-06,63.4,78.5,57.3,98.6,134.3,82.0,11265,100,0
cleveland-204,2026-08-07,69.2,79.2,51.2,97.7,121.4,73.4,5378,51,0
cleveland-205,2026-08-01,61.6,79.7,55.8,96.0,107.1,70.6,10400,101,0
cleveland-205,2026-08-02,56.9,69.6,48.7,96.9,132.9,80.9,5993,52,0
cleveland-205,2026-08-03,60.5,66.8,62.4,97.9,123.3,83.2,6748,55,0
cleveland-205,2026-08-04,63.5,79.9,48.2,97.8,128.1,80.4,7252,74,0
cleveland-205,2026-08-05,62.8,73.3,53.2,98.2,114.8,68.9,6772,61,1
cleveland-205,2026-08-06,55.5,71.4,63.1,97.7,106.5,70.2,7422,68,0
cleveland-205,2026-08-07,64.9,83.6,56.9,98.5,122.1,73.6,8466,83,0
cleveland-206,2026-08-01,67.9,72.8,40.1,95.2,126.0,80.3,2661,34,0
cleveland-206,2026-08-02,72.1,83.9,40.1,94.5,135.5,85.2,8253,76,0
cleveland-206,2026-08-03,67.1,81.0,50.7,97.6,137.3,84.4,8237,69,0
cleveland-206,2026-08-04,67.0,75.2,35.4,95.3,148.3,98.9,5656,50,1
cleveland-206,2026-08-05,68.3,75.8,39.7,96.4,131.9,83.2,5116,44,0
cleveland-206,2026-08-06,63.4,66.9,53.1,96.1,141.0,86.7,4175,33,0
cleveland-206,2026-08-07,73.3,84.2,35.8,96.6,114.2,73.8,7550,67,1
cleveland-207,2026-08-01,60.3,63.9,27.9,97.1,133.5,87.1,667,0,0
cleveland-207,2026-08-02,67.3,77.8,30.9,96.0,128.0,86.9,4578,44,0
cleveland-207,2026-08-03,66.2,73.3,36.4,95.7,138.0,82.9,3676,18,1
cleveland-207,2026-08-04,66.5,73.0,39.7,95.6,135.0,84.9,5831,49,0
cleveland-207,2026-08-05,71.7,80.6,34.8,96.7,132.7,87.9,5415,41,0
cleveland-207,2026-08-06,75.9,86.6,40.3,96.4,124.3,77.7,6596,54,0
cleveland-207,2026-08-07,66.3,70.7,45.5,96.4,135.6,91.8,2913,27,0
cleveland-208,2026-08-01,70.5,79.1,39.2,94.6,133.5,85.6,4553,38,0
cleveland-208,2026-08-02,71.8,82.1,47.9,96.6,146.5,90.0,4852,43,0
cleveland-208,2026-08-03,71.8,85.7,45.8,95.4,144.7,90.6,6444,59,0
cleveland-208,2026-08-04,72.0,77.9,41.2,94.7,141.0,91.3,4454,40,0
cleveland-208,2026-08-05,71.5,76.4,32.2,96.6,129.9,83.0,5027,39,1
cleveland-208,2026-08-06,69.6,89.6,27.8,96.9,133.0,88.8,6909,64,0
cleveland-208,2026-08-07,68.0,71.7,36.7,98.3,152.9,101.6,3795,31,0
cleveland-209,2026-08-01,68.0,79.1,53.0,97.4,131.0,88.7,7294,60,0
cleveland-209,2026-08-02,59.4,69.6,56.8,97.7,122.0,73.6,5636,54,0
cleveland-209,2026-08-03,58.8,75.3,53.1,99.4,123.4,78.5,8853,78,0
cleveland-209,2026-08-04,67.1,91.7,50.3,98.9,114.6,76.0,9719,89,0
cleveland-209,2026-08-05,63.4,72.6,52.8,97.8,141.1,87.1,4252,34,0
cleveland-209,2026-08-06,64.4,81.0,59.2,99.5,133.4,88.6,9646,90,0
cleveland-209,2026-08-07,59.7,78.2,54.7,97.7,104.8,67.4,7251,68,0
cleveland-210,2026-08-01,69.4,82.5,20.0,96.7,131.9,81.0,7200,57,0
cleveland-210,2026-08-02,77.1,83.2,17.8,95.1,128.2,80.0,5428,35,1
cleveland-210,2026-08-03,73.6,84.9,35.7,95.6,130.2,79.4,4778,46,0
cleveland-210,2026-08-04,77.4,91.6,31.6,94.6,144.0,88.0,5579,44,1
cleveland-210,2026-08-05,71.9,79.5,27.1,97.1,129.8,85.6,3581,41,0
cleveland-210,2026-08-06,70.1,80.9,34.7,96.8,145.7,92.7,3807,35,0
cleveland-210,2026-08-07,75.3,82.8,32.8,96.2,140.5,94.1,4215,39,0
cleveland-211,2026-08-01,63.3,75.6,63.6,96.7,112.1,72.8,6192,56,0
cleveland-211,2026-08-02,55.3,69.6,55.0,97.0,113.1,70.0,7993,70,0
cleveland-211,2026-08-03,57.9,67.8,68.5,96.2,130.0,85.8,7923,68,0
cleveland-211,2026-08-04,56.2,68.7,66.0,96.5,105.6,70.4,7317,64,0
cleveland-211,2026-08-05,64.3,78.7,77.3,95.9,111.8,74.1,7192,69,0
cleveland-211,2026-08-06,63.5,76.7,69.8,97.1,118.6,79.7,5299,55,0
cleveland-211,2026-08-07,64.5,79.7,56.3,95.7,128.6,80.5,7657,70,0
cleveland-212,2026-08-01,71.8,84.7,47.3,95.2,136.4,92.7,8576,70,1
cleveland-212,2026-08-02,66.5,79.0,43.1,95.5,144.0,91.3,4931,44,0
cleveland-212,2026-08-03,64.9,80.8,37.5,96.5,136.9,91.2,7113,60,0
cleveland-212,2026-08-04,64.9,71.8,38.7,95.5,135.2,86.8,3703,26,0
cleveland-212,2026-08-05,69.9,85.4,45.1,95.4,135.4,82.6,5293,60,0
cleveland-212,2026-08-06,67.4,73.3,20.1,97.1,140.8,89.3,3187,23,1
cleveland-212,2026-08-07,72.2,73.5,43.6,97.0,137.1,87.6,2003,12,1
cleveland-213,2026-08-01,67.4,80.4,58.6,96.9,102.9,66.3,6839,76,0
cleveland-213,2026-08-02,62.9,82.3,51.7,97.7,127.4,78.1,9338,88,0
cleveland-213,2026-08-03,55.2,66.8,59.3,97.7,103.6,63.3,7655,63,0
cleveland-213,2026-08-04,67.6,82.2,61.7,98.5,119.4,72.6,9040,78,0
cleveland-213,2026-08-05,60.2,61.0,68.4,98.4,134.8,86.1,4147,31,0
cleveland-213,2026-08-06,57.1,70.7,56.0,97.3,123.9,80.1,5564,50,0
cleveland-213,2026-08-07,56.7,60.8,42.7,98.5,113.9,77.4,4742,35,0
cleveland-214,2026-08-01,68.8,74.5,34.6,95.8,160.7,100.6,4795,44,0
cleveland-214,2026-08-02,76.7,92.1,33.9,97.4,121.2,74.8,7160,69,0
cleveland-214,2026-08-03,66.0,73.7,39.5,97.1,134.8,81.9,4858,33,1
cleveland-214,2026-08-04,78.3,85.1,37.5,95.4,154.3,100.0,3014,26,1
cleveland-214,2026-08-05,72.3,67.6,33.4,94.9,120.7,77.5,924,3,0
cleveland-214,2026-08-06,75.4,87.0,31.4,95.7,128.9,81.7,5182,46,0
cleveland-214,2026-08-07,72.6,84.7,18.3,95.2,139.9,90.0,2606,24,0
cleveland-215,2026-08-01,71.5,83.8,27.6,97.2,145.1,93.8,7582,66,1
cleveland-215,2026-08-02,74.1,83.7,20.3,96.5,132.0,81.2,5869,44,0
cleveland-215,2026-08-03,73.0,90.9,42.7,97.5,141.0,88.8,7201,76,0
cleveland-215,2026-08-04,73.3,81.6,40.1,96.0,156.7,99.5,7213,64,0
cleveland-215,2026-08-05,69.4,84.5,42.7,96.1,128.1,84.0,7097,72,0
cleveland-215,2026-08-06,74.4,82.8,33.4,96.1,135.7,84.1,5364,46,1
cleveland-215,2026-08-07,76.6,85.4,31.3,95.7,130.4,84.0,4064,35,0
cleveland-216,2026-08-01,57.9,72.8,65.0,98.4,116.1,76.1,7743,69,0
cleveland-216,2026-08-02,64.3,78.2,56.1,97.2,106.0,71.3,6482,62,0
cleveland-216,2026-08-03,66.2,72.7,56.3,97.7,123.0,76.1,5871,51,0
cleveland-216,2026-08-04,59.8,59.5,50.9,97.0,124.8,76.0,3117,30,0
cleveland-216,2026-08-05,68.4,77.1,53.3,98.8,124.0,76.8,6333,45,0
cleveland-216,2026-08-06,64.3,88.3,50.5,97.8,133.0,85.2,11882,105,0
cleveland-216,2026-08-07,59.4,68.4,51.3,98.5,125.6,84.5,4210,41,0
cleveland-217,2026-08-01,62.1,81.0,54.9,96.9,119.6,79.2,11529,109,0
cleveland-217,2026-08-02,58.9,72.0,58.4,98.4,104.0,69.9,6572,60,0
cleveland-217,2026-08-03,60.2,78.6,66.7,97.8,122.1,77.1,10909,100,0
cleveland-217,2026-08-04,54.9,67.8,54.4,97.4,116.7,78.8,6581,55,0
cleveland-217,2026-08-05,56.2,72.8,60.1,95.6,108.5,73.8,7693,66,0
cleveland-217,2026-08-06,57.4,69.2,58.4,97.5,114.7,77.9,7127,65,0
cleveland-217,2026-08-07,65.6,81.8,71.5,96.7,131.7,85.1,9359,84,0
cleveland-218,2026-08-01,64.5,69.2,70.7,97.7,120.8,75.8,4704,40,0
cleveland-218,2026-08-02,55.4,73.5,54.1,97.0,132.6,89.2,8419,77,0
cleveland-218,2026-08-03,60.5,73.0,44.6,97.3,121.6,74.5,6277,62,0
cleveland-218,2026-08-04,58.8,70.2,73.6,98.2,131.2,81.1,6365,54,1
cleveland-218,2026-08-05,58.7,72.0,55.2,96.7,120.1,81.1,4881,46,0
cleveland-218,2026-08-06,58.5,62.1,65.5,96.5,121.5,73.5,4238,37,1
cleveland-218,2026-08-07,65.1,80.6,73.0,97.6,130.9,81.4,6915,53,0
cleveland-219,2026-08-01,68.9,83.5,56.1,96.5,129.1,86.0,9559,84,0
cleveland-219,2026-08-02,62.7,75.2,61.4,98.2,111.0,73.7,6472,59,0
cleveland-219,2026-08-03,67.3,75.9,45.9,97.4,122.2,76.9,6598,69,0
cleveland-219,2026-08-04,63.1,77.2,54.2,96.5,113.4,73.3,9190,78,0
cleveland-219,2026-08-05,60.4,76.4,54.6,98.6,135.4,90.6,5510,51,0
cleveland-219,2026-08-06,61.4,76.0,55.2,98.1,132.4,89.5,5837,54,0
cleveland-219,2026-08-07,63.3,71.2,43.6,99.4,127.6,78.7,6848,62,0
cleveland-220,2026-08-01,67.6,83.5,54.2,97.7,113.8,74.8,8932,89,0
cleveland-220,2026-08-02,63.4,81.3,52.6,99.4,120.9,78.2,7706,69,0
cleveland-220,2026-08-03,62.2,77.5,64.6,98.7,135.8,86.9,7992,70,0
cleveland-220,2026-08-04,62.5,82.5,58.5,97.8,131.1,84.2,9716,92,0
cleveland-220,2026-08-05,67.2,85.4,61.8,97.4,133.9,84.5,10470,100,0
cleveland-220,2026-08-06,54.2,61.9,58.7,96.8,141.9,85.4,5591,49,0
cleveland-220,2026-08-07,61.3,70.5,47.6,97.8,128.5,80.5,4035,38,0
cleveland-221,2026-08-01,62.1,68.3,72.5,98.5,144.6,92.3,4665,31,0
cleveland-221,2026-08-02,59.6,72.5,65.5,97.2,114.3,73.8,7469,72,0
cleveland-221,2026-08-03,62.2,75.2,58.3,98.6,112.2,67.8,8378,78,0
cleveland-221,2026-08-04,67.6,77.1,54.9,99.0,99.1,65.0,6286,62,0
cleveland-221,2026-08-05,56.7,66.2,58.2,99.3,119.5,77.6,7135,72,0
cleveland-221,2026-08-06,57.8,72.0,72.2,97.7,101.7,67.8,6007,59,0
cleveland-221,2026-08-07,57.7,71.6,65.6,96.4,124.6,82.0,7335,68,0
cleveland-222,2026-08-01,56.5,70.3,60.3,98.5,126.6,85.3,7047,68,0
cleveland-222,2026-08-02,65.1,79.7,42.3,97.8,120.3,73.0,7554,65,0
cleveland-222,2026-08-03,59.4,76.7,66.1,97.7,129.4,80.9,9765,91,0
cleveland-222,2026-08-04,62.7,81.4,64.1,97.9,92.7,62.5,8921,79,0
cleveland-222,2026-08-05,59.1,73.6,65.5,96.2,123.2,74.0,5759,53,0
cleveland-222,2026-08-06,64.7,78.5,41.8,96.2,125.2,75.2,6348,67,0
cleveland-222,2026-08-07,65.8,79.8,55.8,100.0,115.3,76.9,5547,58,0
cleveland-223,2026-08-01,56.1,70.5,71.7,97.9,132.7,86.3,8840,81,0
cleveland-223,2026-08-02,54.9,72.9,64.6,98.3,128.9,79.1,7689,77,0
cleveland-223,2026-08-03,65.4,74.5,59.6,97.9,127.0,77.2,5891,47,0
cleveland-223,2026-08-04,53.9,70.8,61.8,97.4,130.6,79.4,8741,75,0
cleveland-223,2026-08-05,58.6,78.5,53.7,97.0,118.4,80.4,8839,89,0
cleveland-223,2026-08-06,58.4,72.1,52.3,96.9,113.7,73.8,6104,63,0
cleveland-223,2026-08-07,61.2,73.0,45.0,97.8,131.5,85.6,4730,40,0
cleveland-224,2026-08-01,66.0,73.3,56.6,94.7,135.3,81.9,3225,27,0
cleveland-224,2026-08-02,70.2,80.4,29.6,96.5,142.1,89.6,5586,50,0
cleveland-224,2026-08-03,76.0,85.1,55.5,96.2,137.4,88.8,3905,39,1
cleveland-224,2026-08-04,75.3,88.2,37.9,95.0,140.7,86.1,6818,66,0
cleveland-224,2026-08-05,71.7,90.9,40.6,96.5,140.2,91.3,6884,59,1
cleveland-224,2026-08-06,67.2,68.1,39.2,96.8,134.4,85.9,3219,31,1
cleveland-224,2026-08-07,73.8,82.2,35.9,95.3,133.0,83.4,5962,50,0
cleveland-225,2026-08-01,72.2,77.8,28.6,94.0,143.3,87.5,3708,28,0
cleveland-225,2026-08-02,73.6,86.1,47.3,96.7,139.0,86.9,4727,43,0
cleveland-225,2026-08-03,73.3,77.2,43.7,96.3,136.7,88.6,553,15,0
cleveland-225,2026-08-04,74.6,77.7,26.6,95.7,131.5,81.2,851,0,0
cleveland-225,2026-08-05,75.3,89.2,41.9,96.0,137.3,90.9,3890,41,0
cleveland-225,2026-08-06,64.6,66.9,30.7,96.0,144.2,93.6,1501,20,0
cleveland-225,2026-08-07,68.8,74.0,37.3,95.2,142.2,91.8,1500,20,0
cleveland-226,2026-08-01,56.8,70.3,74.1,98.1,129.1,84.2,8236,76,0
cleveland-226,2026-08-02,56.5,69.8,65.5,96.2,123.9,74.5,7779,72,0
cleveland-226,2026-08-03,61.0,76.4,67.0,97.0,113.4,75.2,7151,72,0
cleveland-226,2026-08-04,55.1,68.0,68.3,96.9,112.9,68.6,8842,67,0
cleveland-226,2026-08-05,57.5,67.4,63.6,95.7,93.3,59.5,8653,62,0
cleveland-226,2026-08-06,57.9,75.3,78.0,97.3,117.8,71.3,8183,73,0
cleveland-226,2026-08-07,60.0,71.3,61.2,97.2,127.0,82.4,7334,72,0
cleveland-227,2026-08-01,62.7,77.5,50.1,98.0,116.1,75.5,6684,60,0
cleveland-227,2026-08-02,56.3,74.0,49.3,97.8,125.1,84.2,10424,98,0
cleveland-227,2026-08-03,59.9,76.7,55.1,98.8,130.9,87.7,8780,83,0
cleveland-227,2026-08-04,63.2,75.0,61.7,96.7,115.9,73.5,6288,49,0
cleveland-227,2026-08-05,55.4,60.6,55.9,97.3,123.6,83.4,5122,49,0
cleveland-227,2026-08-06,59.5,77.7,56.8,97.8,136.4,92.5,9137,70,0
cleveland-227,2026-08-07,70.5,84.5,54.7,98.8,131.8,82.0,6912,58,0
cleveland-228,2026-08-01,60.5,74.5,55.1,96.6,124.0,80.8,5503,47,0
cleveland-228,2026-08-02,62.4,78.7,49.4,98.0,117.7,73.2,7120,55,0
cleveland-228,2026-08-03,60.6,70.1,41.8,97.7,114.2,70.6,5816,60,1
cleveland-228,2026-08-04,68.9,77.0,48.2,97.8,136.8,82.6,4388,32,0
cleveland-228,2026-08-05,68.0,82.7,48.6,96.1,105.8,71.8,7608,69,0
cleveland-228,2026-08-06,60.6,76.8,64.7,98.2,120.1,79.9,5731,50,0
cleveland-228,2026-08-07,59.0,72.9,50.3,97.8,115.5,75.3,8836,81,0
cleveland-229,2026-08-01,65.2,69.7,36.3,96.3,129.7,78.9,6471,49,1
cleveland-229,2026-08-02,78.1,83.0,44.5,97.6,137.8,89.8,2799,27,1
cleveland-229,2026-08-03,78.3,89.5,36.3,97.3,123.5,76.2,4373,43,0
cleveland-229,2026-08-04,75.1,87.2,44.3,95.3,131.4,80.2,4837,50,0
cleveland-229,2026-08-05,74.3,88.1,21.0,95.4,140.3,94.0,5404,56,0
cleveland-229,2026-08-06,71.3,81.1,40.6,95.6,151.5,96.5,5613,54,0
cleveland-229,2026-08-07,71.5,85.2,43.8,95.5,128.1,80.4,5763,57,0
cleveland-230,2026-08-01,78.1,82.9,27.4,96.5,135.7,87.2,1962,16,0
cleveland-230,2026-08-02,69.3,82.9,21.0,98.1,143.7,94.7,5336,59,0
cleveland-230,2026-08-03,84.3,91.0,18.4,95.8,130.5,85.4,5016,35,0
cleveland-230,2026-08-04,70.3,76.9,22.0,95.9,137.7,88.6,2365,24,0
cleveland-230,2026-08-05,69.9,77.7,34.2,95.0,142.4,89.6,4397,33,0
cleveland-230,2026-08-06,73.0,87.9,37.0,96.7,141.1,90.7,5082,56,0
cleveland-230,2026-08-07,74.2,83.7,25.1,97.1,142.0,93.3,4067,32,1
cleveland-231,2026-08-01,62.3,73.1,55.7,96.8,104.1,67.3,5998,50,0
cleveland-231,2026-08-02,61.0,75.2,67.3,96.7,122.0,80.8,7015,69,0
cleveland-231,2026-08-03,54.9,66.6,48.9,98.6,104.6,63.2,8234,71,0
cleveland-231,2026-08-04,67.2,83.6,55.1,97.6,117.4,70.5,6121,55,1
cleveland-231,2026-08-05,57.4,62.8,45.1,97.6,116.4,74.7,4419,43,0
cleveland-231,2026-08-06,60.2,78.8,69.8,97.7,140.8,85.6,9900,88,0
cleveland-231,2026-08-07,65.2,79.9,60.3,97.2,121.8,78.9,9757,85,0
cleveland-232,2026-08-01,75.3,92.9,29.6,96.8,142.9,87.7,7814,63,1
cleveland-232,2026-08-02,63.7,67.1,49.7,97.0,134.1,89.7,2175,31,0
cleveland-232,2026-08-03,73.1,79.5,23.9,95.0,147.0,90.0,4304,39,1
cleveland-232,2026-08-04,69.0,76.0,32.4,95.4,131.5,88.0,6386,53,0
cleveland-232,2026-08-05,80.6,90.6,28.8,95.8,138.8,91.8,4175,43,0
cleveland-232,2026-08-06,74.4,89.3,44.2,97.6,150.0,101.9,7191,62,0
cleveland-232,2026-08-07,79.7,84.3,29.3,96.6,131.9,87.9,4613,44,0
cleveland-233,2026-08-01,71.9,88.6,40.3,98.0,133.1,86.7,5450,50,0
cleveland-233,2026-08-02,68.8,71.3,54.1,95.7,122.1,81.2,3026,18,0
cleveland-233,2026-08-03,75.8,91.5,44.1,96.6,128.5,85.4,7774,72,0
cleveland-233,2026-08-04,75.3,85.1,53.3,96.3,131.2,84.2,4513,39,0
cleveland-233,2026-08-05,75.1,91.6,42.1,95.1,132.0,83.9,4934,53,0
cleveland-233,2026-08-06,71.6,73.6,28.2,96.2,129.4,85.2,2379,23,0
cleveland-233,2026-08-07,73.8,86.0,47.3,95.9,143.4,97.2,5711,56,0
cleveland-234,2026-08-01,63.7,76.4,56.5,96.4,120.3,76.3,5554,43,0
cleveland-234,2026-08-02,64.1,75.0,43.4,97.2,120.8,81.5,6544,64,0
cleveland-234,2026-08-03,57.2,71.5,35.7,99.3,133.0,81.4,7121,67,0
cleveland-234,2026-08-04,67.3,81.2,40.6,98.3,134.7,84.6,9520,88,0
cleveland-234,2026-08-05,60.8,71.1,51.1,97.2,124.9,79.3,6785,64,0
cleveland-234,2026-08-06,61.8,68.9,46.8,97.4,145.3,87.6,2518,29,0
cleveland-234,2026-08-07,63.1,77.4,40.8,99.4,129.2,82.3,6934,69,0
cleveland-235,2026-08-01,57.9,70.9,48.0,99.0,123.1,82.4,7936,72,0
cleveland-235,2026-08-02,57.6,70.6,64.0,97.7,128.1,86.0,7834,68,0
cleveland-235,2026-08-03,67.5,89.5,45.6,97.3,131.3,87.8,10452,91,0
cleveland-235,2026-08-04,66.0,74.1,61.7,96.2,128.7,79.0,7208,64,0
cleveland-235,2026-08-05,62.7,78.1,48.0,97.2,125.1,76.8,7249,57,0
cleveland-235,2026-08-06,57.5,74.8,35.7,98.5,128.8,85.1,8799,84,0
cleveland-235,2026-08-07,60.2,82.0,58.7,98.9,122.8,75.8,7916,73,0
cleveland-236,2026-08-01,78.6,77.7,31.0,98.2,137.0,86.5,1158,12,0
cleveland-236,2026-08-02,67.2,80.2,51.7,96.6,158.3,97.6,7833,62,1
cleveland-236,2026-08-03,70.1,81.5,33.2,95.1,126.4,80.1,5253,53,0
cleveland-236,2026-08-04,65.9,75.2,33.9,96.7,140.8,86.5,6726,58,0
cleveland-236,2026-08-05,71.9,84.0,33.2,95.4,128.1,79.4,5147,44,0
cleveland-236,2026-08-06,75.7,84.8,41.5,95.4,122.9,83.1,3836,31,1
cleveland-236,2026-08-07,80.7,92.3,31.2,97.6,152.1,101.0,5897,59,1
cleveland-237,2026-08-01,69.6,80.9,17.8,96.1,131.9,81.2,5714,44,0
cleveland-237,2026-08-02,70.5,78.8,36.1,94.8,145.0,97.4,5426,51,0
cleveland-237,2026-08-03,76.0,83.5,42.2,95.5,141.9,96.3,7004,60,0
cleveland-237,2026-08-04,70.9,74.3,48.3,95.3,132.9,82.9,3997,36,1
cleveland-237,2026-08-05,71.6,78.7,56.5,94.8,152.6,99.2,3894,42,0
cleveland-237,2026-08-06,68.5,84.9,29.4,96.0,138.4,85.7,9083,81,0
cleveland-237,2026-08-07,71.1,81.5,33.8,96.0,138.1,84.9,5363,52,0
cleveland-238,2026-08-01,69.7,78.9,48.2,96.3,134.3,87.6,5208,47,1
cleveland-238,2026-08-02,73.7,73.7,46.8,97.8,130.3,81.2,1968,22,0
cleveland-238,2026-08-03,72.0,77.4,35.2,95.2,131.4,84.9,3725,33,0
cleveland-238,2026-08-04,79.1,84.3,46.7,96.8,119.2,73.3,4305,40,0
cleveland-238,2026-08-05,80.9,92.5,41.2,95.5,133.7,84.1,8013,74,0
cleveland-238,2026-08-06,70.7,82.2,47.6,94.8,145.8,97.7,3730,31,0
cleveland-238,2026-08-07,67.7,79.3,47.8,96.2,128.6,79.4,7227,67,0
cleveland-239,2026-08-01,62.2,83.9,46.6,98.8,137.8,88.3,8110,79,0
cleveland-239,2026-08-02,54.2,71.7,54.6,98.0,118.1,73.2,10402,90,0
cleveland-239,2026-08-03,60.3,65.6,55.3,98.5,114.5,72.0,4581,36,0
cleveland-239,2026-08-04,63.0,76.1,48.5,96.3,114.1,74.0,6471,55,0
cleveland-239,2026-08-05,59.7,67.5,52.7,98.3,121.1,80.8,5395,48,0
cleveland-239,2026-08-06,60.8,67.5,71.0,96.6,121.4,78.4,4843,40,0
cleveland-239,2026-08-07,60.2,70.4,43.9,96.9,127.0,80.9,6830,63,0
cleveland-240,2026-08-01,54.0,70.5,66.7,97.9,121.3,75.7,7192,62,0
cleveland-240,2026-08-02,57.3,74.5,58.6,98.5,120.0,79.8,9189,80,0
cleveland-240,2026-08-03,55.2,73.4,51.6,96.8,129.1,80.9,9134,85,0
cleveland-240,2026-08-04,61.7,74.6,63.4,96.1,113.6,70.2,9777,97,0
cleveland-240,2026-08-05,60.4,71.3,67.7,98.0,133.7,90.1,5330,47,0
cleveland-240,2026-08-06,62.7,73.1,59.0,96.9,111.0,71.5,8153,64,0
cleveland-240,2026-08-07,57.6,79.2,69.1,96.3,127.1,83.9,10401,95,0
cleveland-241,2026-08-01,53.6,68.2,60.1,97.9,130.3,83.9,8178,75,0
cleveland-241,2026-08-02,56.5,71.6,62.1,97.7,116.5,76.1,9680,91,0
cleveland-241,2026-08-03,56.3,74.4,60.7,96.6,132.0,82.5,9905,95,0
cleveland-241,2026-08-04,66.9,86.2,58.6,96.1,129.6,80.5,10540,97,0
cleveland-241,2026-08-05,53.7,68.1,55.2,96.6,100.7,64.2,6826,66,0
cleveland-241,2026-08-06,58.1,69.3,53.8,97.6,128.8,78.6,6566,53,0
cleveland-241,2026-08-07,59.6,85.8,58.0,97.1,123.1,81.8,11367,107,0
cleveland-242,2026-08-01,53.5,61.5,59.8,98.4,126.8,77.3,3264,35,0
cleveland-242,2026-08-02,62.8,67.1,61.3,97.9,129.5,84.7,5178,46,0
cleveland-242,2026-08-03,65.5,82.4,50.0,96.8,112.6,69.1,8572,75,0
cleveland-242,2026-08-04,64.3,74.1,51.0,98.9,133.7,84.2,6718,60,0
cleveland-242,2026-08-05,55.5,67.6,60.0,98.3,132.3,83.9,7760,70,0
cleveland-242,2026-08-06,61.4,74.3,61.0,97.9,126.0,85.1,6320,61,0
cleveland-242,2026-08-07,60.8,73.0,62.7,98.6,111.1,69.9,7871,69,0
cleveland-243,2026-08-01,54.1,72.4,62.5,99.5,107.9,70.8,8822,79,0
cleveland-243,2026-08-02,58.8,78.9,55.3,95.1,112.2,67.8,9615,94,0
cleveland-243,2026-08-03,58.6,67.8,67.7,99.1,134.8,86.5,5118,46,0
cleveland-243,2026-08-04,62.0,76.1,57.2,97.6,126.1,85.7,6165,50,0
cleveland-243,2026-08-05,67.7,77.5,41.8,96.9,131.2,85.3,5100,48,0
cleveland-243,2026-08-06,58.6,75.7,56.8,96.9,144.4,94.1,6797,59,0
cleveland-243,2026-08-07,62.5,78.7,55.2,96.1,115.1,69.3,5914,55,0
cleveland-244,2026-08-01,67.1,78.3,28.1,95.7,136.3,87.4,5292,56,0
cleveland-244,2026-08-02,77.5,85.0,45.0,96.2,137.3,86.8,4350,29,0
cleveland-244,2026-08-03,78.7,88.3,29.1,96.2,141.7,86.6,4936,45,0
cleveland-244,2026-08-04,77.8,82.4,28.8,95.8,135.7,85.9,1821,16,1
cleveland-244,2026-08-05,72.9,79.4,38.2,97.4,135.7,88.1,4567,50,1
cleveland-244,2026-08-06,77.5,82.3,16.0,96.4,144.9,95.9,3566,29,0
cleveland-244,2026-08-07,70.9,82.0,32.1,97.2,128.6,79.6,6902,61,0
cleveland-245,2026-08-01,63.6,69.7,49.1,98.0,116.6,70.1,2988,33,0
cleveland-245,2026-08-02,64.7,71.2,57.6,97.5,128.7,87.0,4866,43,0
cleveland-245,2026-08-03,64.3,73.7,47.5,97.2,126.4,83.5,7464,68,0
cleveland-245,2026-08-04,61.3,82.6,57.7,97.1,136.4,88.7,9417,91,0
cleveland-245,2026-08-05,62.8,74.8,63.0,97.8,130.2,85.6,10428,90,0
cleveland-245,2026-08-06,53.0,67.4,44.6,100.0,121.8,81.5,7020,59,0
cleveland-245,2026-08-07,63.8,72.6,44.1,100.0,129.8,83.5,6447,55,0
cleveland-246,2026-08-01,80.5,71.0,28.4,93.9,130.5,84.1,4005,35,1
cleveland-246,2026-08-02,76.3,71.0,27.5,96.6,137.5,86.4,2880,30,0
cleveland-246,2026-08-03,71.9,71.0,45.6,96.6,137.5,85.8,6304,57,0
cleveland-246,2026-08-04,75.2,71.0,32.3,97.2,152.3,100.2,6934,63,1
cleveland-246,2026-08-05,77.9,71.0,40.1,96.6,158.6,102.5,4180,36,0
cleveland-246,2026-08-06,79.3,71.0,24.6,96.2,128.2,81.8,3046,22,0
cleveland-246,2026-08-07,71.5,71.0,34.2,96.8,133.6,87.8,4502,43,0
cleveland-247,2026-08-01,71.2,78.3,45.4,98.0,129.8,86.5,5550,47,0
cleveland-247,2026-08-02,78.6,92.0,25.5,97.5,133.6,88.4,7728,71,0
cleveland-247,2026-08-03,71.8,75.6,40.1,95.8,146.5,92.2,3040,20,0
cleveland-247,2026-08-04,69.7,80.5,27.1,97.5,129.8,84.2,5312,56,0
cleveland-247,2026-08-05,77.6,85.5,43.0,96.4,133.5,84.7,2415,18,0
cleveland-247,2026-08-06,74.2,83.9,20.5,94.8,132.6,82.3,2614,22,0
cleveland-247,2026-08-07,73.3,79.8,27.8,94.4,127.7,80.4,5000,47,0
cleveland-248,2026-08-01,76.7,93.1,55.5,96.8,134.4,90.5,7793,60,0
cleveland-248,2026-08-02,68.7,81.4,37.0,96.3,126.0,82.1,6305,58,0
cleveland-248,2026-08-03,73.6,92.4,48.3,97.0,139.8,84.9,6927,76,0
cleveland-248,2026-08-04,67.2,74.5,37.7,95.7,140.6,86.4,7505,61,1
cleveland-248,2026-08-05,67.4,74.4,29.7,95.4,129.1,77.5,4243,35,0
cleveland-248,2026-08-06,76.7,83.2,41.0,96.2,134.4,90.8,6062,61,1
cleveland-248,2026-08-07,72.2,80.1,39.6,95.1,124.3,80.7,3997,27,0
cleveland-249,2026-08-01,71.1,74.4,30.7,95.9,148.2,89.8,2319,17,0
cleveland-249,2026-08-02,74.1,79.0,46.8,96.3,142.3,92.7,5152,40,0
cleveland-249,2026-08-03,71.0,72.8,39.9,94.6,137.9,89.0,3210,26,0
cleveland-249,2026-08-04,70.9,77.0,44.6,95.6,133.6,81.5,5093,55,0
cleveland-249,2026-08-05,78.2,83.1,44.2,95.7,150.1,90.7,3864,33,0
cleveland-249,2026-08-06,76.0,79.9,31.9,96.0,124.3,83.3,3054,21,0
cleveland-249,2026-08-07,73.3,85.2,42.1,95.9,134.2,88.3,4121,41,0
cleveland-250,2026-08-01,60.3,69.4,48.2,96.0,121.5,78.5,5002,52,0
cleveland-250,2026-08-02,60.3,71.4,51.4,96.6,119.6,74.1,7739,75,0
cleveland-250,2026-08-03,59.2,79.2,41.9,97.7,127.8,76.7,8176,78,0
cleveland-250,2026-08-04,69.1,82.1,67.6,97.1,110.7,75.2,6053,65,0
cleveland-250,2026-08-05,61.0,83.5,47.1,96.2,133.6,83.0,10664,100,0
cleveland-250,2026-08-06,58.7,73.4,45.6,96.1,133.9,83.3,8599,78,0
cleveland-250,2026-08-07,64.3,84.6,50.8,98.4,119.3,81.0,9838,90,0
cleveland-251,2026-08-01,69.9,77.1,57.3,98.2,124.2,76.4,4935,51,0
cleveland-251,2026-08-02,64.0,80.4,61.6,97.0,117.4,70.8,6583,53,0
cleveland-251,2026-08-03,58.3,66.5,52.4,98.8,105.0,63.5,5469,51,0
cleveland-251,2026-08-04,62.8,72.9,48.6,97.2,125.3,81.7,7899,71,0
cleveland-251,2026-08-05,64.7,77.7,48.9,98.2,124.8,78.9,9259,75,0
cleveland-251,2026-08-06,69.6,89.8,72.6,97.6,128.6,84.3,9405,87,0
cleveland-251,2026-08-07,64.4,70.6,47.0,97.2,119.8,73.8,4137,35,0
cleveland-252,2026-08-01,74.7,82.1,37.5,95.7,130.5,86.6,4681,40,0
cleveland-252,2026-08-02,70.3,91.2,31.5,95.7,144.7,91.5,7649,75,1
cleveland-252,2026-08-03,74.6,88.3,32.1,96.8,132.8,90.3,7612,62,0
cleveland-252,2026-08-04,77.0,91.1,46.1,96.5,150.0,94.5,8886,84,0
cleveland-252,2026-08-05,71.8,69.8,33.9,94.3,142.2,88.1,319,1,1
cleveland-252,2026-08-06,60.0,76.9,29.1,95.8,133.0,88.3,7371,69,0
cleveland-252,2026-08-07,68.4,74.1,39.5,97.0,134.8,91.0,5819,45,1
cleveland-253,2026-08-01,65.2,76.5,53.6,98.5,118.0,79.7,7738,66,0
cleveland-253,2026-08-02,64.5,67.2,64.2,96.5,135.4,84.0,3617,28,0
cleveland-253,2026-08-03,65.0,73.2,66.6,96.1,121.9,82.4,4512,41,0
cleveland-253,2026-08-04,63.4,76.0,42.2,97.5,137.7,89.9,7114,62,0
cleveland-253,2026-08-05,65.2,80.9,51.1,97.7,114.4,72.6,8068,77,0
cleveland-253,2026-08-06,65.4,81.9,50.0,96.3,139.2,88.3,10031,102,0
cleveland-253,2026-08-07,51.9,66.4,59.2,98.2,127.1,85.1,6634,61,0
cleveland-254,2026-08-01,64.1,84.5,55.4,98.7,128.7,84.4,9880,95,0
cleveland-254,2026-08-02,68.0,78.9,43.3,98.7,118.7,72.0,7596,62,0
cleveland-254,2026-08-03,60.6,70.4,51.4,96.9,128.8,85.9,3526,46,0
cleveland-254,2026-08-04,59.7,76.6,56.4,97.7,113.6,74.3,9512,78,0
cleveland-254,2026-08-05,57.6,68.8,72.2,96.5,112.8,72.3,5996,54,0
cleveland-254,2026-08-06,60.9,82.2,50.8,98.1,122.0,82.6,10043,90,0
cleveland-254,2026-08-07,66.6,74.3,61.9,97.5,122.4,78.5,3479,35,0
cleveland-255,2026-08-01,59.7,69.8,64.5,96.1,110.5,75.1,7498,64,0
cleveland-255,2026-08-02,58.5,69.6,47.7,100.0,120.7,77.2,6534,58,0
cleveland-255,2026-08-03,59.9,78.3,74.0,97.1,124.8,82.4,9891,96,0
cleveland-255,2026-08-04,50.3,67.3,57.6,98.6,129.1,77.5,10798,96,0
cleveland-255,2026-08-05,55.7,68.4,64.2,97.8,126.5,78.7,7635,58,0
cleveland-255,2026-08-06,55.8,68.1,58.4,97.2,136.9,85.6,8336,70,0
cleveland-255,2026-08-07,59.4,73.2,59.2,97.8,116.6,73.4,7190,64,0
cleveland-256,2026-08-01,62.6,75.7,62.1,98.0,117.8,74.0,5215,39,0
cleveland-256,2026-08-02,64.8,83.4,53.0,98.7,100.9,65.8,10402,98,0
cleveland-256,2026-08-03,54.8,63.7,70.7,97.2,120.1,77.3,5439,51,0
cleveland-256,2026-08-04,57.7,72.1,47.0,97.1,126.5,79.8,7840,75,0
cleveland-256,2026-08-05,58.1,75.3,67.2,97.8,115.7,73.9,9773,85,0
cleveland-256,2026-08-06,63.3,79.6,72.4,97.0,130.4,79.6,8443,86,0
cleveland-256,2026-08-07,56.4,73.8,66.7,96.9,130.0,85.3,8772,76,0
cleveland-257,2026-08-01,61.7,77.9,47.7,96.6,134.5,82.8,6179,57,0
cleveland-257,2026-08-02,62.8,73.4,53.0,95.4,116.2,74.2,5376,40,0
cleveland-257,2026-08-03,64.4,77.3,45.2,97.6,131.6,80.5,7460,63,0
cleveland-257,2026-08-04,68.7,73.0,61.4,97.8,127.3,84.3,3406,24,0
cleveland-257,2026-08-05,69.4,88.2,61.3,96.8,134.4,89.3,7888,75,0
cleveland-257,2026-08-06,67.9,76.9,35.8,98.8,126.8,79.9,2992,25,0
cleveland-257,2026-08-07,66.7,81.9,51.1,98.6,128.7,87.4,6761,69,0
cleveland-258,2026-08-01,74.2,87.0,56.9,98.3,132.1,81.5,7627,58,0
cleveland-258,2026-08-02,63.2,71.8,46.1,95.9,113.0,73.1,7086,52,0
cleveland-258,2026-08-03,64.0,68.1,57.6,98.5,117.0,75.0,5448,42,0
cleveland-258,2026-08-04,62.6,73.1,49.9,98.5,133.9,83.5,5775,55,0
cleveland-258,2026-08-05,72.7,75.6,29.0,95.6,132.7,89.5,3668,28,0
cleveland-258,2026-08-06,70.0,86.2,60.8,95.9,116.9,71.0,8574,80,1
cleveland-258,2026-08-07,64.9,78.4,38.7,98.0,127.6,86.5,7288,64,0
cleveland-259,2026-08-01,67.8,80.4,51.5,96.6,130.6,80.0,7445,72,0
cleveland-259,2026-08-02,57.4,68.3,48.8,97.2,140.8,84.6,7619,60,0
cleveland-259,2026-08-03,74.2,84.8,44.4,97.6,128.9,84.6,5578,52,0
cleveland-259,2026-08-04,62.0,82.8,57.9,98.1,138.7,86.9,8830,80,0
cleveland-259,2026-08-05,56.1,77.4,56.5,97.1,124.4,83.1,9444,83,0
cleveland-259,2026-08-06,60.5,67.2,60.3,97.4,127.2,82.6,5701,53,0
cleveland-259,2026-08-07,62.6,82.4,50.3,99.0,125.1,80.5,11468,102,0
cleveland-260,2026-08-01,71.2,84.7,36.9,96.9,142.1,96.4,6789,62,0
cleveland-260,2026-08-02,67.9,80.7,56.3,95.5,135.3,85.1,2782,30,0
cleveland-260,2026-08-03,73.7,84.2,38.1,97.0,158.5,96.2,4480,43,0
cleveland-260,2026-08-04,67.9,73.6,29.9,97.1,149.8,96.0,5379,54,0
cleveland-260,2026-08-05,80.4,79.9,38.7,94.9,139.6,85.0,326,3,0
cleveland-260,2026-08-06,72.6,78.6,35.2,96.0,135.4,87.8,2291,17,0
cleveland-260,2026-08-07,72.0,74.6,28.0,95.6,145.1,93.8,4051,23,1
cleveland-261,2026-08-01,56.7,59.5,55.5,98.3,120.9,73.3,4979,43,0
cleveland-261,2026-08-02,56.2,66.6,69.1,97.9,130.4,79.9,5859,48,0
cleveland-261,2026-08-03,62.0,80.5,55.9,97.3,121.0,76.2,9915,91,0
cleveland-261,2026-08-04,62.3,82.5,55.5,96.7,130.5,87.5,9402,93,0
cleveland-261,2026-08-05,73.2,85.5,60.5,96.4,118.7,80.4,5365,45,0
cleveland-261,2026-08-06,59.9,73.8,67.4,96.8,108.0,65.7,8742,80,0
cleveland-261,2026-08-07,59.3,73.9,67.8,96.7,115.3,73.8,7773,68,0
cleveland-262,2026-08-01,73.3,90.2,35.5,96.9,145.0,97.7,9008,81,0
cleveland-262,2026-08-02,73.8,84.6,48.2,95.4,145.8,89.2,6633,59,0
cleveland-262,2026-08-03,73.9,83.5,29.4,97.3,145.3,87.2,4022,38,0
cleveland-262,2026-08-04,74.0,84.4,41.2,93.6,140.5,90.6,5910,57,0
cleveland-262,2026-08-05,65.3,72.4,44.7,96.7,149.3,95.0,6311,49,1
cleveland-262,2026-08-06,75.1,86.2,49.4,95.8,131.0,88.3,3626,44,0
cleveland-262,2026-08-07,71.5,77.6,35.9,96.7,134.2,87.6,3650,30,0
cleveland-263,2026-08-01,63.9,78.2,55.5,97.3,117.8,73.3,6066,55,0
cleveland-263,2026-08-02,71.4,81.5,52.7,97.9,118.5,79.4,6748,59,0
cleveland-263,2026-08-03,64.4,78.0,54.6,97.5,118.8,72.8,6145,58,0
cleveland-263,2026-08-04,62.7,71.4,56.3,97.3,109.6,72.4,6299,52,0
cleveland-263,2026-08-05,58.2,65.6,47.6,99.0,110.8,70.0,4875,40,0
cleveland-263,2026-08-06,65.0,79.9,64.1,98.3,134.5,81.3,6537,61,0
cleveland-263,2026-08-07,67.0,79.4,60.4,100.0,126.1,81.0,7294,61,0
cleveland-264,2026-08-01,58.2,79.8,57.9,98.4,131.2,80.9,11431,104,0
cleveland-264,2026-08-02,57.9,71.1,67.2,97.7,122.2,78.5,5097,45,0
cleveland-264,2026-08-03,59.8,75.1,71.4,96.2,112.5,70.9,8735,77,0
cleveland-264,2026-08-04,61.5,76.5,60.4,97.5,110.8,67.9,6741,56,0
cleveland-264,2026-08-05,68.1,75.8,64.1,97.2,120.6,73.8,6938,69,0
cleveland-264,2026-08-06,63.6,68.9,52.1,97.3,126.6,84.6,5365,41,0
cleveland-264,2026-08-07,54.5,71.5,51.1,98.7,118.4,74.7,5975,57,0
cleveland-265,2026-08-01,79.8,96.4,37.8,96.0,143.1,87.7,8072,75,0
cleveland-265,2026-08-02,76.3,85.2,27.2,96.1,165.4,109.0,5149,48,0
cleveland-265,2026-08-03,73.3,79.5,32.9,96.2,135.1,91.7,4276,41,0
cleveland-265,2026-08-04,75.8,79.6,38.3,95.0,132.7,84.8,3355,33,0
cleveland-265,2026-08-05,70.2,77.7,27.2,95.3,134.5,83.6,4854,38,0
cleveland-265,2026-08-06,75.5,84.2,41.5,96.0,141.9,96.0,4446,35,0
cleveland-265,2026-08-07,72.1,86.1,30.1,95.3,137.2,93.0,6720,65,0
cleveland-266,2026-08-01,60.6,75.6,44.5,93.7,117.4,70.8,6061,52,0
cleveland-266,2026-08-02,69.1,75.7,52.6,97.6,139.4,89.9,4594,34,0
cleveland-266,2026-08-03,68.7,77.3,43.6,94.0,123.4,81.9,5490,47,0
cleveland-266,2026-08-04,64.3,74.6,37.3,95.8,132.0,84.6,6339,61,0
cleveland-266,2026-08-05,75.1,94.3,44.6,95.0,137.2,87.3,8697,80,0
cleveland-266,2026-08-06,69.9,80.6,38.9,96.3,149.3,89.7,3897,29,1
cleveland-266,2026-08-07,71.8,75.7,38.8,96.3,125.9,83.5,3470,29,0
cleveland-267,2026-08-01,70.2,82.2,30.9,95.8,137.3,87.7,5683,53,1
cleveland-267,2026-08-02,73.4,83.7,40.3,96.7,115.4,76.1,7996,73,0
cleveland-267,2026-08-03,68.8,76.1,42.3,94.7,157.3,95.3,5259,37,0
cleveland-267,2026-08-04,76.1,86.0,34.6,97.1,128.0,84.9,4663,44,1
cleveland-267,2026-08-05,72.6,78.8,43.3,95.1,140.7,91.1,2111,21,0
cleveland-267,2026-08-06,74.5,82.2,38.9,96.4,130.6,80.1,2730,32,0
cleveland-267,2026-08-07,72.6,83.0,47.3,97.0,128.9,86.4,6964,65,0
cleveland-268,2026-08-01,76.4,90.9,44.5,97.7,150.1,91.5,7302,73,0
cleveland-268,2026-08-02,82.5,82.4,36.1,97.2,134.0,90.8,419,1,0
cleveland-268,2026-08-03,76.9,83.7,26.8,96.7,150.0,92.8,6091,53,0
cleveland-268,2026-08-04,75.5,85.2,35.4,94.4,130.6,84.7,5456,39,0
cleveland-268,2026-08-05,78.0,91.4,37.3,95.5,147.9,100.2,7204,65,0
cleveland-268,2026-08-06,73.7,77.0,49.2,95.5,144.8,93.5,1099,11,0
cleveland-268,2026-08-07,66.6,76.3,38.0,96.3,131.0,87.7,4365,42,0
cleveland-269,2026-08-01,70.3,82.4,49.3,94.8,134.8,84.3,3380,36,0
cleveland-269,2026-08-02,68.4,78.1,50.5,95.8,113.1,70.4,6521,62,0
cleveland-269,2026-08-03,73.7,85.7,41.8,94.5,145.4,93.2,7639,62,0
cleveland-269,2026-08-04,69.4,86.2,32.8,93.6,148.0,96.5,7775,75,1
cleveland-269,2026-08-05,71.7,75.3,53.7,96.1,151.4,102.9,2782,30,0
cleveland-269,2026-08-06,75.1,93.5,55.0,96.9,126.0,78.8,8366,68,0
cleveland-269,2026-08-07,69.4,82.6,45.8,96.5,132.4,84.4,8179,75,0
cleveland-270,2026-08-01,52.0,68.2,63.1,98.2,113.3,76.8,7737,67,0
cleveland-270,2026-08-02,63.5,81.9,43.7,97.8,121.1,74.6,8486,76,0
cleveland-270,2026-08-03,61.9,76.7,61.9,97.0,118.0,74.5,7472,73,0
cleveland-270,2026-08-04,54.4,73.2,67.1,96.9,111.4,73.1,9040,87,0
cleveland-270,2026-08-05,58.9,65.8,65.8,98.6,120.1,81.4,7429,60,0
cleveland-270,2026-08-06,58.4,70.9,57.7,98.2,120.5,72.9,7865,71,0
cleveland-270,2026-08-07,53.9,71.9,62.0,97.3,127.8,83.1,7800,69,0
cleveland-271,2026-08-01,80.8,87.6,37.1,96.0,138.2,90.2,3670,34,0
cleveland-271,2026-08-02,74.3,94.2,38.1,96.1,153.6,98.7,9420,85,1
cleveland-271,2026-08-03,78.5,84.7,29.3,96.5,137.1,92.2,4307,35,0
cleveland-271,2026-08-04,74.8,91.3,24.6,97.1,131.5,86.6,5725,55,0
cleveland-271,2026-08-05,75.3,85.2,45.0,95.4,132.8,81.3,5314,41,0
cleveland-271,2026-08-06,78.1,84.2,39.0,97.9,145.5,87.6,3292,31,0
cleveland-271,2026-08-07,69.2,71.6,51.1,97.3,137.7,88.0,3320,31,0
cleveland-272,2026-08-01,57.1,70.3,39.6,96.9,138.7,93.8,6924,68,0
cleveland-272,2026-08-02,70.3,83.1,49.2,96.7,131.0,84.5,6903,67,0
cleveland-272,2026-08-03,65.1,82.3,53.4,99.1,130.1,79.9,7655,74,0
cleveland-272,2026-08-04,57.7,78.1,31.2,98.8,130.7,87.6,7954,81,0
cleveland-272,2026-08-05,60.1,76.2,45.1,95.1,132.5,85.5,8847,83,0
cleveland-272,2026-08-06,60.3,70.8,49.8,96.5,142.6,92.1,6350,48,0
cleveland-272,2026-08-07,62.2,82.4,43.7,97.5,121.8,74.5,10228,93,0
cleveland-273,2026-08-01,67.5,69.3,40.0,98.5,133.2,86.9,3913,21,0
cleveland-273,2026-08-02,73.0,84.2,53.3,95.7,114.5,77.2,6119,56,0
cleveland-273,2026-08-03,74.4,86.4,36.1,96.3,137.5,85.4,3818,32,0
cleveland-273,2026-08-04,74.7,80.1,33.9,94.6,145.6,91.3,5652,49,0
cleveland-273,2026-08-05,75.4,89.6,34.7,95.2,146.9,92.2,8607,77,1
cleveland-273,2026-08-06,69.1,76.0,49.2,96.9,145.5,92.0,4583,41,0
cleveland-273,2026-08-07,74.7,83.9,39.4,95.1,149.6,91.5,5170,54,0
cleveland-274,2026-08-01,63.5,69.8,38.9,97.8,121.1,76.1,5212,44,0
cleveland-274,2026-08-02,63.8,78.6,49.8,99.9,126.6,77.1,7773,70,1
cleveland-274,2026-08-03,65.2,84.5,44.7,97.0,128.2,83.2,9172,94,0
cleveland-274,2026-08-04,68.7,80.2,38.8,98.4,124.2,80.3,6141,60,0
cleveland-274,2026-08-05,62.4,72.6,58.7,98.1,131.6,82.5,5279,35,0
cleveland-274,2026-08-06,69.1,86.0,52.2,98.7,135.2,82.3,7586,67,0
cleveland-274,2026-08-07,66.8,70.7,47.2,96.6,124.1,76.8,5417,41,0
cleveland-275,2026-08-01,74.7,76.2,35.3,95.5,130.5,78.7,3339,30,0
cleveland-275,2026-08-02,70.3,75.0,38.6,96.9,142.0,87.5,1100,7,0
cleveland-275,2026-08-03,80.0,84.8,49.2,96.3,136.7,92.5,3963,33,1
cleveland-275,2026-08-04,74.2,83.7,49.2,96.9,136.1,92.1,5443,49,1
cleveland-275,2026-08-05,75.2,81.6,36.7,95.3,132.0,87.6,5591,49,0
cleveland-275,2026-08-06,76.8,93.8,19.7,97.3,137.1,85.2,6868,70,1
cleveland-275,2026-08-07,67.1,72.5,19.4,96.9,151.1,96.2,4334,36,0
cleveland-276,2026-08-01,64.2,73.3,50.0,100.0,113.3,75.7,4906,43,0
cleveland-276,2026-08-02,62.3,75.7,48.9,97.2,116.5,74.1,7301,68,1
cleveland-276,2026-08-03,68.1,82.2,60.0,98.9,129.6,85.2,6046,53,0
cleveland-276,2026-08-04,62.2,73.1,43.5,97.3,120.1,74.2,8163,70,0
cleveland-276,2026-08-05,61.1,74.0,50.5,98.6,117.6,75.1,5097,39,0
cleveland-276,2026-08-06,62.6,71.3,54.9,97.9,127.5,83.6,2327,16,0
cleveland-276,2026-08-07,62.3,72.9,44.2,97.8,130.2,87.8,2246,36,0
cleveland-277,2026-08-01,60.8,75.2,59.0,98.0,127.6,81.2,6502,61,0
cleveland-277,2026-08-02,64.8,78.1,62.3,95.9,119.6,74.2,5391,47,0
cleveland-277,2026-08-03,56.3,66.4,47.8,97.6,127.1,85.8,7558,68,0
cleveland-277,2026-08-04,61.2,75.6,48.9,98.2,130.4,82.7,6013,62,0
cleveland-277,2026-08-05,66.1,75.7,45.7,95.4,121.3,74.8,6849,61,0
cleveland-277,2026-08-06,69.3,86.8,49.5,97.1,120.7,73.6,8291,70,0
cleveland-277,2026-08-07,61.2,74.1,48.8,96.7,114.9,69.3,6307,60,0
cleveland-278,2026-08-01,51.4,66.0,53.7,98.1,108.5,71.9,5416,49,0
cleveland-278,2026-08-02,52.2,67.2,67.4,99.3,145.2,92.3,5464,51,0
cleveland-278,2026-08-03,63.8,73.9,53.9,97.9,97.6,62.0,7908,70,0
cleveland-278,2026-08-04,60.9,84.5,59.9,97.6,126.6,76.2,10366,89,0
cleveland-278,2026-08-05,58.2,62.2,58.3,97.7,125.4,76.0,5506,52,0
cleveland-278,2026-08-06,65.4,73.8,49.3,95.9,122.0,80.3,8505,67,0
cleveland-278,2026-08-07,54.9,75.0,61.7,97.7,115.6,74.9,8982,87,0
cleveland-279,2026-08-01,71.5,77.4,33.9,96.7,132.6,80.7,3567,33,1
cleveland-279,2026-08-02,81.0,87.1,32.8,95.7,132.5,79.5,4727,37,0
cleveland-279,2026-08-03,76.4,78.5,36.5,96.1,135.3,91.6,3254,21,0
cleveland-279,2026-08-04,70.6,80.6,33.5,95.6,149.7,95.8,5648,46,1
cleveland-279,2026-08-05,72.6,82.1,38.3,96.1,145.6,96.2,8049,73,0
cleveland-279,2026-08-06,73.9,90.4,36.6,95.7,119.5,75.0,7875,68,0
cleveland-279,2026-08-07,68.1,75.3,41.7,95.9,143.3,93.3,5177,46,1
cleveland-280,2026-08-01,68.1,83.2,66.5,96.5,114.8,74.8,7677,68,0
cleveland-280,2026-08-02,62.0,74.5,73.3,97.0,139.5,87.5,7972,62,0
cleveland-280,2026-08-03,62.5,74.0,45.4,98.3,133.6,82.6,6377,52,0
cleveland-280,2026-08-04,62.7,77.1,57.6,97.3,120.2,76.3,6874,64,0
cleveland-280,2026-08-05,64.7,78.6,47.1,96.6,124.4,83.3,6124,56,0
cleveland-280,2026-08-06,68.1,78.6,43.4,96.3,122.1,80.7,6635,57,0
cleveland-280,2026-08-07,57.1,74.5,72.7,97.5,134.2,87.8,8098,74,0
cleveland-281,2026-08-01,78.5,89.3,24.4,96.9,139.6,92.7,8423,85,0
cleveland-281,2026-08-02,75.1,91.3,39.8,97.5,150.3,99.3,9008,86,1
cleveland-281,2026-08-03,77.3,87.6,30.0,95.6,136.3,87.7,4561,34,0
cleveland-281,2026-08-04,80.4,94.7,38.7,97.3,144.2,92.9,5936,55,0
cleveland-281,2026-08-05,71.2,75.8,42.7,96.0,143.1,93.0,1026,8,0
cleveland-281,2026-08-06,76.0,87.8,37.8,95.8,146.7,89.1,5666,56,0
cleveland-281,2026-08-07,70.8,77.5,21.9,96.7,146.6,93.1,5790,57,1
cleveland-282,2026-08-01,55.1,67.7,54.9,99.1,131.8,81.0,7233,60,0
cleveland-282,2026-08-02,62.4,75.1,45.1,97.6,104.8,69.6,6312,51,0
cleveland-282,2026-08-03,61.7,76.6,75.3,98.1,116.2,78.6,7045,70,0
cleveland-282,2026-08-04,55.0,65.8,58.3,97.4,112.8,71.3,8344,75,0
cleveland-282,2026-08-05,58.9,74.6,59.3,97.6,118.3,72.5,7681,74,0
cleveland-282,2026-08-06,65.3,86.5,69.8,98.9,136.1,91.9,8725,85,0
cleveland-282,2026-08-07,63.4,78.0,58.4,99.3,109.5,71.8,4300,39,0
cleveland-283,2026-08-01,72.4,80.8,41.4,95.9,141.3,90.8,3477,31,0
cleveland-283,2026-08-02,77.2,80.2,39.7,96.4,144.8,92.4,3855,34,0
cleveland-283,2026-08-03,76.2,87.2,31.3,96.4,132.3,88.4,8700,74,1
cleveland-283,2026-08-04,73.1,90.7,42.3,98.0,131.0,86.4,7895,76,0
cleveland-283,2026-08-05,76.5,87.3,43.4,96.2,132.7,79.8,7967,66,0
cleveland-283,2026-08-06,70.4,75.9,36.9,97.0,142.2,89.6,5498,53,0
cleveland-283,2026-08-07,68.7,82.5,33.5,96.3,137.3,91.5,5255,46,0
cleveland-284,2026-08-01,60.2,74.0,67.5,96.8,138.6,85.6,8303,74,0
cleveland-284,2026-08-02,55.9,69.4,71.5,96.3,127.9,79.8,7414,70,0
cleveland-284,2026-08-03,54.6,63.0,67.2,98.1,121.2,74.2,7757,68,0
cleveland-284,2026-08-04,61.1,70.8,62.5,99.3,110.0,72.8,8339,77,0
cleveland-284,2026-08-05,60.0,75.9,45.0,97.4,111.7,67.7,5691,53,0
cleveland-284,2026-08-06,50.4,62.2,64.3,97.3,109.1,65.7,9683,84,0
cleveland-284,2026-08-07,56.3,75.2,60.8,97.0,112.9,76.1,8933,82,0
cleveland-285,2026-08-01,68.5,83.1,30.7,95.4,121.0,77.8,6718,65,0
cleveland-285,2026-08-02,78.7,84.2,26.4,95.0,149.6,94.3,3521,34,1
cleveland-285,2026-08-03,69.4,81.4,37.5,96.2,153.2,95.5,4177,45,0
cleveland-285,2026-08-04,66.7,75.4,28.4,94.9,139.8,92.6,7615,61,1
cleveland-285,2026-08-05,75.0,88.7,14.2,94.3,137.1,86.0,8127,71,0
cleveland-285,2026-08-06,75.4,84.2,47.1,97.3,139.2,85.8,4744,50,0
cleveland-285,2026-08-07,71.5,86.9,32.7,94.2,141.6,88.6,8077,66,0
cleveland-286,2026-08-01,74.5,81.5,27.9,94.9,139.6,93.7,3858,41,0
cleveland-286,2026-08-02,71.6,80.8,39.8,96.3,141.8,88.8,2858,23,0
cleveland-286,2026-08-03,72.2,75.4,45.8,97.2,144.7,96.2,2991,34,0
cleveland-286,2026-08-04,74.0,85.6,32.0,96.2,142.6,94.0,5645,48,0
cleveland-286,2026-08-05,76.1,78.3,36.5,96.4,122.7,74.8,2162,28,1
cleveland-286,2026-08-06,69.9,79.4,34.0,96.0,153.5,98.5,5558,57,0
cleveland-286,2026-08-07,76.1,82.4,43.1,95.8,134.8,88.2,3412,26,1
cleveland-287,2026-08-01,74.2,84.7,39.9,94.9,128.9,80.2,3469,27,0
cleveland-287,2026-08-02,80.5,93.3,38.3,97.0,146.6,97.7,7856,66,0
cleveland-287,2026-08-03,65.7,90.0,30.7,97.9,137.2,84.6,8619,93,0
cleveland-287,2026-08-04,73.8,80.4,37.8,96.3,138.8,86.2,6218,54,0
cleveland-287,2026-08-05,69.7,79.7,31.2,95.9,135.4,82.3,4564,47,0
cleveland-287,2026-08-06,73.1,74.3,25.6,96.3,146.4,97.9,2431,14,0
cleveland-287,2026-08-07,73.3,83.0,29.8,94.5,132.6,85.5,6549,64,1
cleveland-288,2026-08-01,65.1,74.2,44.5,97.4,127.8,83.2,3986,36,0
cleveland-288,2026-08-02,59.8,74.6,49.6,97.3,127.4,80.4,8152,68,0
cleveland-288,2026-08-03,61.9,76.6,67.6,96.1,122.2,77.7,7340,71,0
cleveland-288,2026-08-04,67.8,76.7,56.6,98.3,131.2,79.9,6926,57,0
cleveland-288,2026-08-05,61.0,72.6,69.1,96.1,115.0,74.2,6450,60,1
cleveland-288,2026-08-06,61.2,76.6,55.4,98.1,139.3,90.7,6356,55,0
cleveland-288,2026-08-07,54.9,73.2,38.4,96.7,126.8,83.7,7991,71,0
cleveland-289,2026-08-01,62.5,74.9,63.8,95.9,123.5,81.6,8238,66,0
cleveland-289,2026-08-02,64.1,78.8,64.1,98.3,123.7,79.6,6792,62,0
cleveland-289,2026-08-03,63.6,79.9,62.3,98.2,135.4,90.6,8420,74,0
cleveland-289,2026-08-04,64.6,79.3,66.6,95.8,137.9,90.9,8177,77,0
cleveland-289,2026-08-05,64.9,81.8,59.7,98.2,129.9,81.4,8570,72,0
cleveland-289,2026-08-06,62.0,80.7,66.6,96.6,124.0,78.5,9637,95,0
cleveland-289,2026-08-07,68.8,82.7,54.4,97.6,130.9,83.6,7353,77,0
cleveland-290,2026-08-01,64.2,80.2,53.3,97.7,140.0,94.2,8432,84,0
cleveland-290,2026-08-02,69.2,76.7,55.7,98.4,117.4,70.8,5180,47,0
cleveland-290,2026-08-03,60.9,68.3,36.3,96.3,131.3,80.7,5221,50,0
cleveland-290,2026-08-04,61.7,73.2,52.0,97.4,147.3,88.9,7562,72,0
cleveland-290,2026-08-05,59.7,65.4,60.7,97.2,122.2,78.7,5703,51,0
cleveland-290,2026-08-06,63.1,75.7,61.0,96.4,122.5,79.3,6712,68,0
cleveland-290,2026-08-07,59.4,71.8,41.8,96.2,130.3,85.6,7717,70,0
cleveland-291,2026-08-01,70.0,73.0,39.5,95.3,137.5,83.3,5701,54,0
cleveland-291,2026-08-02,66.8,74.0,30.1,95.9,137.8,90.1,5756,48,0
cleveland-291,2026-08-03,67.6,74.0,29.0,97.3,127.4,81.8,3393,40,0
cleveland-291,2026-08-04,69.7,78.5,32.9,96.3,133.0,86.2,4947,49,0
cleveland-291,2026-08-05,72.9,82.0,44.5,96.1,141.1,86.4,3531,33,0
cleveland-291,2026-08-06,74.3,75.2,34.3,96.4,125.6,76.2,2001,18,0
cleveland-291,2026-08-07,69.0,71.1,29.6,94.9,147.8,98.2,4730,41,0
cleveland-292,2026-08-01,59.0,72.7,57.0,98.1,126.9,77.2,6177,53,0
cleveland-292,2026-08-02,61.0,78.7,69.8,98.1,122.3,78.6,9587,88,0
cleveland-292,2026-08-03,65.5,74.2,59.4,98.4,128.1,85.3,5883,62,0
cleveland-292,2026-08-04,56.7,70.6,54.2,96.9,125.2,84.4,5478,49,0
cleveland-292,2026-08-05,58.6,66.5,61.9,97.6,125.4,79.7,5770,49,0
cleveland-292,2026-08-06,67.4,73.1,41.4,96.3,111.7,74.6,6094,53,0
cleveland-292,2026-08-07,65.5,79.8,57.0,97.4,109.9,70.6,7464,62,0
cleveland-293,2026-08-01,68.2,79.2,46.7,95.9,145.6,97.5,3526,35,0
cleveland-293,2026-08-02,68.0,75.9,36.2,95.9,132.0,79.4,7003,54,1
cleveland-293,2026-08-03,72.6,85.1,32.4,96.6,147.2,88.4,3680,37,0
cleveland-293,2026-08-04,70.5,70.7,49.6,96.1,119.5,73.4,3733,27,0
cleveland-293,2026-08-05,67.0,75.9,43.5,96.6,136.7,88.0,6180,56,0
cleveland-293,2026-08-06,69.9,72.6,39.8,96.4,145.2,93.7,4035,25,0
cleveland-293,2026-08-07,67.4,87.5,42.8,96.1,152.0,97.6,8931,84,0
cleveland-294,2026-08-01,68.9,72.9,30.6,96.0,134.3,89.3,5390,43,1
cleveland-294,2026-08-02,72.3,75.3,26.3,95.8,145.4,92.1,3450,24,0
cleveland-294,2026-08-03,76.8,92.8,37.0,97.2,155.6,97.0,7315,65,0
cleveland-294,2026-08-04,65.3,82.7,26.5,94.8,124.0,82.3,8363,74,0
cleveland-294,2026-08-05,74.0,84.1,34.0,95.8,144.8,88.1,5471,51,0
cleveland-294,2026-08-06,76.8,85.0,23.9,96.6,146.8,88.9,3545,42,0
cleveland-294,2026-08-07,76.4,87.1,28.0,94.1,144.7,94.7,5218,43,0
cleveland-295,2026-08-01,62.8,70.7,37.3,95.7,152.8,102.6,6001,51,0
cleveland-295,2026-08-02,71.8,82.5,44.9,95.8,129.0,77.9,6377,57,1
cleveland-295,2026-08-03,69.5,74.2,16.3,95.1,142.2,86.8,1831,21,0
cleveland-295,2026-08-04,74.9,80.9,23.8,96.3,148.2,91.1,5938,56,0
cleveland-295,2026-08-05,69.4,74.3,44.5,97.1,131.4,86.8,5087,50,0
cleveland-295,2026-08-06,73.4,81.7,13.9,96.2,145.3,90.9,3519,32,0
cleveland-295,2026-08-07,76.9,88.1,36.4,95.4,141.3,89.2,6044,53,0
cleveland-296,2026-08-01,56.1,65.6,61.3,96.6,127.7,78.2,6452,59,0
cleveland-296,2026-08-02,57.5,73.0,59.5,98.0,121.8,74.7,6063,53,0
cleveland-296,2026-08-03,58.1,65.6,51.3,97.3,116.6,71.1,6234,57,1
cleveland-296,2026-08-04,59.9,72.3,65.8,99.9,126.8,79.6,7661,70,0
cleveland-296,2026-08-05,50.8,63.4,64.3,97.0,119.5,76.2,5559,51,1
cleveland-296,2026-08-06,53.4,65.5,70.7,97.3,115.8,76.6,7142,58,0
cleveland-296,2026-08-07,62.6,76.2,64.0,99.1,118.6,73.0,5184,58,0
cleveland-297,2026-08-01,79.4,86.5,46.4,94.6,132.2,84.8,2893,25,0
cleveland-297,2026-08-02,73.8,84.7,44.9,96.4,138.3,90.9,6315,51,0
cleveland-297,2026-08-03,77.1,81.2,30.9,95.5,127.8,81.3,4057,32,0
cleveland-297,2026-08-04,68.2,76.1,27.5,96.9,137.5,89.2,4173,37,0
cleveland-297,2026-08-05,77.8,90.0,44.8,95.4,130.1,86.5,7298,72,0
cleveland-297,2026-08-06,75.6,76.6,36.8,96.2,139.9,89.5,3585,29,1
cleveland-297,2026-08-07,72.4,80.0,41.7,97.3,150.9,95.1,3457,24,0
cleveland-298,2026-08-01,78.5,95.7,40.2,94.0,141.8,88.4,7163,72,1
cleveland-298,2026-08-02,68.2,78.6,40.6,95.2,151.8,97.0,5930,55,0
cleveland-298,2026-08-03,64.1,74.5,32.0,95.5,148.5,97.0,5724,45,1
cleveland-298,2026-08-04,80.7,85.1,35.2,93.2,132.0,80.0,3729,32,0
cleveland-298,2026-08-05,67.7,73.6,42.9,97.2,136.2,83.1,2882,26,0
cleveland-298,2026-08-06,73.9,94.6,38.8,94.9,149.2,95.9,7926,74,0
cleveland-298,2026-08-07,73.2,81.1,30.5,95.3,143.3,89.0,3849,39,0
cleveland-299,2026-08-01,66.6,81.3,48.5,96.5,146.3,97.3,5297,47,0
cleveland-299,2026-08-02,73.5,89.5,37.4,94.1,124.5,80.0,6712,63,0
cleveland-299,2026-08-03,67.4,76.3,45.3,96.2,130.3,85.7,5592,47,0
cleveland-299,2026-08-04,76.0,83.2,42.0,96.1,122.6,79.4,7315,70,0
cleveland-299,2026-08-05,70.0,77.4,46.0,95.5,133.4,86.1,4057,34,0
cleveland-299,2026-08-06,73.7,93.7,49.1,96.1,149.0,98.2,9090,93,0
cleveland-299,2026-08-07,70.3,83.8,38.8,95.4,135.1,89.9,6205,66,0
cleveland-300,2026-08-01,80.5,78.5,22.7,95.4,143.7,94.2,1813,12,1
cleveland-300,2026-08-02,78.7,77.3,22.7,97.0,149.6,90.4,846,2,0
cleveland-300,2026-08-03,73.5,78.4,24.4,96.1,129.6,78.1,2655,19,0
cleveland-300,2026-08-04,82.7,82.3,24.1,95.4,145.9,94.5,519,5,0
cleveland-300,2026-08-05,68.6,77.5,27.9,96.1,150.3,94.9,6120,55,0
cleveland-300,2026-08-06,76.7,85.5,40.7,95.9,132.9,86.6,5275,54,0
cleveland-300,2026-08-07,77.0,93.6,29.2,95.6,152.5,92.5,8116,70,1
cleveland-301,2026-08-01,73.4,86.2,34.2,96.9,135.4,86.2,8174,74,0
cleveland-301,2026-08-02,79.8,84.8,31.9,98.1,142.1,86.8,5215,58,1
cleveland-301,2026-08-03,71.2,79.8,34.6,96.1,136.1,86.0,4867,37,0
cleveland-301,2026-08-04,70.1,84.8,51.2,97.3,146.1,89.6,4964,50,0
cleveland-301,2026-08-05,70.0,75.4,36.0,96.6,146.0,93.5,3889,43,0
cleveland-301,2026-08-06,67.0,73.8,28.8,97.2,150.0,90.1,5803,52,0
cleveland-301,2026-08-07,77.8,86.2,39.1,95.1,136.5,90.4,5085,47,0
cleveland-302,2026-08-01,80.8,91.2,38.2,96.5,134.7,90.1,4760,41,1
cleveland-302,2026-08-02,75.4,83.5,44.2,97.8,142.0,93.3,5798,43,0
cleveland-302,2026-08-03,73.2,82.0,30.0,96.6,147.3,99.7,7824,62,0
cleveland-302,2026-08-04,76.3,80.4,38.1,96.0,138.0,89.5,3519,31,0
cleveland-302,2026-08-05,82.5,92.5,34.3,96.3,140.7,93.2,4050,43,0
cleveland-302,2026-08-06,71.9,82.9,34.9,95.8,143.1,89.3,5839,54,0
cleveland-302,2026-08-07,75.4,89.6,40.2,95.0,141.0,85.6,7018,66,0
cleveland-303,2026-08-01,58.2,78.1,64.2,96.9,129.7,86.4,9435,85,0
cleveland-303,2026-08-02,59.8,62.7,61.4,97.9,110.3,68.8,4642,38,0
cleveland-303,2026-08-03,61.1,79.6,64.6,99.0,116.9,77.6,8083,73,0
cleveland-303,2026-08-04,57.7,72.1,67.6,97.8,122.7,81.1,7365,49,0
cleveland-303,2026-08-05,58.5,70.6,59.2,96.7,121.9,74.4,6675,61,0
cleveland-303,2026-08-06,54.1,66.2,54.5,98.2,114.0,70.0,6902,62,0
cleveland-303,2026-08-07,55.3,68.1,67.1,98.8,102.6,65.3,9770,96,0
hungarian-001,2026-08-01,64.5,80.8,57.6,99.1,115.6,76.6,7120,69,0
hungarian-001,2026-08-02,63.7,69.8,64.4,100.0,129.4,85.8,6620,52,0
hungarian-001,2026-08-03,63.5,81.5,68.3,96.9,116.0,78.0,9855,85,0
hungarian-001,2026-08-04,54.6,66.8,77.2,97.2,108.3,67.0,8513,79,0
hungarian-001,2026-08-05,66.6,82.6,54.3,97.9,110.2,71.4,10646,98,0
hungarian-001,2026-08-06,60.9,79.7,53.6,96.2,117.3,70.5,9099,80,0
hungarian-001,2026-08-07,60.5,65.8,66.2,98.1,127.9,84.6,7225,57,0
hungarian-002,2026-08-01,57.7,69.5,55.4,96.6,131.2,88.6,6099,53,0
hungarian-002,2026-08-02,54.9,68.4,61.4,98.6,128.1,82.6,9198,83,0
hungarian-002,2026-08-03,53.0,69.5,73.4,99.1,113.8,73.5,10268,99,1
hungarian-002,2026-08-04,57.9,64.9,57.9,97.9,111.2,73.7,8187,66,0
hungarian-002,2026-08-05,55.1,65.0,81.2,99.5,112.9,75.5,10057,88,0
hungarian-002,2026-08-06,58.2,74.1,67.6,97.3,107.2,67.8,9641,85,0
hungarian-002,2026-08-07,58.5,78.9,55.2,98.4,110.9,66.9,12265,109,0
hungarian-003,2026-08-01,51.0,67.3,74.1,98.5,122.2,78.1,7903,65,0
hungarian-003,2026-08-02,59.7,74.7,54.5,99.0,115.1,71.1,8847,82,0
hungarian-003,2026-08-03,60.5,81.7,75.6,97.7,117.1,74.1,10966,104,0
hungarian-003,2026-08-04,61.3,78.8,52.6,97.5,116.5,76.5,9040,92,0
hungarian-003,2026-08-05,67.5,80.2,71.0,96.9,119.6,79.6,10950,105,0
hungarian-003,2026-08-06,57.8,70.3,56.0,93.8,111.0,74.4,7424,62,0
hungarian-003,2026-08-07,56.2,69.4,75.1,97.6,109.7,72.0,7986,78,0
hungarian-004,2026-08-01,58.6,72.3,79.7,97.9,111.5,69.6,9711,86,0
hungarian-004,2026-08-02,58.5,77.3,51.6,97.8,112.0,73.7,7691,76,0
hungarian-004,2026-08-03,59.3,77.0,68.5,97.6,107.8,66.5,7232,72,0
hungarian-004,2026-08-04,58.5,74.3,60.5,97.3,112.9,74.1,8290,76,0
hungarian-004,2026-08-05,58.7,76.2,72.2,99.0,107.4,70.4,8436,82,0
hungarian-004,2026-08-06,61.5,77.9,69.2,96.1,112.6,70.8,8068,62,0
hungarian-004,2026-08-07,58.8,74.6,51.6,97.9,134.5,83.9,10457,92,0
hungarian-005,2026-08-01,50.7,58.7,81.5,97.6,125.8,75.7,5502,57,0
hungarian-005,2026-08-02,60.2,78.3,64.0,96.7,116.7,78.9,9736,91,0
hungarian-005,2026-08-03,66.8,86.1,53.0,96.0,117.3,76.4,10255,96,0
hungarian-005,2026-08-04,60.3,70.0,80.2,97.8,111.9,72.9,3566,32,0
hungarian-005,2026-08-05,59.6,74.1,68.6,98.6,130.8,82.9,7710,58,0
hungarian-005,2026-08-06,59.0,70.8,57.9,98.5,115.7,75.2,8179,76,0
hungarian-005,2026-08-07,55.5,73.2,57.9,98.4,109.0,68.0,8462,68,0
hungarian-006,2026-08-01,60.1,71.2,71.1,99.0,120.1,78.3,8903,79,0
hungarian-006,2026-08-02,64.1,70.2,67.7,96.4,128.1,82.4,4469,45,0
hungarian-006,2026-08-03,63.1,82.1,61.2,98.0,140.1,89.4,8663,93,0
hungarian-006,2026-08-04,54.8,63.1,49.7,97.2,118.6,78.5,5679,54,0
hungarian-006,2026-08-05,62.3,79.3,59.9,96.5,132.1,81.3,8508,84,0
hungarian-006,2026-08-06,54.5,70.8,62.2,98.3,130.8,83.7,10418,93,0
hungarian-006,2026-08-07,56.5,75.3,52.9,99.5,122.2,79.5,11334,96,0
hungarian-007,2026-08-01,58.0,72.0,82.6,98.3,130.0,85.5,8237,72,0
hungarian-007,2026-08-02,58.3,63.8,63.0,99.2,123.6,79.0,4347,33,0
hungarian-007,2026-08-03,58.1,79.6,51.3,97.3,107.5,65.4,11832,105,0
hungarian-007,2026-08-04,57.5,77.3,56.3,97.2,121.3,77.5,9940,84,0
hungarian-007,2026-08-05,56.1,64.3,64.5,98.1,118.7,79.1,6681,70,0
hungarian-007,2026-08-06,60.0,70.2,68.2,96.8,128.8,81.3,6099,49,0
hungarian-007,2026-08-07,65.8,73.9,71.4,99.3,133.7,80.8,6670,47,0
hungarian-008,2026-08-01,55.2,68.1,61.4,96.9,121.6,82.1,5464,42,0
hungarian-008,2026-08-02,57.5,71.1,76.7,96.1,126.6,82.4,9326,72,0
hungarian-008,2026-08-03,58.3,71.9,73.1,98.7,109.6,66.6,6448,58,0
hungarian-008,2026-08-04,61.7,75.0,59.0,96.9,124.6,81.5,6638,65,0
hungarian-008,2026-08-05,62.0,74.7,59.8,96.1,95.7,64.7,6687,54,0
hungarian-008,2026-08-06,55.4,70.6,70.4,99.6,130.4,80.6,8800,77,0
hungarian-008,2026-08-07,53.5,64.0,56.9,96.1,120.4,79.5,7060,68,0
hungarian-009,2026-08-01,61.8,77.7,70.1,96.7,120.6,79.0,7834,71,0
hungarian-009,2026-08-02,59.8,69.2,54.1,97.9,123.5,74.6,6894,67,0
hungarian-009,2026-08-03,57.6,75.5,52.6,97.2,120.5,79.4,7479,59,0
hungarian-009,2026-08-04,59.2,79.4,64.6,98.1,127.3,80.9,10548,102,1
hungarian-009,2026-08-05,46.3,65.7,52.7,98.0,129.3,83.9,8053,82,1
hungarian-009,2026-08-06,67.4,81.7,53.9,96.0,114.7,75.2,7533,72,0
hungarian-009,2026-08-07,58.9,74.1,44.2,96.0,115.0,72.3,7772,77,0
hungarian-010,2026-08-01,55.7,71.8,76.0,99.0,124.1,82.8,8697,80,0
hungarian-010,2026-08-02,57.4,72.8,57.2,96.4,131.0,79.0,7632,71,0
hungarian-010,2026-08-03,62.3,79.7,69.0,97.5,114.8,73.1,9319,80,0
hungarian-010,2026-08-04,50.5,66.5,55.0,97.9,101.4,62.7,7658,72,0
hungarian-010,2026-08-05,59.2,78.2,59.4,96.2,115.3,74.3,9499,87,0
hungarian-010,2026-08-06,59.2,74.4,73.3,96.8,118.1,72.5,9571,81,0
hungarian-010,2026-08-07,61.2,80.9,72.3,98.4,126.1,85.0,9404,88,0
hungarian-011,2026-08-01,58.0,74.5,62.9,97.2,104.7,65.7,8558,82,0
hungarian-011,2026-08-02,56.1,74.3,55.0,97.9,130.4,81.7,9324,90,0
hungarian-011,2026-08-03,64.0,80.5,55.5,97.8,104.8,66.0,8548,84,0
hungarian-011,2026-08-04,69.4,84.1,63.4,96.5,129.1,82.6,7780,70,0
hungarian-011,2026-08-05,56.1,73.1,76.6,97.4,111.2,67.2,10076,81,0
hungarian-011,2026-08-06,67.0,82.8,66.9,98.8,130.5,86.3,9809,98,0
hungarian-011,2026-08-07,60.3,78.6,63.2,97.5,120.8,72.8,10158,94,0
hungarian-012,2026-08-01,57.0,72.3,64.4,96.8,127.3,85.7,10203,89,0
hungarian-012,2026-08-02,59.4,83.3,60.7,98.2,124.7,75.9,10637,94,0
hungarian-012,2026-08-03,60.1,73.3,60.9,95.5,124.7,81.8,7619,74,0
hungarian-012,2026-08-04,62.1,72.4,60.4,97.1,130.2,84.6,7317,70,0
hungarian-012,2026-08-05,58.0,70.2,69.3,98.4,117.4,79.0,8067,76,0
hungarian-012,2026-08-06,64.8,83.1,56.5,97.9,116.9,73.8,10719,97,0
hungarian-012,2026-08-07,56.8,66.7,57.0,97.0,133.7,89.1,7523,73,0
hungarian-013,2026-08-01,64.2,76.2,79.9,98.5,122.9,81.7,6973,61,0
hungarian-013,2026-08-02,55.6,77.4,54.3,97.7,125.5,79.5,9306,91,0
hungarian-013,2026-08-03,58.6,71.3,75.9,97.5,127.5,78.5,9603,82,0
hungarian-013,2026-08-04,61.8,73.8,65.6,99.7,122.9,81.4,6059,60,0
hungarian-013,2026-08-05,59.1,69.1,54.0,97.1,119.1,74.5,7222,61,0
hungarian-013,2026-08-06,57.1,79.8,54.8,98.1,120.8,75.7,11496,107,0
hungarian-013,2026-08-07,60.9,79.6,62.4,97.5,109.8,66.5,8043,80,0
hungarian-014,2026-08-01,60.1,72.1,57.0,98.7,96.0,64.9,5690,54,0
hungarian-014,2026-08-02,57.7,73.2,44.8,97.2,117.0,74.7,8181,68,0
hungarian-014,2026-08-03,66.8,83.5,60.0,97.9,117.1,78.4,7731,74,0
hungarian-014,2026-08-04,53.2,62.7,67.2,97.9,126.6,76.9,5068,48,0
hungarian-014,2026-08-05,59.1,71.8,61.6,97.9,113.6,68.7,7923,67,0
hungarian-014,2026-08-06,63.2,84.4,64.5,99.1,111.6,69.1,7271,76,0
hungarian-014,2026-08-07,64.9,80.8,59.7,96.9,123.7,83.8,9003,77,0
hungarian-015,2026-08-01,60.5,75.8,59.1,98.0,106.3,64.8,7325,70,0
hungarian-015,2026-08-02,58.9,71.9,55.7,99.0,112.7,70.3,7898,74,0
hungarian-015,2026-08-03,64.5,77.7,69.9,97.7,115.1,73.6,6315,61,0
hungarian-015,2026-08-04,59.7,80.1,57.9,97.9,121.9,79.2,10027,93,0
hungarian-015,2026-08-05,60.5,74.9,76.7,96.5,117.4,72.7,9105,87,0
hungarian-015,2026-08-06,56.1,74.2,59.3,97.6,133.3,84.9,8624,82,0
hungarian-015,2026-08-07,62.0,81.4,57.6,99.2,118.0,78.1,10525,92,0
hungarian-016,2026-08-01,69.1,83.8,80.5,97.4,123.7,82.9,8169,72,0
hungarian-016,2026-08-02,52.9,68.9,64.1,97.5,121.8,81.7,7451,72,0
hungarian-016,2026-08-03,61.0,76.2,60.4,98.1,101.2,63.6,8593,89,0
hungarian-016,2026-08-04,60.5,66.6,64.9,97.8,120.7,79.9,5426,50,0
hungarian-016,2026-08-05,57.5,82.2,65.4,99.5,127.8,79.0,9276,86,0
hungarian-016,2026-08-06,57.3,77.1,59.3,98.4,110.2,74.5,9143,87,0
hungarian-016,2026-08-07,58.8,73.0,66.2,96.8,110.3,68.0,6638,63,0
hungarian-017,2026-08-01,52.5,70.7,68.8,97.4,113.9,76.5,9921,93,0
hungarian-017,2026-08-02,54.9,68.5,67.7,96.2,118.2,78.0,8882,84,0
hungarian-017,2026-08-03,62.3,73.4,59.4,98.7,120.5,80.7,7204,67,0
hungarian-017,2026-08-04,61.3,76.9,54.8,97.3,132.5,81.7,5689,49,1
hungarian-017,2026-08-05,60.3,82.7,70.7,96.3,111.7,70.5,10403,100,0
hungarian-017,2026-08-06,64.1,82.7,61.2,98.2,128.4,80.8,8133,72,0
hungarian-017,2026-08-07,57.4,68.2,53.6,98.8,105.4,64.0,7752,70,0
hungarian-018,2026-08-01,60.2,70.0,57.8,99.5,123.1,77.1,5433,42,0
hungarian-018,2026-08-02,55.1,62.7,62.8,96.3,112.8,73.6,7168,58,0
hungarian-018,2026-08-03,61.1,77.4,66.4,98.1,111.1,72.7,9327,84,0
hungarian-018,2026-08-04,59.9,69.0,74.6,98.6,116.9,71.6,6072,58,0
hungarian-018,2026-08-05,71.0,86.9,57.1,100.0,123.7,79.9,6623,72,0
hungarian-018,2026-08-06,58.3,69.5,65.1,97.5,122.4,78.3,6024,57,0
hungarian-018,2026-08-07,63.4,77.6,50.0,95.1,121.3,75.5,5619,42,0
hungarian-019,2026-08-01,59.2,71.7,79.2,98.5,135.2,87.7,5863,56,0
hungarian-019,2026-08-02,52.6,67.1,67.3,98.5,127.7,82.1,8988,77,0
hungarian-019,2026-08-03,56.1,77.5,59.7,97.0,112.4,76.4,11584,102,0
hungarian-019,2026-08-04,64.6,68.2,63.0,97.1,115.3,71.1,2739,20,0
hungarian-019,2026-08-05,69.2,82.4,58.9,98.5,135.6,88.7,6842,55,0
hungarian-019,2026-08-06,61.3,76.6,71.5,100.0,126.8,79.3,8146,80,0
hungarian-019,2026-08-07,58.9,64.0,64.3,97.1,120.7,78.6,5159,44,0
hungarian-020,2026-08-01,58.5,73.4,58.4,96.7,128.4,86.9,9063,76,0
hungarian-020,2026-08-02,58.6,76.4,66.8,98.5,123.5,79.5,8522,76,0
hungarian-020,2026-08-03,57.1,63.0,64.7,97.2,101.2,66.0,5724,53,0
hungarian-020,2026-08-04,57.4,69.0,71.3,97.0,109.6,71.8,7664,73,0
hungarian-020,2026-08-05,69.0,86.7,59.7,97.7,104.3,64.4,8882,79,0
hungarian-020,2026-08-06,53.9,72.9,69.8,96.3,112.4,70.0,10875,93,0
hungarian-020,2026-08-07,61.8,83.1,71.1,97.1,128.4,82.0,11266,104,0
hungarian-021,2026-08-01,53.5,69.0,59.1,97.6,118.5,76.1,5392,48,0
hungarian-021,2026-08-02,61.8,68.0,64.4,97.1,103.7,63.0,3602,31,0
hungarian-021,2026-08-03,68.0,83.7,75.9,98.5,111.2,67.5,9124,78,0
hungarian-021,2026-08-04,56.9,66.2,62.4,97.8,109.6,72.6,6164,60,0
hungarian-021,2026-08-05,53.7,67.0,52.2,96.3,116.9,72.6,8666,69,0
hungarian-021,2026-08-06,61.4,71.6,59.2,97.4,112.8,70.9,5699,49,0
hungarian-021,2026-08-07,56.2,73.8,46.8,96.8,110.9,68.3,12086,109,0
hungarian-022,2026-08-01,55.4,67.8,56.9,96.9,115.0,71.9,5645,47,0
hungarian-022,2026-08-02,59.8,69.2,43.4,98.4,113.3,72.4,8287,72,0
hungarian-022,2026-08-03,62.5,74.2,68.2,99.3,121.5,77.7,7148,68,0
hungarian-022,2026-08-04,59.7,74.8,51.2,97.8,116.7,72.2,7186,63,0
hungarian-022,2026-08-05,65.1,79.4,65.5,96.9,119.0,79.2,8888,81,0
hungarian-022,2026-08-06,61.1,75.6,53.2,97.8,105.3,65.9,8958,89,0
hungarian-022,2026-08-07,58.2,63.9,68.8,97.3,116.1,78.9,5587,47,0
hungarian-023,2026-08-01,53.3,70.8,62.5,97.9,122.7,80.6,9713,86,0
hungarian-023,2026-08-02,64.5,86.7,78.1,96.3,101.2,66.2,9936,100,0
hungarian-023,2026-08-03,65.9,81.2,73.0,98.4,108.0,70.2,8550,77,0
hungarian-023,2026-08-04,56.3,65.5,67.7,97.8,111.8,74.8,4947,47,0
hungarian-023,2026-08-05,51.8,65.0,64.8,97.3,113.1,75.5,7580,71,0
hungarian-023,2026-08-06,59.1,64.7,69.7,97.5,120.1,80.8,6408,53,0
hungarian-023,2026-08-07,61.1,81.7,62.0,97.8,122.6,78.1,7424,65,0
hungarian-024,2026-08-01,60.0,74.3,72.2,98.7,107.1,70.8,7980,75,0
hungarian-024,2026-08-02,57.5,69.9,69.7,96.1,115.7,78.2,6156,57,0
hungarian-024,2026-08-03,63.8,84.6,72.1,97.4,121.8,75.9,9138,77,0
hungarian-024,2026-08-04,54.5,69.3,55.0,97.9,116.5,78.7,7363,74,0
hungarian-024,2026-08-05,61.7,71.7,50.5,99.6,129.4,85.8,9173,77,0
hungarian-024,2026-08-06,64.8,84.4,64.5,99.2,131.4,84.1,10140,99,0
hungarian-024,2026-08-07,59.9,69.5,42.0,97.8,126.0,83.5,8630,78,0
hungarian-025,2026-08-01,57.8,73.4,56.4,98.9,128.3,80.0,9394,79,0
hungarian-025,2026-08-02,56.6,66.8,53.3,97.6,120.4,75.1,5529,37,0
hungarian-025,2026-08-03,56.9,67.3,43.8,98.5,122.7,77.6,8556,67,0
hungarian-025,2026-08-04,56.3,68.7,59.1,97.7,128.6,83.4,7994,76,0
hungarian-025,2026-08-05,61.2,72.3,61.4,98.2,120.4,79.7,5899,54,0
hungarian-025,2026-08-06,61.6,71.3,71.4,96.8,113.0,68.3,4988,55,0
hungarian-025,2026-08-07,54.8,64.5,58.2,96.8,132.4,85.5,5240,50,0
hungarian-026,2026-08-01,61.5,73.3,62.4,97.5,106.8,71.4,6749,55,0
hungarian-026,2026-08-02,57.5,70.2,59.9,97.5,123.1,81.0,6808,68,0
hungarian-026,2026-08-03,58.0,77.5,61.2,97.4,121.6,82.5,8183,82,0
hungarian-026,2026-08-04,53.9,69.6,51.9,97.7,126.4,76.9,6754,68,0
hungarian-026,2026-08-05,57.5,71.2,57.1,98.4,117.1,71.1,6366,55,0
hungarian-026,2026-08-06,61.8,73.1,55.6,97.3,118.2,73.5,7493,65,0
hungarian-026,2026-08-07,59.4,68.9,60.3,96.9,115.8,77.1,9387,81,0
hungarian-027,2026-08-01,58.2,74.0,56.6,98.4,94.9,64.3,9908,86,0
hungarian-027,2026-08-02,61.4,78.5,56.2,95.9,138.5,89.9,8292,76,0
hungarian-027,2026-08-03,51.0,56.1,58.5,97.0,118.0,79.5,4787,36,0
hungarian-027,2026-08-04,62.6,77.6,74.4,97.2,127.0,78.6,8985,81,0
hungarian-027,2026-08-05,54.8,66.8,64.1,97.4,115.8,78.0,7649,64,0
hungarian-027,2026-08-06,55.2,60.5,63.0,97.4,112.7,72.5,5180,47,0
hungarian-027,2026-08-07,58.9,74.4,56.7,98.7,110.2,70.2,4717,49,0
hungarian-028,2026-08-01,56.2,71.6,61.5,97.0,119.5,79.2,8698,74,0
hungarian-028,2026-08-02,57.8,72.1,47.1,97.1,114.6,70.7,7858,72,0
hungarian-028,2026-08-03,51.5,67.0,58.4,97.8,117.6,71.2,7532,66,0
hungarian-028,2026-08-04,57.2,69.2,60.6,97.8,123.6,77.3,7914,77,0
hungarian-028,2026-08-05,50.9,64.3,62.2,98.1,96.8,61.3,9052,85,0
hungarian-028,2026-08-06,59.5,77.2,65.7,97.4,123.2,78.8,7597,70,0
hungarian-028,2026-08-07,54.9,59.2,66.4,98.9,131.3,79.4,3745,30,0
hungarian-029,2026-08-01,66.2,86.2,52.3,99.7,116.3,77.2,9486,90,0
hungarian-029,2026-08-02,61.5,78.0,52.7,96.7,118.9,79.3,9859,86,0
hungarian-029,2026-08-03,63.6,79.2,55.6,98.6,129.4,85.7,8018,70,0
hungarian-029,2026-08-04,57.8,72.4,61.3,95.9,119.1,72.0,8213,79,0
hungarian-029,2026-08-05,55.0,61.9,57.7,99.5,122.2,78.6,6153,47,0
hungarian-029,2026-08-06,57.7,76.4,53.3,96.7,125.6,84.2,6836,60,0
hungarian-029,2026-08-07,65.3,80.9,46.9,97.3,113.9,75.5,9872,91,0
hungarian-030,2026-08-01,61.9,79.8,66.7,97.6,120.9,76.2,8449,80,0
hungarian-030,2026-08-02,59.3,71.9,60.3,96.7,112.6,70.1,6681,64,0
hungarian-030,2026-08-03,62.0,79.8,67.7,97.0,123.4,78.2,5172,55,0
hungarian-030,2026-08-04,62.7,71.7,65.7,97.2,118.8,77.9,6213,51,0
hungarian-030,2026-08-05,56.0,68.6,59.1,97.4,110.6,69.3,6117,56,0
hungarian-030,2026-08-06,61.9,83.5,55.9,96.7,123.1,80.2,9597,89,0
hungarian-030,2026-08-07,63.7,82.3,77.2,97.6,124.2,78.3,7881,76,0
hungarian-031,2026-08-01,61.9,79.9,62.8,97.9,127.3,77.9,7669,73,0
hungarian-031,2026-08-02,59.6,73.0,46.5,98.1,131.0,84.2,8160,73,0
hungarian-031,2026-08-03,56.5,68.8,58.7,96.6,125.3,83.0,7143,65,0
hungarian-031,2026-08-04,57.8,78.1,65.7,96.8,127.3,86.5,9872,97,0
hungarian-031,2026-08-05,66.1,70.4,51.6,96.9,106.5,64.7,5204,38,0
hungarian-031,2026-08-06,60.7,67.9,51.9,95.8,119.6,74.2,4554,37,1
hungarian-031,2026-08-07,58.3,71.9,70.0,99.6,117.2,76.0,7497,69,0
hungarian-032,2026-08-01,68.4,89.8,46.9,97.0,133.9,88.1,9341,88,0
hungarian-032,2026-08-02,60.9,70.3,46.6,96.8,139.7,86.0,8814,67,0
hungarian-032,2026-08-03,59.7,71.6,57.6,96.7,102.0,66.1,7410,59,0
hungarian-032,2026-08-04,65.2,79.4,65.2,97.3,121.0,75.1,6647,60,0
hungarian-032,2026-08-05,62.8,80.3,55.2,98.1,124.2,83.7,7084,67,0
hungarian-032,2026-08-06,66.2,73.7,69.9,97.7,117.8,74.6,6766,60,0
hungarian-032,2026-08-07,68.9,81.7,61.1,97.7,119.7,81.0,7367,67,0
hungarian-033,2026-08-01,61.5,73.9,62.1,97.9,126.3,84.8,7616,76,0
hungarian-033,2026-08-02,61.8,69.0,55.6,96.4,128.0,84.6,5645,60,0
hungarian-033,2026-08-03,52.0,65.4,62.8,96.9,127.4,80.3,10351,91,0
hungarian-033,2026-08-04,58.6,76.2,46.0,96.4,113.4,76.6,9193,81,0
hungarian-033,2026-08-05,57.3,75.3,63.8,97.7,115.1,74.9,8528,77,0
hungarian-033,2026-08-06,64.3,74.5,64.7,99.2,127.4,84.0,6710,53,0
hungarian-033,2026-08-07,65.4,82.7,51.6,97.4,123.6,76.8,7611,70,0
hungarian-034,2026-08-01,59.7,82.0,54.1,99.0,110.3,75.0,10339,101,0
hungarian-034,2026-08-02,55.4,70.7,63.1,96.8,117.2,70.6,7614,63,0
hungarian-034,2026-08-03,58.6,76.8,66.3,97.6,132.0,83.4,10303,84,0
hungarian-034,2026-08-04,56.2,69.3,69.9,98.4,101.9,61.5,8989,78,0
hungarian-034,2026-08-05,58.2,70.2,59.2,98.3,122.4,76.8,8349,74,0
hungarian-034,2026-08-06,62.1,71.0,64.2,98.1,113.4,72.9,5444,44,0
hungarian-034,2026-08-07,53.1,67.3,52.1,97.1,128.6,84.8,8173,75,0
hungarian-035,2026-08-01,54.2,67.4,55.4,98.9,133.5,89.2,9900,80,0
hungarian-035,2026-08-02,69.3,74.2,58.1,98.2,123.4,76.8,7877,65,0
hungarian-035,2026-08-03,57.1,71.5,45.7,97.9,123.8,80.0,9928,85,0
hungarian-035,2026-08-04,62.9,72.2,43.8,97.6,128.4,86.0,9195,88,0
hungarian-035,2026-08-05,60.9,73.5,71.3,96.3,104.2,63.4,6252,55,0
hungarian-035,2026-08-06,63.9,66.3,62.4,96.4,126.4,84.5,4652,49,0
hungarian-035,2026-08-07,57.1,78.4,66.2,98.0,119.7,76.9,7764,74,0
hungarian-036,2026-08-01,46.8,64.0,57.3,97.0,116.6,77.6,9490,79,0
hungarian-036,2026-08-02,60.9,79.9,64.5,98.4,120.5,80.9,8795,82,0
hungarian-036,2026-08-03,58.9,71.1,52.1,98.1,126.5,80.1,6607,63,0
hungarian-036,2026-08-04,66.7,76.6,68.6,97.7,136.4,82.4,7057,60,1
hungarian-036,2026-08-05,61.5,72.1,49.3,97.1,121.9,80.8,7873,72,0
hungarian-036,2026-08-06,59.4,78.7,64.7,97.7,112.4,75.5,10641,99,0
hungarian-036,2026-08-07,56.7,75.5,60.7,97.8,125.1,79.1,7253,63,0
hungarian-037,2026-08-01,54.4,77.0,47.5,97.1,128.5,81.5,10579,96,0
hungarian-037,2026-08-02,56.6,70.4,61.3,98.0,118.4,78.4,8979,74,0
hungarian-037,2026-08-03,57.7,71.5,63.9,97.0,102.0,67.4,6004,57,0
hungarian-037,2026-08-04,56.5,62.6,63.4,96.1,127.0,83.7,7628,65,0
hungarian-037,2026-08-05,67.6,82.9,75.0,97.3,110.2,73.1,7691,72,0
hungarian-037,2026-08-06,63.7,77.0,69.1,97.0,111.7,75.9,7296,60,0
hungarian-037,2026-08-07,58.7,73.8,67.1,97.9,118.9,78.2,9248,81,0
hungarian-038,2026-08-01,60.4,87.0,51.6,98.4,131.3,87.8,10696,107,0
hungarian-038,2026-08-02,63.0,74.7,58.9,95.7,120.1,72.3,7998,63,0
hungarian-038,2026-08-03,55.5,69.3,61.9,97.9,130.1,86.7,7239,66,0
hungarian-038,2026-08-04,61.7,72.8,72.0,95.2,123.8,81.1,7496,56,0
hungarian-038,2026-08-05,66.3,84.5,63.6,96.7,101.5,67.3,9173,82,0
hungarian-038,2026-08-06,63.9,75.2,68.5,95.9,107.4,70.8,9597,80,0
hungarian-038,2026-08-07,55.0,71.4,58.1,97.5,119.2,79.2,11222,99,0
hungarian-039,2026-08-01,66.1,76.4,57.4,98.4,112.5,68.6,5828,53,0
hungarian-039,2026-08-02,66.7,86.0,57.5,95.5,118.2,71.1,8283,74,0
hungarian-039,2026-08-03,59.2,69.5,54.4,95.8,123.0,76.4,6013,54,0
hungarian-039,2026-08-04,56.4,71.8,63.8,97.3,114.7,70.9,7686,74,0
hungarian-039,2026-08-05,60.8,73.4,71.5,98.0,122.3,73.8,7635,70,0
hungarian-039,2026-08-06,61.0,64.1,63.4,97.2,129.3,86.1,4731,39,0
hungarian-039,2026-08-07,56.6,67.6,68.5,98.5,111.7,68.0,8881,85,0
hungarian-040,2026-08-01,50.8,60.8,56.2,98.6,147.1,88.5,5675,49,0
hungarian-040,2026-08-02,55.9,64.5,57.2,97.9,118.5,74.3,6713,58,0
hungarian-040,2026-08-03,62.2,69.2,58.8,95.7,129.2,81.7,5430,47,0
hungarian-040,2026-08-04,58.1,74.5,60.0,97.3,106.7,64.5,9112,79,0
hungarian-040,2026-08-05,59.8,72.4,73.1,100.0,118.9,75.3,6139,44,1
hungarian-040,2026-08-06,63.1,73.4,69.2,96.4,111.6,71.2,7793,67,0
hungarian-040,2026-08-07,65.6,83.1,66.1,97.7,134.3,83.1,8521,91,0
hungarian-041,2026-08-01,58.2,73.7,67.5,97.3,124.4,78.3,9588,89,0
hungarian-041,2026-08-02,55.7,76.8,67.3,98.4,118.6,75.8,10616,97,0
hungarian-041,2026-08-03,58.7,75.8,51.6,97.0,119.3,79.7,8913,86,0
hungarian-041,2026-08-04,58.7,69.0,49.1,96.9,133.3,82.6,6405,62,0
hungarian-041,2026-08-05,67.9,83.0,63.3,98.4,124.7,78.6,10150,101,0
hungarian-041,2026-08-06,59.6,75.2,56.8,98.5,122.6,74.7,9855,96,0
hungarian-041,2026-08-07,56.9,81.4,70.8,96.5,111.8,73.5,12830,115,0
hungarian-042,2026-08-01,63.6,78.3,46.1,96.5,113.7,74.1,6447,66,0
hungarian-042,2026-08-02,63.7,77.6,57.1,96.9,128.3,78.1,9197,80,0
hungarian-042,2026-08-03,57.6,75.2,67.9,97.8,123.7,82.1,7330,74,0
hungarian-042,2026-08-04,55.6,69.1,55.6,98.5,130.9,88.3,4964,48,0
hungarian-042,2026-08-05,67.7,87.2,49.7,98.2,111.1,67.4,8978,90,0
hungarian-042,2026-08-06,57.8,67.4,58.2,97.0,132.4,80.5,5181,47,0
hungarian-042,2026-08-07,61.5,75.8,71.9,98.4,132.4,89.1,7940,68,0
hungarian-043,2026-08-01,63.6,80.9,70.8,98.2,112.5,75.2,8811,87,0
hungarian-043,2026-08-02,68.1,83.0,64.2,97.7,109.7,67.0,9111,85,0
hungarian-043,2026-08-03,57.3,70.6,73.6,98.4,115.5,75.0,8375,73,0
hungarian-043,2026-08-04,55.7,65.9,61.6,97.2,142.7,96.6,5801,45,0
hungarian-043,2026-08-05,65.1,80.1,62.5,95.5,111.1,72.5,8670,73,0
hungarian-043,2026-08-06,59.8,81.1,63.2,99.0,122.5,74.4,10562,95,0
hungarian-043,2026-08-07,60.1,70.4,53.8,97.8,127.5,83.6,6883,64,0
hungarian-044,2026-08-01,61.2,71.8,59.4,97.4,124.9,82.8,7585,63,0
hungarian-044,2026-08-02,60.3,77.0,55.9,96.7,125.8,78.3,9229,88,0
hungarian-044,2026-08-03,60.3,74.0,62.4,95.3,111.5,72.0,7301,66,0
hungarian-044,2026-08-04,57.0,67.4,65.8,99.3,117.1,72.3,6641,60,0
hungarian-044,2026-08-05,53.9,60.0,68.4,98.8,134.6,87.9,6091,53,0
hungarian-044,2026-08-06,60.8,72.9,64.6,99.5,119.5,81.0,7655,68,0
hungarian-044,2026-08-07,54.9,71.2,61.3,98.2,133.0,82.9,9752,86,0
hungarian-045,2026-08-01,54.3,70.9,57.0,98.6,118.3,79.6,7397,67,0
hungarian-045,2026-08-02,59.8,71.8,69.0,97.8,128.0,78.8,11004,101,0
hungarian-045,2026-08-03,59.8,70.7,57.1,96.9,124.2,75.4,6836,59,0
hungarian-045,2026-08-04,63.2,78.5,62.4,97.9,125.7,81.9,6038,63,0
hungarian-045,2026-08-05,63.9,69.8,56.6,95.2,109.2,67.9,7691,67,0
hungarian-045,2026-08-06,55.4,69.8,54.5,98.4,111.0,71.5,8209,78,0
hungarian-045,2026-08-07,54.6,65.4,48.6,96.0,105.4,70.8,6114,48,0
hungarian-046,2026-08-01,64.1,73.1,66.9,96.6,123.0,79.2,6975,64,0
hungarian-046,2026-08-02,61.4,71.3,72.0,98.7,126.4,81.0,7694,62,0
hungarian-046,2026-08-03,62.2,70.8,67.5,98.2,131.1,88.0,6060,54,0
hungarian-046,2026-08-04,58.5,68.2,59.1,98.2,113.8,72.2,5404,50,0
hungarian-046,2026-08-05,54.4,68.1,47.7,98.3,117.0,76.1,6642,64,0
hungarian-046,2026-08-06,57.5,67.7,61.8,96.3,125.0,82.2,6644,53,0
hungarian-046,2026-08-07,60.8,74.7,56.4,97.6,121.4,80.2,8149,68,0
hungarian-047,2026-08-01,62.2,70.7,51.1,98.7,98.5,60.9,4879,38,0
hungarian-047,2026-08-02,58.8,69.1,67.0,96.7,116.9,75.1,6860,52,0
hungarian-047,2026-08-03,64.2,82.0,49.6,96.9,131.3,88.2,8818,82,0
hungarian-047,2026-08-04,60.3,73.3,51.8,98.1,115.4,77.4,8496,73,0
hungarian-047,2026-08-05,57.7,72.5,67.7,96.5,111.6,69.0,5075,46,0
hungarian-047,2026-08-06,65.3,79.4,65.1,97.5,119.3,81.1,7255,67,0
hungarian-047,2026-08-07,61.0,76.0,64.9,98.7,125.4,76.5,7683,68,0
hungarian-048,2026-08-01,62.4,82.6,51.8,97.6,134.5,85.1,11147,102,0
hungarian-048,2026-08-02,58.7,77.9,44.1,98.4,140.2,90.8,8804,79,1
hungarian-048,2026-08-03,61.0,72.1,47.4,97.0,123.8,78.5,9512,78,0
hungarian-048,2026-08-04,56.9,65.6,67.1,95.9,119.6,79.0,8694,73,0
hungarian-048,2026-08-05,62.0,75.2,68.0,97.1,127.5,81.5,10210,92,0
hungarian-048,2026-08-06,60.3,79.4,64.0,96.0,117.7,72.2,7642,67,0
hungarian-048,2026-08-07,64.8,77.7,68.1,97.3,120.2,79.4,8157,71,0
hungarian-049,2026-08-01,58.6,65.1,57.4,95.3,121.4,80.4,4469,38,0
hungarian-049,2026-08-02,57.7,78.9,65.2,98.9,114.8,75.9,10941,100,0
hungarian-049,2026-08-03,62.6,77.7,59.6,95.7,117.3,79.5,8032,68,0
hungarian-049,2026-08-04,54.9,67.3,56.0,98.1,130.8,88.5,5854,62,0
hungarian-049,2026-08-05,56.9,68.1,61.6,99.2,122.8,81.7,7882,66,0
hungarian-049,2026-08-06,60.8,71.4,69.7,97.7,117.7,78.4,8469,70,0
hungarian-049,2026-08-07,58.8,69.2,57.5,97.3,127.0,76.4,6492,55,0
hungarian-050,2026-08-01,59.8,77.3,58.9,97.5,120.2,77.5,9822,86,0
hungarian-050,2026-08-02,59.0,81.0,51.1,96.5,142.3,94.1,10036,95,1
hungarian-050,2026-08-03,66.3,81.7,66.7,97.5,122.9,73.8,7924,71,0
hungarian-050,2026-08-04,55.1,65.3,69.0,97.1,131.9,82.2,8572,77,0
hungarian-050,2026-08-05,56.1,67.0,60.6,96.4,108.5,68.6,6761,55,0
hungarian-050,2026-08-06,60.4,72.9,58.9,95.0,115.8,76.9,5915,56,0
hungarian-050,2026-08-07,59.9,68.4,66.5,96.6,118.6,78.8,6286,59,0
hungarian-051,2026-08-01,61.7,75.0,40.7,97.0,124.4,78.5,6889,57,0
hungarian-051,2026-08-02,62.1,84.6,62.9,97.1,130.2,82.6,9972,97,0
hungarian-051,2026-08-03,70.1,90.6,61.1,97.7,120.3,76.6,10161,89,0
hungarian-051,2026-08-04,62.3,77.7,54.4,97.2,96.4,61.7,7311,65,0
hungarian-051,2026-08-05,57.5,68.6,57.5,98.7,120.0,79.1,6802,62,0
hungarian-051,2026-08-06,60.6,77.3,76.9,97.1,134.2,84.7,9335,78,0
hungarian-051,2026-08-07,60.9,70.6,47.8,97.4,130.4,80.0,5608,41,0
hungarian-052,2026-08-01,56.0,77.3,76.7,97.5,102.9,68.7,9215,84,0
hungarian-052,2026-08-02,60.4,76.1,60.0,97.4,117.1,75.2,8144,75,0
hungarian-052,2026-08-03,55.1,62.1,45.4,98.5,112.0,73.3,6728,57,0
hungarian-052,2026-08-04,62.5,74.4,59.9,98.0,116.0,76.6,6895,67,0
hungarian-052,2026-08-05,61.2,79.3,66.0,96.9,131.3,85.8,9037,90,1
hungarian-052,2026-08-06,59.5,71.1,72.9,97.9,139.8,85.8,6653,57,0
hungarian-052,2026-08-07,58.0,65.8,56.3,97.7,138.0,87.0,4369,35,0
hungarian-053,2026-08-01,66.5,77.7,67.2,98.4,118.8,80.6,6172,60,0
hungarian-053,2026-08-02,62.4,71.3,70.7,97.1,134.8,84.7,5630,50,0
hungarian-053,2026-08-03,60.6,70.0,55.3,97.1,123.3,83.0,7594,65,0
hungarian-053,2026-08-04,66.9,81.0,68.1,97.8,115.0,77.8,9687,76,0
hungarian-053,2026-08-05,55.5,72.7,62.9,97.9,107.7,65.0,8533,80,1
hungarian-053,2026-08-06,61.2,83.3,50.1,97.5,113.6,74.4,9014,85,0
hungarian-053,2026-08-07,57.9,65.9,56.7,95.9,107.0,68.0,5273,42,0
hungarian-054,2026-08-01,63.6,71.0,60.0,96.7,129.5,87.5,5245,48,0
hungarian-054,2026-08-02,67.5,80.7,60.5,97.3,121.5,82.1,6522,56,0
hungarian-054,2026-08-03,64.0,86.9,46.7,97.3,106.4,67.5,10120,97,0
hungarian-054,2026-08-04,55.8,66.4,62.3,98.2,113.6,75.5,5748,60,0
hungarian-054,2026-08-05,60.4,76.3,68.4,96.5,131.3,79.9,9883,81,0
hungarian-054,2026-08-06,62.8,79.5,62.9,96.5,114.1,73.8,8635,82,0
hungarian-054,2026-08-07,63.1,81.5,61.6,97.3,108.0,65.4,8577,74,0
hungarian-055,2026-08-01,61.1,83.1,66.6,98.2,123.4,79.2,11355,99,0
hungarian-055,2026-08-02,61.9,77.2,69.4,97.2,126.2,81.0,6630,66,0
hungarian-055,2026-08-03,64.5,79.4,52.9,97.5,116.9,72.0,6921,66,0
hungarian-055,2026-08-04,67.4,82.1,53.6,96.1,128.5,85.5,10470,95,0
hungarian-055,2026-08-05,53.5,68.4,62.6,96.2,125.3,80.4,6929,65,0
hungarian-055,2026-08-06,57.5,70.6,59.3,96.9,122.2,77.7,7021,61,0
hungarian-055,2026-08-07,62.1,78.3,58.7,96.9,122.5,74.4,8809,78,0
hungarian-056,2026-08-01,66.5,77.5,62.6,97.6,114.5,70.4,7298,58,0
hungarian-056,2026-08-02,56.8,68.5,58.6,97.4,120.2,80.3,5424,59,0
hungarian-056,2026-08-03,60.6,69.7,45.7,96.4,116.0,77.1,5293,43,0
hungarian-056,2026-08-04,61.8,72.3,51.7,95.9,125.6,80.3,7163,59,0
hungarian-056,2026-08-05,59.1,68.1,70.8,98.4,122.4,77.9,6538,56,0
hungarian-056,2026-08-06,60.9,80.5,46.2,98.3,120.9,74.1,9125,79,0
hungarian-056,2026-08-07,66.1,77.0,52.4,98.9,112.6,69.8,6071,60,0
hungarian-057,2026-08-01,59.9,66.8,50.8,94.7,143.3,94.8,2486,24,0
hungarian-057,2026-08-02,57.2,70.1,59.4,98.7,121.6,78.7,9821,88,0
hungarian-057,2026-08-03,54.7,71.2,57.7,98.0,121.3,80.3,9339,87,0
hungarian-057,2026-08-04,69.0,83.0,47.6,98.0,137.2,84.6,9586,92,0
hungarian-057,2026-08-05,59.0,69.9,59.1,97.2,132.6,87.6,6951,60,0
hungarian-057,2026-08-06,58.2,70.4,60.5,97.9,131.6,82.0,6930,57,0
hungarian-057,2026-08-07,59.7,73.1,61.7,98.0,123.2,74.1,6342,54,0
hungarian-058,2026-08-01,54.7,67.4,68.8,96.6,121.1,81.8,7790,58,0
hungarian-058,2026-08-02,63.2,80.4,42.6,99.6,108.8,67.4,9192,85,0
hungarian-058,2026-08-03,65.4,90.7,59.2,95.9,131.8,84.6,9792,91,0
hungarian-058,2026-08-04,60.1,73.5,65.3,97.2,128.0,78.0,7653,69,0
hungarian-058,2026-08-05,63.7,85.2,55.5,97.7,120.4,79.7,10360,95,0
hungarian-058,2026-08-06,58.0,64.6,58.4,97.2,125.9,81.9,6355,56,0
hungarian-058,2026-08-07,60.1,74.2,74.0,98.8,111.4,73.7,8179,73,1
hungarian-059,2026-08-01,67.5,82.8,56.2,97.8,98.0,60.6,9916,84,0
hungarian-059,2026-08-02,60.1,86.8,63.3,97.2,137.5,85.7,12629,121,0
hungarian-059,2026-08-03,63.7,80.1,64.4,95.4,108.1,70.7,7545,66,0
hungarian-059,2026-08-04,58.2,68.6,54.4,98.0,105.3,66.6,4684,41,0
hungarian-059,2026-08-05,57.1,61.0,63.8,97.3,133.0,83.1,2433,26,0
hungarian-059,2026-08-06,61.4,71.4,48.2,97.6,125.6,84.6,6706,65,0
hungarian-059,2026-08-07,59.5,76.3,61.9,97.2,131.8,86.7,7921,73,0
hungarian-060,2026-08-01,53.0,55.9,67.9,97.6,127.2,84.2,4451,29,0
hungarian-060,2026-08-02,65.4,82.8,61.6,96.4,113.9,74.9,5380,59,0
hungarian-060,2026-08-03,61.7,69.4,56.5,97.9,129.2,79.7,5757,50,0
hungarian-060,2026-08-04,57.7,75.0,60.0,98.5,132.5,87.6,8431,71,0
hungarian-060,2026-08-05,52.7,63.3,73.3,96.8,126.4,82.3,7631,68,0
hungarian-060,2026-08-06,59.1,76.8,48.7,96.5,109.4,71.5,8613,74,0
hungarian-060,2026-08-07,59.0,79.6,59.3,98.9,108.7,68.4,9468,85,0
hungarian-061,2026-08-01,61.3,76.1,54.9,98.5,114.6,73.4,8962,86,0
hungarian-061,2026-08-02,56.3,68.5,42.0,96.8,128.5,78.4,6777,61,0
hungarian-061,2026-08-03,53.8,66.6,58.4,97.6,108.7,66.2,7083,64,0
hungarian-061,2026-08-04,57.8,75.2,56.0,97.8,132.2,88.1,8861,79,0
hungarian-061,2026-08-05,57.2,71.7,66.8,96.2,122.1,82.0,7823,66,0
hungarian-061,2026-08-06,56.3,65.7,60.7,98.4,118.3,78.8,6966,62,0
hungarian-061,2026-08-07,60.2,85.0,64.3,96.9,114.9,77.4,10254,96,0
hungarian-062,2026-08-01,62.3,78.5,64.6,99.0,132.1,84.1,9181,84,0
hungarian-062,2026-08-02,54.0,63.0,56.3,96.0,117.9,78.6,6694,61,0
hungarian-062,2026-08-03,62.2,76.2,47.8,96.7,109.6,69.4,8035,72,0
hungarian-062,2026-08-04,61.6,82.8,55.2,96.9,120.5,76.0,11449,102,0
hungarian-062,2026-08-05,65.8,79.2,52.7,98.8,119.7,77.7,8392,70,0
hungarian-062,2026-08-06,60.5,69.5,58.7,98.2,117.9,75.8,6039,63,1
hungarian-062,2026-08-07,62.1,69.9,59.1,96.2,112.0,68.3,8219,70,0
hungarian-063,2026-08-01,56.7,65.3,64.2,97.3,118.8,72.5,5690,47,0
hungarian-063,2026-08-02,63.1,77.8,56.7,96.1,116.0,70.9,6937,65,0
hungarian-063,2026-08-03,64.8,71.5,46.1,97.1,118.6,78.7,6059,52,0
hungarian-063,2026-08-04,57.9,62.4,56.7,96.3,129.8,80.9,5132,46,0
hungarian-063,2026-08-05,66.7,84.5,58.8,96.6,115.0,77.5,7547,75,0
hungarian-063,2026-08-06,60.9,78.3,50.0,96.7,121.5,82.4,8287,79,0
hungarian-063,2026-08-07,52.7,63.2,69.9,95.9,119.6,74.7,8385,69,0
hungarian-064,2026-08-01,62.2,73.2,50.3,97.9,107.4,67.6,6149,56,0
hungarian-064,2026-08-02,61.2,72.3,54.4,97.9,140.3,93.6,7633,65,0
hungarian-064,2026-08-03,56.7,81.0,59.2,98.9,122.4,77.7,11660,114,0
hungarian-064,2026-08-04,59.1,69.6,65.0,97.1,108.8,70.7,5208,48,0
hungarian-064,2026-08-05,59.8,78.3,58.6,97.6,125.3,75.2,7616,62,0
hungarian-064,2026-08-06,61.0,80.3,54.2,96.5,128.7,78.7,8857,73,0
hungarian-064,2026-08-07,59.9,71.4,62.9,98.2,109.0,73.9,8609,74,0
hungarian-065,2026-08-01,61.0,81.6,63.1,97.5,112.0,75.0,7384,67,0
hungarian-065,2026-08-02,63.9,76.7,81.0,97.9,122.1,79.8,6925,52,0
hungarian-065,2026-08-03,63.8,79.1,58.9,97.6,120.6,75.6,9916,90,0
hungarian-065,2026-08-04,56.3,73.3,46.8,98.0,132.0,86.1,8468,74,0
hungarian-065,2026-08-05,59.1,73.6,51.0,96.0,129.3,87.4,8409,80,0
hungarian-065,2026-08-06,59.9,79.4,67.2,96.7,112.8,74.6,10040,99,0
hungarian-065,2026-08-07,64.5,82.6,45.8,97.7,120.6,78.1,10251,88,0
hungarian-066,2026-08-01,59.0,78.6,64.1,97.2,122.7,74.4,10467,96,0
hungarian-066,2026-08-02,66.5,88.8,63.2,97.6,121.8,75.7,9129,87,0
hungarian-066,2026-08-03,67.2,85.7,67.7,97.4,106.0,65.8,10545,91,1
hungarian-066,2026-08-04,64.0,76.5,56.1,96.6,126.1,79.8,4436,49,0
hungarian-066,2026-08-05,63.7,73.7,64.6,97.9,119.3,77.9,6744,55,0
hungarian-066,2026-08-06,55.3,71.0,49.5,98.1,117.3,76.7,9521,88,0
hungarian-066,2026-08-07,63.2,74.6,59.4,97.5,124.4,76.8,4803,47,0
hungarian-067,2026-08-01,62.2,80.2,73.3,96.4,120.3,79.0,10728,103,0
hungarian-067,2026-08-02,69.4,84.4,54.2,97.5,125.6,78.4,10913,96,0
hungarian-067,2026-08-03,62.8,77.3,52.8,97.8,126.1,81.9,6725,62,0
hungarian-067,2026-08-04,60.8,77.4,56.9,98.2,125.7,85.1,8601,76,0
hungarian-067,2026-08-05,69.7,85.1,56.5,97.4,115.2,72.1,6918,66,0
hungarian-067,2026-08-06,59.0,73.4,55.3,96.6,116.0,70.6,10184,101,0
hungarian-067,2026-08-07,61.3,73.7,60.9,96.9,130.2,81.5,9601,83,0
hungarian-068,2026-08-01,56.5,70.7,67.3,95.4,117.0,70.8,7096,65,0
hungarian-068,2026-08-02,63.4,77.7,57.5,99.6,133.7,84.5,7448,66,0
hungarian-068,2026-08-03,57.2,68.0,41.5,97.1,130.8,78.6,7521,69,0
hungarian-068,2026-08-04,63.9,80.9,61.3,98.5,132.6,85.9,6410,56,0
hungarian-068,2026-08-05,61.1,76.6,52.0,97.4,127.7,76.6,6760,60,0
hungarian-068,2026-08-06,62.5,78.1,62.4,96.3,123.7,80.1,7225,70,0
hungarian-068,2026-08-07,60.6,76.1,65.9,96.0,121.5,80.7,8228,80,1
hungarian-069,2026-08-01,53.8,70.2,56.7,98.0,128.1,82.9,9810,84,0
hungarian-069,2026-08-02,62.0,80.3,59.6,98.2,137.8,83.2,6656,62,0
hungarian-069,2026-08-03,64.1,76.3,46.1,97.9,118.8,77.0,7654,70,0
hungarian-069,2026-08-04,59.7,69.0,64.5,97.7,124.6,79.1,8693,78,0
hungarian-069,2026-08-05,56.7,67.3,58.2,97.9,133.2,84.9,6036,48,0
hungarian-069,2026-08-06,55.5,69.2,58.7,98.1,110.2,72.5,6535,58,0
hungarian-069,2026-08-07,60.6,83.6,76.8,96.5,115.4,77.2,9473,88,0
hungarian-070,2026-08-01,51.5,71.0,43.0,97.6,116.1,77.1,9431,77,0
hungarian-070,2026-08-02,59.1,78.4,58.2,98.9,103.5,65.7,9663,87,0
hungarian-070,2026-08-03,57.2,67.4,52.4,98.2,115.5,71.4,7915,69,0
hungarian-070,2026-08-04,63.4,83.0,59.0,96.4,125.6,85.1,11678,113,0
hungarian-070,2026-08-05,61.4,73.5,49.6,97.8,138.5,84.3,5870,53,0
hungarian-070,2026-08-06,53.6,70.9,60.1,97.7,104.7,66.6,9651,86,0
hungarian-070,2026-08-07,62.1,78.2,45.5,96.6,117.7,77.6,10335,97,1
hungarian-071,2026-08-01,64.9,79.1,53.7,98.4,133.7,88.2,8019,79,0
hungarian-071,2026-08-02,61.3,70.5,68.0,97.1,125.7,79.6,6023,49,0
hungarian-071,2026-08-03,53.0,61.8,55.9,98.8,110.2,72.2,5664,46,0
hungarian-071,2026-08-04,57.8,75.5,45.0,96.1,129.6,86.6,9833,89,0
hungarian-071,2026-08-05,57.1,69.7,60.0,96.3,133.4,90.0,8484,71,0
hungarian-071,2026-08-06,72.3,88.5,58.7,96.7,117.2,78.1,7401,76,0
hungarian-071,2026-08-07,56.7,72.7,57.2,97.7,114.7,70.4,8802,82,0
hungarian-072,2026-08-01,59.5,74.7,55.7,98.9,111.5,75.6,6087,57,0
hungarian-072,2026-08-02,67.8,87.1,58.7,97.4,113.9,70.5,7379,60,0
hungarian-072,2026-08-03,63.7,79.8,72.0,98.1,130.3,83.4,8970,81,0
hungarian-072,2026-08-04,58.9,79.7,62.5,98.0,128.9,79.8,11250,107,0
hungarian-072,2026-08-05,66.2,76.0,50.9,99.5,114.5,71.6,7661,69,0
hungarian-072,2026-08-06,55.3,72.9,47.0,98.7,137.6,82.8,9455,89,0
hungarian-072,2026-08-07,59.8,81.0,62.6,96.2,110.6,71.3,8642,77,0
hungarian-073,2026-08-01,62.3,65.1,46.9,97.4,114.0,74.3,5964,48,0
hungarian-073,2026-08-02,51.3,64.7,55.9,98.2,115.0,72.2,7527,64,0
hungarian-073,2026-08-03,60.1,75.6,55.7,97.5,136.2,87.4,8557,74,0
hungarian-073,2026-08-04,60.6,71.9,63.7,97.0,117.9,75.9,6739,62,0
hungarian-073,2026-08-05,71.2,85.5,54.0,97.8,130.8,78.7,5860,61,0
hungarian-073,2026-08-06,66.3,84.1,64.7,97.5,112.7,69.3,9818,92,0
hungarian-073,2026-08-07,59.9,73.6,66.4,97.7,138.9,85.6,7733,69,0
hungarian-074,2026-08-01,55.0,74.2,61.0,97.0,116.7,72.4,7744,70,0
hungarian-074,2026-08-02,68.9,82.2,55.0,98.3,118.0,76.0,11511,100,0
hungarian-074,2026-08-03,52.5,67.9,50.9,96.6,121.8,80.3,9802,79,0
hungarian-074,2026-08-04,63.8,82.5,61.3,98.7,118.2,72.4,8393,81,0
hungarian-074,2026-08-05,61.4,74.8,58.2,97.9,139.8,86.3,6993,61,0
hungarian-074,2026-08-06,60.0,68.3,65.5,97.0,123.2,82.5,8246,63,0
hungarian-074,2026-08-07,57.3,71.7,59.3,97.2,132.0,82.8,7276,67,0
hungarian-075,2026-08-01,50.9,69.9,59.2,97.3,129.3,83.4,8083,75,0
hungarian-075,2026-08-02,61.6,69.8,75.7,96.9,110.8,74.3,6977,51,0
hungarian-075,2026-08-03,60.3,69.6,52.3,97.5,122.6,74.1,6495,63,0
hungarian-075,2026-08-04,67.3,82.2,50.3,96.8,110.2,72.4,7899,75,0
hungarian-075,2026-08-05,55.5,72.4,52.7,96.0,128.1,83.8,7577,71,0
hungarian-075,2026-08-06,66.1,78.4,50.3,97.2,117.3,78.0,5068,53,0
hungarian-075,2026-08-07,60.3,66.5,54.1,98.2,130.8,81.7,4054,27,0
hungarian-076,2026-08-01,55.3,73.9,56.3,97.2,138.8,87.4,8414,80,0
hungarian-076,2026-08-02,63.3,76.8,50.3,97.3,131.8,84.4,9634,94,0
hungarian-076,2026-08-03,65.1,84.4,68.1,97.8,125.0,76.9,9223,82,0
hungarian-076,2026-08-04,61.5,74.4,60.1,96.6,114.8,70.9,6044,56,0
hungarian-076,2026-08-05,63.2,81.1,61.1,96.6,126.3,76.6,10783,100,0
hungarian-076,2026-08-06,56.8,77.3,60.6,97.3,114.1,75.1,12032,109,0
hungarian-076,2026-08-07,62.4,72.8,53.4,96.4,121.2,75.2,6899,58,0
hungarian-077,2026-08-01,58.1,72.3,60.7,99.7,133.5,86.3,6628,68,0
hungarian-077,2026-08-02,62.3,77.4,55.8,98.2,125.9,84.1,7426,71,0
hungarian-077,2026-08-03,57.5,75.4,60.5,97.4,119.7,73.3,9296,86,0
hungarian-077,2026-08-04,62.4,75.2,68.1,97.8,118.3,76.3,8084,60,0
hungarian-077,2026-08-05,59.6,71.2,57.8,96.2,134.0,82.0,5900,56,0
hungarian-077,2026-08-06,58.6,76.4,58.5,98.8,125.7,76.7,9184,83,0
hungarian-077,2026-08-07,62.9,71.9,54.9,96.4,129.7,80.1,5684,52,0
hungarian-078,2026-08-01,61.5,77.4,85.1,97.2,135.3,86.1,8610,78,0
hungarian-078,2026-08-02,65.0,80.7,51.5,97.3,119.0,78.2,9196,88,0
hungarian-078,2026-08-03,54.2,67.0,58.7,97.4,122.3,80.9,7511,66,0
hungarian-078,2026-08-04,58.2,74.0,76.5,96.9,123.7,83.6,7124,71,0
hungarian-078,2026-08-05,66.0,80.0,50.4,96.9,126.6,81.0,8230,74,0
hungarian-078,2026-08-06,61.5,79.1,51.5,96.6,135.1,81.9,8140,80,0
hungarian-078,2026-08-07,56.4,65.6,73.5,96.5,116.5,77.4,7256,68,0
hungarian-079,2026-08-01,63.4,74.6,63.6,96.9,112.6,73.3,5242,54,0
hungarian-079,2026-08-02,56.4,74.9,53.1,95.9,126.2,76.2,8324,78,0
hungarian-079,2026-08-03,65.2,78.8,69.2,97.8,124.6,80.2,5827,59,0
hungarian-079,2026-08-04,58.3,73.8,71.1,97.3,114.5,72.0,10433,89,0
hungarian-079,2026-08-05,64.4,76.3,52.3,96.4,106.7,67.3,8915,88,0
hungarian-079,2026-08-06,60.2,66.7,80.5,98.4,125.1,83.3,3789,34,0
hungarian-079,2026-08-07,59.1,74.0,52.2,96.5,134.3,88.1,7107,64,0
hungarian-080,2026-08-01,64.6,82.5,53.5,97.3,136.5,83.3,8902,85,0
hungarian-080,2026-08-02,69.2,79.4,58.0,97.7,118.7,79.6,9340,83,0
hungarian-080,2026-08-03,56.3,63.5,64.1,97.5,130.2,81.4,6641,58,0
hungarian-080,2026-08-04,54.1,69.4,66.9,97.9,120.0,74.7,8176,72,0
hungarian-080,2026-08-05,56.9,68.3,60.9,94.9,104.4,63.6,6852,58,0
hungarian-080,2026-08-06,56.7,74.2,45.0,95.5,128.4,77.5,9350,82,0
hungarian-080,2026-08-07,60.8,79.8,58.9,97.1,110.7,68.5,10473,103,0
hungarian-081,2026-08-01,58.4,68.5,56.7,97.4,112.8,74.2,7694,52,0
hungarian-081,2026-08-02,63.8,70.2,66.5,98.6,118.6,78.7,6138,57,0
hungarian-081,2026-08-03,59.3,78.0,62.2,95.7,113.4,72.3,9443,85,0
hungarian-081,2026-08-04,62.5,85.6,55.5,97.3,120.9,73.2,8382,90,0
hungarian-081,2026-08-05,60.1,71.0,54.9,98.8,118.9,73.5,3398,23,0
hungarian-081,2026-08-06,56.7,70.8,60.1,96.4,119.2,78.2,6185,54,0
hungarian-081,2026-08-07,63.2,78.0,57.9,98.3,113.9,71.4,8338,74,0
hungarian-082,2026-08-01,65.7,80.0,68.6,96.9,105.9,68.2,5990,58,0
hungarian-082,2026-08-02,57.6,69.0,46.3,97.6,121.3,80.6,8499,80,0
hungarian-082,2026-08-03,64.4,80.8,53.8,95.9,129.0,81.6,9517,86,0
hungarian-082,2026-08-04,55.4,65.9,69.6,96.9,123.2,75.5,6836,58,0
hungarian-082,2026-08-05,68.5,83.6,54.3,98.7,131.0,83.2,7360,67,0
hungarian-082,2026-08-06,54.4,64.2,43.6,99.0,98.0,59.4,7182,66,0
hungarian-082,2026-08-07,61.5,79.5,80.2,97.6,133.9,82.9,9441,86,0
hungarian-083,2026-08-01,67.5,82.6,60.2,96.7,116.2,78.4,8410,68,0
hungarian-083,2026-08-02,62.4,87.5,51.7,97.2,116.8,76.8,8328,82,0
hungarian-083,2026-08-03,66.7,79.0,52.6,98.8,114.5,72.1,8571,81,0
hungarian-083,2026-08-04,63.1,79.3,55.2,96.1,121.1,77.6,7923,74,0
hungarian-083,2026-08-05,59.0,67.1,65.6,97.0,118.2,76.5,7553,70,0
hungarian-083,2026-08-06,55.0,70.0,64.5,95.6,121.0,74.6,7943,70,0
hungarian-083,2026-08-07,60.2,64.6,40.2,98.6,125.4,79.0,4040,35,0
hungarian-084,2026-08-01,60.1,70.1,53.9,97.0,128.4,78.6,6713,57,0
hungarian-084,2026-08-02,63.0,79.2,49.8,99.0,127.0,82.5,7758,75,0
hungarian-084,2026-08-03,60.4,84.2,59.6,98.3,109.0,72.6,10554,96,0
hungarian-084,2026-08-04,58.7,81.3,48.6,97.2,131.6,86.5,11694,106,0
hungarian-084,2026-08-05,50.6,63.3,57.8,96.3,127.5,78.9,6274,58,1
hungarian-084,2026-08-06,68.1,81.4,70.7,96.8,136.2,89.6,7381,67,0
hungarian-084,2026-08-07,58.5,72.2,68.7,97.9,116.8,78.7,6240,55,0
hungarian-085,2026-08-01,64.3,71.6,59.7,97.6,131.0,84.5,5076,40,0
hungarian-085,2026-08-02,66.1,81.6,58.7,99.2,115.4,69.9,7054,60,0
hungarian-085,2026-08-03,58.6,81.1,67.3,97.2,131.4,86.4,7749,76,0
hungarian-085,2026-08-04,60.5,83.0,65.4,98.7,121.4,79.2,10696,95,0
hungarian-085,2026-08-05,68.0,78.2,51.4,96.6,129.4,87.9,7814,78,0
hungarian-085,2026-08-06,65.5,77.6,57.9,96.6,119.4,79.6,7729,68,0
hungarian-085,2026-08-07,67.0,76.7,60.8,98.8,136.0,89.1,8099,71,1
hungarian-086,2026-08-01,56.6,70.5,61.7,95.9,123.5,74.9,8772,77,0
hungarian-086,2026-08-02,59.5,79.1,58.7,97.3,126.6,81.4,9064,80,0
hungarian-086,2026-08-03,57.8,74.1,56.8,98.5,111.5,67.7,7461,65,0
hungarian-086,2026-08-04,69.9,84.2,56.4,97.6,135.9,81.6,9699,78,1
hungarian-086,2026-08-05,65.1,70.6,64.0,98.2,131.5,87.1,3702,40,0
hungarian-086,2026-08-06,61.5,73.9,58.2,96.4,104.6,63.3,9047,75,0
hungarian-086,2026-08-07,56.7,67.5,53.5,97.6,124.5,80.7,7813,73,1
hungarian-087,2026-08-01,57.9,76.3,58.8,98.2,120.4,79.2,8983,86,0
hungarian-087,2026-08-02,62.3,82.4,44.5,96.7,120.1,75.7,8203,70,0
hungarian-087,2026-08-03,60.8,75.4,52.4,96.5,120.9,78.6,7403,75,0
hungarian-087,2026-08-04,64.1,75.4,56.4,98.0,110.5,72.8,7779,69,1
hungarian-087,2026-08-05,61.6,73.8,52.1,97.0,123.9,83.8,6472,61,0
hungarian-087,2026-08-06,57.2,64.9,49.7,97.4,140.2,85.9,5160,50,0
hungarian-087,2026-08-07,58.4,78.6,74.0,96.4,124.8,84.2,8889,82,0
hungarian-088,2026-08-01,58.0,75.9,81.1,98.1,117.0,71.6,8695,82,0
hungarian-088,2026-08-02,64.3,77.1,51.0,99.6,139.7,86.2,7629,69,0
hungarian-088,2026-08-03,52.1,66.9,70.0,98.7,106.9,67.2,7546,67,0
hungarian-088,2026-08-04,60.8,77.7,58.4,97.6,109.7,68.3,9467,88,0
hungarian-088,2026-08-05,57.1,70.1,64.0,97.7,140.1,90.0,8642,81,0
hungarian-088,2026-08-06,59.7,58.0,65.5,97.7,120.1,75.4,3991,29,0
hungarian-088,2026-08-07,60.4,76.6,65.5,97.4,131.2,86.9,8297,76,0
hungarian-089,2026-08-01,54.3,67.5,57.3,97.7,122.4,77.8,6597,67,0
hungarian-089,2026-08-02,62.9,72.0,55.5,98.1,123.0,78.7,5458,40,0
hungarian-089,2026-08-03,61.9,76.2,63.2,98.0,108.7,71.9,9930,91,0
hungarian-089,2026-08-04,63.0,78.1,72.2,95.5,125.3,77.2,8473,79,0
hungarian-089,2026-08-05,65.4,83.1,56.5,96.2,134.8,83.3,8574,74,0
hungarian-089,2026-08-06,60.3,75.2,58.6,96.4,115.5,76.8,7795,69,0
hungarian-089,2026-08-07,60.1,68.2,50.2,97.7,107.3,66.9,7058,65,0
hungarian-090,2026-08-01,59.6,78.6,59.5,95.6,110.8,66.9,10035,93,0
hungarian-090,2026-08-02,56.4,62.9,60.0,98.2,123.9,80.4,6331,58,0
hungarian-090,2026-08-03,66.7,84.2,49.5,98.3,135.0,86.7,8400,84,0
hungarian-090,2026-08-04,53.7,72.4,62.6,98.0,110.1,73.2,8647,77,0
hungarian-090,2026-08-05,61.0,76.4,56.4,97.8,129.2,86.0,6798,67,0
hungarian-090,2026-08-06,61.2,80.6,61.8,95.7,124.2,80.7,10468,96,0
hungarian-090,2026-08-07,62.8,75.8,56.2,98.8,114.2,72.1,6478,68,0
hungarian-091,2026-08-01,52.6,74.1,50.2,98.0,127.0,80.6,6442,67,0
hungarian-091,2026-08-02,67.2,82.7,71.6,99.7,119.5,80.4,10815,93,0
hungarian-091,2026-08-03,60.4,79.2,41.6,96.1,116.6,78.9,9427,85,0
hungarian-091,2026-08-04,60.1,75.3,65.4,98.0,119.4,72.2,8452,70,0
hungarian-091,2026-08-05,55.5,65.4,59.5,97.7,124.0,74.8,6340,60,0
hungarian-091,2026-08-06,63.6,81.8,64.9,98.1,120.4,81.6,10182,82,0
hungarian-091,2026-08-07,61.5,70.4,59.8,97.9,124.0,81.8,5997,49,0
hungarian-092,2026-08-01,58.6,75.9,60.9,98.6,129.3,82.0,10067,93,1
hungarian-092,2026-08-02,59.6,75.4,77.6,97.0,126.6,82.2,7754,69,0
hungarian-092,2026-08-03,66.6,82.2,68.2,97.4,113.8,74.7,8059,74,0
hungarian-092,2026-08-04,66.7,84.4,45.7,96.9,112.6,73.3,9758,87,0
hungarian-092,2026-08-05,59.6,79.5,60.5,97.8,112.1,74.3,8153,80,0
hungarian-092,2026-08-06,62.9,74.6,54.1,97.4,121.2,79.6,8204,76,0
hungarian-092,2026-08-07,53.6,67.2,55.7,98.6,127.7,85.9,11058,98,0
hungarian-093,2026-08-01,53.8,59.4,50.8,98.1,118.1,79.8,5430,53,0
hungarian-093,2026-08-02,59.0,70.6,69.7,96.7,139.6,87.3,4285,39,0
hungarian-093,2026-08-03,65.6,76.8,63.9,96.7,129.1,84.1,6237,57,0
hungarian-093,2026-08-04,58.9,77.2,53.0,96.8,139.3,84.5,9849,84,0
hungarian-093,2026-08-05,65.9,69.5,66.2,97.6,117.4,71.2,6368,46,0
hungarian-093,2026-08-06,63.3,82.9,75.2,95.5,115.2,70.4,10296,89,0
hungarian-093,2026-08-07,71.4,81.0,58.6,97.9,123.0,82.7,9224,78,0
hungarian-094,2026-08-01,64.2,80.5,52.8,97.7,111.3,70.6,8688,79,0
hungarian-094,2026-08-02,55.6,72.7,56.5,98.0,127.3,83.2,8856,87,0
hungarian-094,2026-08-03,60.1,73.2,56.4,97.7,137.6,82.9,9000,79,0
hungarian-094,2026-08-04,65.9,80.0,71.2,95.0,144.3,90.2,9151,74,0
hungarian-094,2026-08-05,56.3,71.3,34.3,97.8,121.8,81.3,7227,65,0
hungarian-094,2026-08-06,58.1,71.5,65.0,97.0,122.4,80.1,9036,83,0
hungarian-094,2026-08-07,60.2,76.1,65.2,97.9,124.4,74.7,8071,68,0
hungarian-095,2026-08-01,59.5,79.5,60.9,95.8,123.9,76.9,9781,87,0
hungarian-095,2026-08-02,51.8,60.0,55.6,97.7,123.6,75.6,6603,58,0
hungarian-095,2026-08-03,60.5,80.9,51.5,98.6,102.6,67.1,11333,102,0
hungarian-095,2026-08-04,63.0,78.8,54.2,96.5,128.1,87.0,9013,79,0
hungarian-095,2026-08-05,66.7,89.9,59.4,97.2,119.1,75.3,11829,100,0
hungarian-095,2026-08-06,67.1,84.8,62.5,97.5,131.4,81.6,8873,87,0
hungarian-095,2026-08-07,58.4,68.9,61.1,96.6,119.1,77.0,8430,72,0
hungarian-096,2026-08-01,58.7,68.7,53.6,97.8,120.8,77.7,8326,79,0
hungarian-096,2026-08-02,63.2,76.1,59.1,98.5,108.4,70.9,6981,64,0
hungarian-096,2026-08-03,60.5,76.1,68.4,99.2,112.2,70.7,8951,84,0
hungarian-096,2026-08-04,54.6,69.2,57.3,96.0,126.8,79.6,7808,72,0
hungarian-096,2026-08-05,60.1,74.8,66.9,97.1,122.4,74.9,9351,85,0
hungarian-096,2026-08-06,60.0,77.3,68.6,97.5,109.8,67.3,10729,103,0
hungarian-096,2026-08-07,60.8,74.0,57.3,97.9,119.2,79.7,9228,78,0
hungarian-097,2026-08-01,63.4,76.0,58.3,98.4,115.2,76.9,6715,60,0
hungarian-097,2026-08-02,62.9,75.4,50.3,96.9,132.8,84.7,8095,75,0
hungarian-097,2026-08-03,65.8,76.6,73.2,98.6,139.2,91.2,4670,42,0
hungarian-097,2026-08-04,57.2,69.0,50.9,97.9,124.3,82.5,7838,65,0
hungarian-097,2026-08-05,60.3,79.0,51.0,98.2,122.0,78.3,10697,99,0
hungarian-097,2026-08-06,56.2,67.2,56.9,97.8,105.0,68.0,6586,54,0
hungarian-097,2026-08-07,60.5,71.5,61.9,96.9,121.8,79.7,8027,73,0
hungarian-098,2026-08-01,60.8,72.0,59.7,97.8,115.8,77.3,8456,73,0
hungarian-098,2026-08-02,55.1,64.1,59.1,98.7,135.0,81.6,8931,81,0
hungarian-098,2026-08-03,59.2,72.0,67.1,96.6,127.3,76.7,4912,41,0
hungarian-098,2026-08-04,64.6,77.8,64.3,97.1,110.7,70.5,10128,92,0
hungarian-098,2026-08-05,53.8,68.6,50.8,97.6,144.9,94.9,6646,60,0
hungarian-098,2026-08-06,60.0,63.1,55.7,96.7,128.2,87.0,4025,34,0
hungarian-098,2026-08-07,56.0,70.7,46.9,98.6,120.8,79.8,8292,80,0
hungarian-099,2026-08-01,59.4,78.2,66.1,97.4,119.6,79.2,10811,98,0
hungarian-099,2026-08-02,66.3,77.7,66.9,97.0,116.9,74.6,9251,84,0
hungarian-099,2026-08-03,59.6,80.5,55.7,96.0,126.7,78.0,7428,65,0
hungarian-099,2026-08-04,58.1,74.6,63.1,96.5,112.5,75.9,8604,80,0
hungarian-099,2026-08-05,59.9,73.4,56.8,98.3,126.1,84.0,8936,72,0
hungarian-099,2026-08-06,57.5,74.0,72.9,96.0,114.9,75.1,6668,61,0
hungarian-099,2026-08-07,59.1,74.0,56.4,98.0,128.0,83.2,8164,76,0
hungarian-100,2026-08-01,63.9,87.7,59.8,95.4,114.8,77.2,7152,71,0
hungarian-100,2026-08-02,62.2,76.2,58.0,97.3,127.1,79.0,6864,62,0
hungarian-100,2026-08-03,61.7,74.2,52.8,100.0,125.5,79.9,6600,60,0
hungarian-100,2026-08-04,58.1,72.7,51.6,96.9,112.6,75.5,10030,91,0
hungarian-100,2026-08-05,59.4,71.0,46.1,97.8,134.4,83.8,7652,67,0
hungarian-100,2026-08-06,58.3,73.7,51.0,95.9,122.8,81.0,8788,87,0
hungarian-100,2026-08-07,56.5,65.2,63.1,99.1,126.7,77.2,6437,57,0
hungarian-101,2026-08-01,62.0,68.1,57.7,97.0,117.8,76.9,7228,59,0
hungarian-101,2026-08-02,55.4,78.4,50.8,97.1,120.9,76.6,11459,97,0
hungarian-101,2026-08-03,58.3,65.1,62.2,97.0,115.0,69.9,3564,31,0
hungarian-101,2026-08-04,59.4,74.2,78.7,98.3,100.9,63.3,7941,66,0
hungarian-101,2026-08-05,56.2,68.8,49.7,98.4,104.0,70.5,9449,84,0
hungarian-101,2026-08-06,59.0,77.9,45.3,99.4,114.3,72.7,8028,72,0
hungarian-101,2026-08-07,59.5,75.6,60.1,97.7,124.3,81.1,7811,68,0
hungarian-102,2026-08-01,64.3,77.4,68.2,96.8,144.1,97.4,6200,59,0
hungarian-102,2026-08-02,64.4,78.0,59.1,99.6,122.0,77.5,6476,61,0
hungarian-102,2026-08-03,57.7,77.7,66.0,99.4,122.8,79.8,9029,93,0
hungarian-102,2026-08-04,64.5,80.3,53.6,97.9,134.5,85.5,7414,68,0
hungarian-102,2026-08-05,64.1,79.1,59.8,96.7,116.5,70.9,8966,85,0
hungarian-102,2026-08-06,56.4,76.1,46.0,97.6,134.7,83.6,10904,98,0
hungarian-102,2026-08-07,59.7,71.5,47.6,96.0,111.9,71.7,6143,53,0
hungarian-103,2026-08-01,61.4,77.8,63.9,98.4,127.1,81.4,6347,57,0
hungarian-103,2026-08-02,60.7,68.0,61.6,97.5,124.5,74.8,6723,66,0
hungarian-103,2026-08-03,59.2,71.4,41.9,96.5,122.2,79.5,8802,84,0
hungarian-103,2026-08-04,64.0,88.3,58.9,98.0,105.1,71.2,9928,88,0
hungarian-103,2026-08-05,67.4,84.6,52.2,98.4,119.8,72.0,8541,74,0
hungarian-103,2026-08-06,61.8,83.2,35.9,97.2,133.9,83.5,9065,82,1
hungarian-103,2026-08-07,58.5,75.7,63.9,98.4,128.2,78.6,7976,79,0
hungarian-104,2026-08-01,58.6,62.6,51.7,96.7,103.5,66.1,5892,49,0
hungarian-104,2026-08-02,60.7,62.3,54.3,97.2,127.8,85.9,3889,28,0
hungarian-104,2026-08-03,64.8,94.3,68.8,95.9,128.1,85.2,12732,122,0
hungarian-104,2026-08-04,62.6,78.7,53.9,96.9,115.3,71.8,10278,91,0
hungarian-104,2026-08-05,62.1,73.7,66.9,98.8,134.9,84.1,7632,75,0
hungarian-104,2026-08-06,67.9,88.2,48.5,97.5,128.2,84.9,9538,94,0
hungarian-104,2026-08-07,57.4,72.2,55.8,99.9,140.0,86.6,7447,68,0
hungarian-105,2026-08-01,68.5,79.3,57.4,98.6,128.3,84.7,4413,45,0
hungarian-105,2026-08-02,57.2,72.2,72.8,97.7,112.2,75.7,8689,82,0
hungarian-105,2026-08-03,63.8,74.4,58.2,96.8,131.2,88.7,8491,73,0
hungarian-105,2026-08-04,64.8,81.5,65.4,98.1,118.4,72.8,7439,67,1
hungarian-105,2026-08-05,59.5,67.0,73.5,99.1,114.6,77.9,5506,44,0
hungarian-105,2026-08-06,60.8,71.4,62.1,97.6,128.0,77.2,8143,74,0
hungarian-105,2026-08-07,61.5,74.7,51.4,97.1,118.9,76.2,10636,107,0
hungarian-106,2026-08-01,64.9,77.0,55.4,98.4,137.4,91.6,7710,79,0
hungarian-106,2026-08-02,59.3,67.4,65.5,98.7,124.0,75.6,4375,46,0
hungarian-106,2026-08-03,65.0,77.9,58.7,98.5,127.9,84.5,8028,67,0
hungarian-106,2026-08-04,57.5,72.5,51.4,96.6,123.9,75.4,8454,65,0
hungarian-106,2026-08-05,63.1,73.4,55.9,96.6,121.9,80.7,8023,68,0
hungarian-106,2026-08-06,65.5,83.8,61.7,96.9,115.8,70.2,9072,78,0
hungarian-106,2026-08-07,66.1,83.5,65.6,98.0,109.3,67.3,7677,67,0
hungarian-107,2026-08-01,59.0,70.8,66.1,97.1,117.3,75.9,5993,50,0
hungarian-107,2026-08-02,53.7,68.7,59.5,96.9,122.4,75.3,7598,76,0
hungarian-107,2026-08-03,58.9,67.2,58.0,96.6,115.2,69.2,5078,46,0
hungarian-107,2026-08-04,55.8,70.5,62.7,99.2,135.9,90.9,7546,66,0
hungarian-107,2026-08-05,54.1,67.0,63.7,97.3,109.3,73.5,7089,64,0
hungarian-107,2026-08-06,55.9,73.3,55.9,96.6,133.8,81.2,6851,67,0
hungarian-107,2026-08-07,54.5,76.0,61.0,97.8,122.0,75.8,9784,94,0
hungarian-108,2026-08-01,70.2,88.9,53.9,95.9,120.1,72.1,9815,86,0
hungarian-108,2026-08-02,65.4,83.6,57.6,97.2,141.7,86.1,5598,50,0
hungarian-108,2026-08-03,64.8,74.5,42.3,98.8,116.8,79.3,6169,58,0
hungarian-108,2026-08-04,63.6,79.4,46.5,99.9,113.3,72.2,8595,84,0
hungarian-108,2026-08-05,57.4,71.6,48.9,97.8,121.9,78.4,8126,77,0
hungarian-108,2026-08-06,61.7,74.3,56.7,97.8,116.1,71.4,5348,46,0
hungarian-108,2026-08-07,65.3,86.1,45.8,95.9,109.1,72.0,8783,86,0
hungarian-109,2026-08-01,57.8,74.7,50.4,98.3,135.3,85.0,9799,79,0
hungarian-109,2026-08-02,60.3,78.9,57.4,96.6,126.5,83.5,9153,91,0
hungarian-109,2026-08-03,56.5,72.1,70.7,99.1,130.5,84.9,8937,87,0
hungarian-109,2026-08-04,56.7,61.0,56.1,99.0,132.2,84.9,2622,20,0
hungarian-109,2026-08-05,61.2,72.8,59.0,97.0,122.4,79.7,6204,65,0
hungarian-109,2026-08-06,68.2,82.0,50.3,98.4,116.4,72.5,7383,72,0
hungarian-109,2026-08-07,62.1,69.2,54.0,95.6,117.1,71.3,4191,39,0
hungarian-110,2026-08-01,56.8,68.9,57.6,98.2,121.1,78.0,7385,65,0
hungarian-110,2026-08-02,64.5,81.4,64.2,97.9,127.7,85.9,9152,89,0
hungarian-110,2026-08-03,56.1,62.1,38.7,99.3,119.7,78.4,5219,41,0
hungarian-110,2026-08-04,59.2,70.8,54.1,96.8,133.2,88.9,6553,62,0
hungarian-110,2026-08-05,61.1,74.8,61.9,96.6,127.3,85.1,7754,70,0
hungarian-110,2026-08-06,54.8,66.8,70.4,98.5,116.9,74.9,6421,59,0
hungarian-110,2026-08-07,57.1,75.1,52.9,98.6,117.9,73.1,7153,77,0
hungarian-111,2026-08-01,61.0,83.9,62.2,95.7,115.0,76.3,10295,91,0
hungarian-111,2026-08-02,47.7,60.8,62.7,98.0,129.4,82.1,7770,69,0
hungarian-111,2026-08-03,59.6,65.7,42.3,96.3,121.3,77.5,3810,32,0
hungarian-111,2026-08-04,51.7,68.3,69.2,96.1,115.4,76.0,9763,90,0
hungarian-111,2026-08-05,62.0,70.2,46.8,97.9,117.8,73.5,8299,72,0
hungarian-111,2026-08-06,55.5,79.3,57.4,97.2,117.5,76.0,9561,84,0
hungarian-111,2026-08-07,62.7,72.5,57.1,97.8,132.6,87.1,4245,42,0
hungarian-112,2026-08-01,68.1,79.2,70.8,98.4,117.9,75.4,8782,86,0
hungarian-112,2026-08-02,60.2,69.8,42.3,98.0,130.9,81.0,5521,58,0
hungarian-112,2026-08-03,55.2,62.3,60.1,97.9,130.6,81.9,5960,56,0
hungarian-112,2026-08-04,58.9,76.6,60.0,99.2,139.5,84.1,7974,77,0
hungarian-112,2026-08-05,61.6,75.1,55.9,97.3,119.7,80.4,6694,55,0
hungarian-112,2026-08-06,68.8,79.3,59.7,97.1,117.1,70.4,8420,75,0
hungarian-112,2026-08-07,61.3,70.5,62.7,96.0,125.1,76.8,6612,57,0
hungarian-113,2026-08-01,65.8,84.9,66.3,96.4,121.1,82.2,7621,72,0
hungarian-113,2026-08-02,56.9,62.7,57.9,95.9,124.3,76.4,5118,47,0
hungarian-113,2026-08-03,62.1,70.2,51.6,96.3,126.3,80.2,6036,52,0
hungarian-113,2026-08-04,53.6,70.2,67.0,97.1,122.1,79.8,7856,67,0
hungarian-113,2026-08-05,57.3,70.9,62.1,97.1,123.2,83.6,6211,61,0
hungarian-113,2026-08-06,62.7,78.3,58.7,96.3,117.3,71.1,6927,69,0
hungarian-113,2026-08-07,60.2,74.7,58.6,98.2,116.9,73.0,7323,69,0
hungarian-114,2026-08-01,68.3,80.4,56.0,97.7,116.8,72.9,8454,78,0
hungarian-114,2026-08-02,64.3,81.1,64.9,97.5,122.1,80.7,11527,102,0
hungarian-114,2026-08-03,59.1,82.2,66.8,96.1,117.7,77.9,9707,91,0
hungarian-114,2026-08-04,60.4,72.9,63.6,96.1,107.4,71.3,7804,75,0
hungarian-114,2026-08-05,63.9,75.1,56.5,97.7,125.9,85.3,6731,62,0
hungarian-114,2026-08-06,62.4,72.9,63.4,98.6,127.5,80.8,9202,84,0
hungarian-114,2026-08-07,57.7,67.1,47.7,96.4,145.1,87.7,5550,47,0
hungarian-115,2026-08-01,62.4,77.2,49.3,97.8,117.2,71.0,7526,64,0
hungarian-115,2026-08-02,59.4,70.9,62.6,98.1,133.6,89.9,7039,55,0
hungarian-115,2026-08-03,61.5,81.6,32.7,98.2,114.5,74.8,10486,94,0
hungarian-115,2026-08-04,63.4,80.1,57.6,97.0,114.6,70.9,8214,78,0
hungarian-115,2026-08-05,57.7,68.1,57.4,98.0,134.4,85.8,8158,70,0
hungarian-115,2026-08-06,58.2,72.3,33.5,96.8,129.2,81.4,6959,55,0
hungarian-115,2026-08-07,61.2,76.5,39.1,97.0,126.7,76.0,7770,74,0
hungarian-116,2026-08-01,57.9,72.1,47.0,98.0,128.9,83.1,7661,68,0
hungarian-116,2026-08-02,63.0,77.3,77.6,96.6,151.8,93.9,8119,67,0
hungarian-116,2026-08-03,61.4,73.1,64.5,97.1,104.3,68.2,7480,65,1
hungarian-116,2026-08-04,58.0,71.0,59.8,98.7,141.3,88.8,7716,71,0
hungarian-116,2026-08-05,64.7,76.0,54.3,97.9,114.1,77.4,6844,67,0
hungarian-116,2026-08-06,66.6,79.9,51.7,95.9,113.4,70.0,8794,76,0
hungarian-116,2026-08-07,66.5,74.0,56.2,98.1,130.6,84.6,5344,45,0
hungarian-117,2026-08-01,60.4,75.7,58.9,97.6,123.0,81.3,9233,79,0
hungarian-117,2026-08-02,62.3,71.8,54.8,98.6,123.0,81.6,6935,71,0
hungarian-117,2026-08-03,61.5,71.3,51.3,98.0,122.5,81.0,7592,68,0
hungarian-117,2026-08-04,54.3,66.9,51.0,98.0,133.7,88.0,6609,55,0
hungarian-117,2026-08-05,67.5,84.1,48.1,97.4,130.7,88.4,8445,74,0
hungarian-117,2026-08-06,57.7,79.2,67.0,98.5,116.3,77.7,8843,84,1
hungarian-117,2026-08-07,62.7,77.0,35.3,98.6,132.2,88.3,5693,56,0
hungarian-118,2026-08-01,65.6,73.6,60.1,95.8,128.3,79.2,4363,41,0
hungarian-118,2026-08-02,62.1,77.9,62.6,98.0,132.2,89.3,7737,69,0
hungarian-118,2026-08-03,58.9,82.9,53.7,99.1,107.8,71.7,9614,90,0
hungarian-118,2026-08-04,62.9,73.1,52.7,97.9,129.1,77.5,6042,48,0
hungarian-118,2026-08-05,59.5,81.6,36.9,98.3,133.4,86.9,10676,103,0
hungarian-118,2026-08-06,60.0,72.9,60.9,97.4,127.9,77.5,6966,68,0
hungarian-118,2026-08-07,57.5,68.8,54.2,99.7,114.9,77.2,6561,48,0
hungarian-119,2026-08-01,62.7,72.1,64.3,97.7,126.0,77.2,8652,77,0
hungarian-119,2026-08-02,65.9,76.9,68.2,99.7,130.0,84.9,9344,80,0
hungarian-119,2026-08-03,66.5,74.6,51.1,98.0,128.2,86.1,5080,47,0
hungarian-119,2026-08-04,65.9,78.1,53.3,99.3,126.1,80.7,7239,73,0
hungarian-119,2026-08-05,56.0,78.3,46.8,96.7,112.0,70.5,11398,112,0
hungarian-119,2026-08-06,65.8,78.6,47.5,96.7,129.9,80.1,8639,86,1
hungarian-119,2026-08-07,60.6,75.3,52.2,96.9,118.6,78.3,7676,74,0
hungarian-120,2026-08-01,59.0,79.7,46.8,97.2,127.2,86.4,10008,92,0
hungarian-120,2026-08-02,58.3,71.3,54.7,100.0,130.7,81.9,8988,75,0
hungarian-120,2026-08-03,63.1,75.3,53.4,97.6,120.2,77.8,8972,72,0
hungarian-120,2026-08-04,57.9,65.1,58.0,98.7,109.0,73.5,4231,35,0
hungarian-120,2026-08-05,52.9,64.8,60.8,96.5,112.1,68.5,8508,76,0
hungarian-120,2026-08-06,58.5,79.8,61.2,98.6,132.1,81.9,9400,80,0
hungarian-120,2026-08-07,53.3,80.7,67.3,96.8,124.1,78.7,11634,114,0
hungarian-121,2026-08-01,65.3,75.3,56.0,98.6,119.3,80.9,6550,57,0
hungarian-121,2026-08-02,59.8,79.0,60.3,97.0,130.1,87.9,7519,79,0
hungarian-121,2026-08-03,61.2,62.8,43.1,96.8,117.6,73.4,3427,36,0
hungarian-121,2026-08-04,70.1,82.7,50.2,97.9,119.4,72.3,5230,46,0
hungarian-121,2026-08-05,55.6,70.2,56.0,95.9,134.2,81.3,7521,71,0
hungarian-121,2026-08-06,64.3,78.6,54.8,98.1,124.9,75.0,7818,68,0
hungarian-121,2026-08-07,53.8,66.5,65.5,96.9,124.3,79.1,6065,49,0
hungarian-122,2026-08-01,61.5,70.1,52.1,95.8,130.2,88.1,5368,48,0
hungarian-122,2026-08-02,55.9,72.6,59.1,96.8,127.6,80.8,9265,80,0
hungarian-122,2026-08-03,58.9,72.2,65.4,95.8,115.5,75.8,6055,54,1
hungarian-122,2026-08-04,59.0,69.4,44.0,96.3,125.8,76.5,6625,66,0
hungarian-122,2026-08-05,56.6,74.0,54.0,99.0,124.2,77.9,9092,91,0
hungarian-122,2026-08-06,64.9,82.3,72.1,98.3,108.4,66.7,8107,68,0
hungarian-122,2026-08-07,66.7,79.4,47.9,97.9,114.9,73.9,10039,84,0
hungarian-123,2026-08-01,61.3,82.0,65.8,96.7,123.5,77.3,7758,61,0
hungarian-123,2026-08-02,56.0,68.2,58.9,97.9,131.9,82.6,6995,54,0
hungarian-123,2026-08-03,66.3,75.8,50.5,98.1,117.1,76.3,5938,57,0
hungarian-123,2026-08-04,59.0,76.1,54.5,97.5,124.4,82.7,8646,77,0
hungarian-123,2026-08-05,63.7,77.8,53.1,96.7,126.8,76.9,10005,91,0
hungarian-123,2026-08-06,57.4,72.8,65.0,98.3,122.5,78.7,7222,69,0
hungarian-123,2026-08-07,60.6,76.3,51.3,98.2,137.0,84.7,10226,93,0
hungarian-124,2026-08-01,67.1,88.0,41.2,99.0,116.2,79.0,7207,69,0
hungarian-124,2026-08-02,60.2,70.5,50.5,96.5,120.3,81.3,5084,45,0
hungarian-124,2026-08-03,60.9,80.9,67.3,96.1,140.6,89.8,7696,76,0
hungarian-124,2026-08-04,58.8,68.5,49.8,96.9,140.3,85.8,7917,66,0
hungarian-124,2026-08-05,60.3,61.3,54.0,96.0,122.6,80.5,5799,57,0
hungarian-124,2026-08-06,53.9,71.3,65.9,98.4,113.9,73.1,9498,93,0
hungarian-124,2026-08-07,58.0,75.7,62.2,99.6,122.8,80.7,11653,107,0
hungarian-125,2026-08-01,65.5,77.2,55.5,98.3,108.8,73.8,6012,53,0
hungarian-125,2026-08-02,71.4,94.0,50.1,97.2,116.9,74.2,9376,82,0
hungarian-125,2026-08-03,65.7,82.2,67.7,96.1,128.4,80.9,8818,74,0
hungarian-125,2026-08-04,66.0,74.6,63.2,97.6,119.8,80.3,5326,47,0
hungarian-125,2026-08-05,54.6,58.8,45.8,94.3,120.5,76.4,2506,23,0
hungarian-125,2026-08-06,59.8,72.6,64.5,96.5,124.0,78.3,5855,58,0
hungarian-125,2026-08-07,71.0,84.7,64.2,95.8,119.7,81.4,5567,50,0
hungarian-126,2026-08-01,64.7,80.6,62.0,97.5,116.1,73.6,6610,57,0
hungarian-126,2026-08-02,68.4,82.3,58.1,97.3,106.9,65.1,7324,55,0
hungarian-126,2026-08-03,57.8,75.3,63.5,95.0,116.8,71.5,8868,91,0
hungarian-126,2026-08-04,72.5,84.5,56.1,98.0,112.1,70.4,6051,56,0
hungarian-126,2026-08-05,59.8,78.9,58.0,99.3,143.8,88.0,6525,55,0
hungarian-126,2026-08-06,66.0,87.6,61.6,99.7,121.0,79.2,10682,101,0
hungarian-126,2026-08-07,63.6,74.4,68.6,97.7,131.4,87.0,6749,60,0
hungarian-127,2026-08-01,59.7,65.7,59.5,97.9,125.1,79.0,6315,55,0
hungarian-127,2026-08-02,57.6,70.0,56.8,96.8,104.8,69.1,6918,70,0
hungarian-127,2026-08-03,56.9,73.3,57.5,96.4,146.7,95.5,8826,82,0
hungarian-127,2026-08-04,67.0,73.7,61.4,97.7,127.9,83.0,6584,50,0
hungarian-127,2026-08-05,58.0,71.4,49.3,97.5,125.5,80.7,6020,59,0
hungarian-127,2026-08-06,64.9,80.6,53.3,98.8,125.7,78.4,8631,77,1
hungarian-127,2026-08-07,58.1,71.7,38.9,96.8,125.0,78.2,8767,78,0
hungarian-128,2026-08-01,57.6,69.1,39.1,96.0,135.6,88.1,8692,78,0
hungarian-128,2026-08-02,64.0,72.7,62.7,98.2,134.1,88.3,6605,74,0
hungarian-128,2026-08-03,62.4,77.8,60.4,97.3,118.8,80.3,6356,52,0
hungarian-128,2026-08-04,65.9,83.8,57.6,96.1,124.0,75.6,7771,73,0
hungarian-128,2026-08-05,64.5,80.8,48.8,98.5,129.3,78.2,8289,80,0
hungarian-128,2026-08-06,62.3,82.3,60.5,96.7,114.2,70.0,8816,90,0
hungarian-128,2026-08-07,69.7,83.0,64.5,95.5,114.0,77.0,8843,68,0
hungarian-129,2026-08-01,50.2,57.0,62.0,98.4,115.6,76.9,5782,39,0
hungarian-129,2026-08-02,56.7,72.5,63.8,97.6,125.6,81.0,8672,85,0
hungarian-129,2026-08-03,64.6,82.4,59.4,99.2,116.7,79.3,9050,78,0
hungarian-129,2026-08-04,58.8,79.8,69.4,99.3,120.3,80.4,10689,99,0
hungarian-129,2026-08-05,58.3,75.4,52.7,98.2,119.2,71.8,7359,61,0
hungarian-129,2026-08-06,62.9,77.3,60.5,95.7,118.8,75.7,7559,70,0
hungarian-129,2026-08-07,55.6,75.4,49.7,97.9,125.6,84.2,9488,93,0
hungarian-130,2026-08-01,62.2,84.0,58.8,97.2,135.4,86.8,11123,105,0
hungarian-130,2026-08-02,67.7,71.9,63.2,97.4,117.3,79.2,2941,27,0
hungarian-130,2026-08-03,65.7,78.9,55.2,99.4,118.1,75.5,5071,49,0
hungarian-130,2026-08-04,57.3,74.3,68.3,96.0,132.3,89.0,8049,78,0
hungarian-130,2026-08-05,67.1,85.9,58.4,100.0,107.9,67.8,9124,82,0
hungarian-130,2026-08-06,61.8,74.1,59.7,97.0,125.3,82.3,8045,80,0
hungarian-130,2026-08-07,66.3,86.1,45.5,98.3,123.7,82.3,9974,95,0
hungarian-131,2026-08-01,64.4,79.8,47.5,97.3,123.3,76.3,6879,55,0
hungarian-131,2026-08-02,64.6,79.9,68.0,99.2,115.2,76.0,8851,79,0
hungarian-131,2026-08-03,62.5,83.2,60.7,97.9,121.9,82.8,9511,87,0
hungarian-131,2026-08-04,61.8,70.5,50.3,97.5,131.7,86.4,7367,67,0
hungarian-131,2026-08-05,66.0,79.4,52.0,98.6,130.7,86.0,7934,69,0
hungarian-131,2026-08-06,53.0,65.3,66.0,97.0,122.5,73.6,7263,59,0
hungarian-131,2026-08-07,53.4,61.6,45.6,98.4,129.6,80.7,6107,59,0
hungarian-132,2026-08-01,56.5,66.0,54.4,96.5,130.3,79.7,6262,62,0
hungarian-132,2026-08-02,59.2,66.9,61.6,98.1,135.2,87.9,1962,15,0
hungarian-132,2026-08-03,54.0,67.3,59.3,98.0,117.0,74.8,8837,79,0
hungarian-132,2026-08-04,61.9,78.2,46.4,97.5,116.9,72.2,8898,80,0
hungarian-132,2026-08-05,61.0,77.5,61.8,99.0,119.1,76.1,9729,89,0
hungarian-132,2026-08-06,60.7,73.5,49.4,98.0,114.3,69.3,6704,54,0
hungarian-132,2026-08-07,66.9,81.1,53.7,97.1,115.4,72.7,7370,70,0
hungarian-133,2026-08-01,63.5,82.3,47.8,96.4,128.3,84.3,8360,80,0
hungarian-133,2026-08-02,65.4,80.9,58.3,96.9,122.1,76.1,6078,56,0
hungarian-133,2026-08-03,62.0,76.4,57.6,97.0,118.9,77.0,7741,73,0
hungarian-133,2026-08-04,62.0,82.8,66.4,98.4,123.2,76.3,12147,108,0
hungarian-133,2026-08-05,58.0,71.1,62.5,97.6,126.8,77.8,5872,43,0
hungarian-133,2026-08-06,64.4,69.5,58.5,95.2,116.7,78.5,5343,40,0
hungarian-133,2026-08-07,61.9,73.1,63.0,99.6,129.7,85.7,10530,87,0
hungarian-134,2026-08-01,64.9,75.1,57.0,96.4,117.0,71.1,5055,53,0
hungarian-134,2026-08-02,58.1,71.9,59.6,97.7,131.4,79.0,9063,85,0
hungarian-134,2026-08-03,61.3,66.5,49.5,98.2,131.8,86.0,6658,53,0
hungarian-134,2026-08-04,64.9,75.2,51.1,98.9,121.7,80.5,6769,66,0
hungarian-134,2026-08-05,59.5,73.6,51.2,97.5,122.5,80.1,7270,68,0
hungarian-134,2026-08-06,60.5,84.9,53.3,98.2,120.7,73.9,11498,99,0
hungarian-134,2026-08-07,67.1,77.3,61.2,98.1,122.1,79.5,5990,54,0
hungarian-135,2026-08-01,56.1,76.8,55.9,98.8,132.0,84.5,11902,105,0
hungarian-135,2026-08-02,60.1,74.4,70.0,97.1,109.7,68.8,7990,76,0
hungarian-135,2026-08-03,61.0,73.4,60.1,97.4,127.0,85.3,8055,73,0
hungarian-135,2026-08-04,60.2,67.2,60.6,98.4,128.0,78.0,5553,47,0
hungarian-135,2026-08-05,65.4,77.6,61.3,97.1,128.8,86.8,7230,71,0
hungarian-135,2026-08-06,57.5,68.4,47.7,96.1,114.6,70.1,6745,59,0
hungarian-135,2026-08-07,57.2,73.0,45.7,96.7,122.9,81.6,8403,81,0
hungarian-136,2026-08-01,68.2,71.4,33.4,97.6,127.4,82.7,4300,36,0
hungarian-136,2026-08-02,60.9,77.3,62.4,98.7,118.7,76.2,6934,65,0
hungarian-136,2026-08-03,66.0,75.9,46.0,98.2,132.8,84.5,5156,45,0
hungarian-136,2026-08-04,62.2,88.0,67.1,96.2,121.3,75.2,8408,79,0
hungarian-136,2026-08-05,63.0,70.3,57.7,97.2,124.7,81.9,3753,35,0
hungarian-136,2026-08-06,61.2,68.2,49.6,97.8,124.2,78.5,4987,44,0
hungarian-136,2026-08-07,64.6,82.9,50.3,97.3,128.4,82.7,11986,110,0
hungarian-137,2026-08-01,57.9,76.4,49.1,98.0,113.5,70.0,9346,82,0
hungarian-137,2026-08-02,60.2,71.9,48.6,97.8,114.2,69.6,4339,45,0
hungarian-137,2026-08-03,61.9,73.5,70.5,100.0,121.6,73.1,6295,51,0
hungarian-137,2026-08-04,55.3,72.7,59.3,97.8,118.1,80.1,8052,81,0
hungarian-137,2026-08-05,58.4,74.1,52.4,98.1,111.3,72.9,8178,74,0
hungarian-137,2026-08-06,59.2,69.5,46.3,97.4,135.2,82.4,6668,58,0
hungarian-137,2026-08-07,62.9,74.4,64.2,99.8,116.0,72.3,8266,73,0
hungarian-138,2026-08-01,70.2,81.9,57.9,96.7,122.1,79.0,7323,69,0
hungarian-138,2026-08-02,62.8,78.5,51.7,96.7,116.7,72.6,6555,64,0
hungarian-138,2026-08-03,59.6,68.9,56.7,97.4,107.7,72.9,8575,75,0
hungarian-138,2026-08-04,59.3,71.7,55.2,95.3,119.2,73.3,6943,61,0
hungarian-138,2026-08-05,59.6,78.7,48.4,95.8,118.9,79.1,9018,81,0
hungarian-138,2026-08-06,58.2,76.9,52.9,98.8,125.2,80.6,9149,87,0
hungarian-138,2026-08-07,61.4,66.8,59.9,97.3,132.7,86.8,4260,42,0
hungarian-139,2026-08-01,66.8,84.0,63.4,97.2,96.1,59.2,8482,79,0
hungarian-139,2026-08-02,60.1,69.5,46.9,96.8,126.4,82.6,8711,72,0
hungarian-139,2026-08-03,57.6,73.3,57.2,96.2,134.1,81.2,10156,94,0
hungarian-139,2026-08-04,62.8,73.3,57.0,97.4,127.7,80.0,5733,51,0
hungarian-139,2026-08-05,64.1,77.9,57.0,96.9,118.1,74.1,8356,72,0
hungarian-139,2026-08-06,61.7,77.2,55.7,96.6,125.9,85.3,7134,70,0
hungarian-139,2026-08-07,61.1,72.3,68.5,97.2,123.9,81.3,7677,67,0
hungarian-140,2026-08-01,64.3,74.9,66.3,96.0,139.4,85.2,8954,77,0
hungarian-140,2026-08-02,60.4,83.1,59.9,97.5,121.2,76.2,7293,67,0
hungarian-140,2026-08-03,58.9,78.0,59.5,98.2,126.2,84.7,9958,97,0
hungarian-140,2026-08-04,63.4,78.7,50.5,98.4,127.3,82.7,9941,84,0
hungarian-140,2026-08-05,53.1,69.6,56.6,96.3,138.3,89.8,6801,60,0
hungarian-140,2026-08-06,58.0,70.4,47.2,97.2,127.4,80.7,8103,83,0
hungarian-140,2026-08-07,56.2,69.2,49.0,97.2,117.0,76.5,7561,70,0
hungarian-141,2026-08-01,60.4,65.6,53.4,97.9,106.4,70.5,5681,49,0
hungarian-141,2026-08-02,63.0,68.2,59.0,96.3,127.4,82.5,6356,57,0
hungarian-141,2026-08-03,62.9,69.4,63.0,96.9,147.8,99.4,4952,51,0
hungarian-141,2026-08-04,58.1,64.9,44.5,98.5,121.4,82.4,5412,41,0
hungarian-141,2026-08-05,65.2,83.1,59.8,98.1,119.4,78.8,8069,75,0
hungarian-141,2026-08-06,58.3,67.6,53.4,98.5,112.1,68.4,6869,54,0
hungarian-141,2026-08-07,55.9,65.8,66.6,98.0,126.9,82.5,5278,44,0
hungarian-142,2026-08-01,62.6,68.8,48.2,98.0,128.5,87.3,7366,59,0
hungarian-142,2026-08-02,73.0,89.8,61.6,98.9,129.2,85.5,8856,77,0
hungarian-142,2026-08-03,64.6,84.1,65.3,97.7,139.0,89.1,11056,103,0
hungarian-142,2026-08-04,58.6,68.7,47.7,97.4,112.3,72.8,7444,68,0
hungarian-142,2026-08-05,53.0,68.4,68.3,96.1,111.7,72.3,7942,72,0
hungarian-142,2026-08-06,62.2,71.6,43.0,98.2,127.6,78.5,4996,41,0
hungarian-142,2026-08-07,52.4,67.2,56.9,98.4,122.6,76.4,7971,72,0
hungarian-143,2026-08-01,58.0,73.9,61.5,96.3,116.6,79.2,5067,44,0
hungarian-143,2026-08-02,58.9,64.3,50.8,97.3,135.6,90.4,5333,52,0
hungarian-143,2026-08-03,61.5,75.1,55.1,96.1,126.9,79.2,6052,63,0
hungarian-143,2026-08-04,68.3,78.9,51.2,97.7,119.4,75.7,6378,55,0
hungarian-143,2026-08-05,66.1,82.6,45.3,97.5,124.6,83.6,8987,74,0
hungarian-143,2026-08-06,59.8,70.9,44.6,97.2,118.5,72.9,7679,72,0
hungarian-143,2026-08-07,68.4,80.8,62.3,96.2,119.6,77.8,6206,69,0
hungarian-144,2026-08-01,59.4,69.8,57.2,98.9,124.8,75.1,5311,54,0
hungarian-144,2026-08-02,52.5,69.9,54.3,97.1,107.3,71.6,6281,66,0
hungarian-144,2026-08-03,67.3,82.0,68.2,96.9,114.5,76.6,7929,67,0
hungarian-144,2026-08-04,58.7,68.7,50.9,96.2,118.7,79.9,7219,66,0
hungarian-144,2026-08-05,61.2,79.0,67.4,97.7,124.4,83.8,8351,76,0
hungarian-144,2026-08-06,58.9,68.3,60.3,98.1,127.9,79.6,6501,56,0
hungarian-144,2026-08-07,61.4,72.9,49.3,97.9,124.3,82.1,6752,61,0
hungarian-145,2026-08-01,60.1,65.4,58.4,96.2,130.2,79.9,5602,45,0
hungarian-145,2026-08-02,67.8,82.4,50.2,95.3,127.0,81.0,8711,77,0
hungarian-145,2026-08-03,64.3,74.1,45.4,96.4,107.7,68.9,5692,57,0
hungarian-145,2026-08-04,61.9,62.3,52.7,98.3,131.1,82.0,4653,36,0
hungarian-145,2026-08-05,61.8,74.5,46.2,96.2,123.6,76.1,6861,60,0
hungarian-145,2026-08-06,60.8,79.8,50.8,97.0,106.8,69.5,7404,66,0
hungarian-145,2026-08-07,61.2,69.1,59.3,99.6,126.0,82.7,8022,68,0
hungarian-146,2026-08-01,67.8,78.6,48.1,96.6,125.2,78.4,7001,60,0
hungarian-146,2026-08-02,65.2,76.0,65.0,97.4,123.4,78.5,7248,74,0
hungarian-146,2026-08-03,61.4,74.5,46.4,99.7,145.2,87.6,8045,70,0
hungarian-146,2026-08-04,56.7,66.6,70.1,97.5,124.2,82.6,7586,61,0
hungarian-146,2026-08-05,67.0,79.0,42.1,96.3,105.3,70.3,6417,63,0
hungarian-146,2026-08-06,63.0,78.7,51.8,99.9,118.4,79.6,8732,76,0
hungarian-146,2026-08-07,62.9,75.1,56.2,97.4,113.3,70.0,8300,67,0
hungarian-147,2026-08-01,64.9,84.2,55.2,97.5,116.2,77.3,8661,84,0
hungarian-147,2026-08-02,61.1,78.0,57.4,96.8,108.8,73.7,9944,84,0
hungarian-147,2026-08-03,61.2,74.7,52.8,98.3,124.1,77.4,7337,60,0
hungarian-147,2026-08-04,59.4,72.6,59.5,97.1,120.6,81.8,5493,52,0
hungarian-147,2026-08-05,70.6,89.7,50.2,96.6,131.1,89.0,5821,55,0
hungarian-147,2026-08-06,65.5,74.8,68.0,100.0,126.0,83.1,5825,53,0
hungarian-147,2026-08-07,55.4,63.8,58.8,97.9,114.4,76.5,5247,48,1
hungarian-148,2026-08-01,65.4,80.9,61.4,98.2,129.0,81.1,9287,79,0
hungarian-148,2026-08-02,63.3,77.3,51.5,97.3,138.3,93.7,7240,60,0
hungarian-148,2026-08-03,62.0,74.8,44.8,98.8,124.4,79.9,8737,73,0
hungarian-148,2026-08-04,54.8,75.8,42.1,96.7,113.5,70.6,8185,78,0
hungarian-148,2026-08-05,62.5,83.6,55.2,97.8,127.3,78.5,8897,83,1
hungarian-148,2026-08-06,59.4,70.1,51.8,97.4,114.0,73.3,5193,48,0
hungarian-148,2026-08-07,59.2,70.8,70.0,98.1,127.8,77.2,7762,70,0
hungarian-149,2026-08-01,60.0,72.8,43.4,96.2,122.0,73.8,6703,52,0
hungarian-149,2026-08-02,66.0,78.7,64.4,98.1,126.1,84.6,5598,54,0
hungarian-149,2026-08-03,64.0,76.5,49.8,96.9,130.7,82.6,6827,60,0
hungarian-149,2026-08-04,58.8,67.2,45.2,97.5,133.5,88.5,6324,53,0
hungarian-149,2026-08-05,62.1,74.1,56.9,95.4,113.1,67.9,6348,58,0
hungarian-149,2026-08-06,54.4,67.6,46.5,97.4,117.9,77.0,7441,63,0
hungarian-149,2026-08-07,62.1,70.9,61.1,95.3,118.5,74.2,5689,46,0
hungarian-150,2026-08-01,59.7,79.6,70.1,97.8,115.6,70.4,7975,67,0
hungarian-150,2026-08-02,64.1,78.4,57.3,98.6,102.2,65.9,9106,90,0
hungarian-150,2026-08-03,62.5,72.5,59.2,97.6,123.2,83.7,6569,58,0
hungarian-150,2026-08-04,64.2,77.7,62.3,96.7,122.1,79.7,6368,60,0
hungarian-150,2026-08-05,66.1,77.5,54.0,100.0,137.7,87.4,7472,57,0
hungarian-150,2026-08-06,73.0,84.6,54.4,97.8,129.2,83.8,5475,63,0
hungarian-150,2026-08-07,60.6,79.4,48.9,97.9,108.9,68.7,8440,84,0
hungarian-151,2026-08-01,59.4,71.3,58.5,95.3,122.7,73.9,8104,65,0
hungarian-151,2026-08-02,60.1,76.8,61.2,97.3,124.6,76.4,9161,88,0
hungarian-151,2026-08-03,58.8,74.0,63.4,96.5,130.7,88.2,5423,48,0
hungarian-151,2026-08-04,63.5,78.4,58.0,97.5,108.2,71.8,7265,71,0
hungarian-151,2026-08-05,63.3,80.2,47.4,99.1,120.4,77.4,9571,88,0
hungarian-151,2026-08-06,64.4,74.0,54.4,98.4,112.3,70.9,8685,82,0
hungarian-151,2026-08-07,57.0,79.7,65.6,97.1,134.3,81.9,7948,72,0
hungarian-152,2026-08-01,66.3,77.7,71.6,97.8,122.9,82.5,7835,57,0
hungarian-152,2026-08-02,61.2,70.8,43.1,97.4,109.9,70.4,6781,51,0
hungarian-152,2026-08-03,62.6,67.4,48.0,96.8,121.2,75.4,4977,44,0
hungarian-152,2026-08-04,66.1,81.9,47.3,96.8,119.9,78.0,7707,72,0
hungarian-152,2026-08-05,62.1,76.8,44.9,95.9,138.5,86.4,7616,71,0
hungarian-152,2026-08-06,60.4,72.6,63.8,97.0,115.6,75.9,6817,68,0
hungarian-152,2026-08-07,63.0,71.3,50.1,99.0,133.4,81.2,6931,59,0
hungarian-153,2026-08-01,65.1,82.6,54.7,97.0,103.9,62.6,8238,68,0
hungarian-153,2026-08-02,62.6,74.5,52.2,96.3,127.7,77.1,5745,40,0
hungarian-153,2026-08-03,66.3,80.5,60.3,98.6,118.7,75.7,8617,78,0
hungarian-153,2026-08-04,63.1,82.7,60.5,96.5,132.5,86.2,9197,88,0
hungarian-153,2026-08-05,64.7,72.4,64.2,98.1,125.6,83.5,6298,64,1
hungarian-153,2026-08-06,60.2,64.7,50.2,97.8,113.6,71.5,4811,38,0
hungarian-153,2026-08-07,65.9,81.6,59.6,99.0,116.3,71.4,6698,62,0
hungarian-154,2026-08-01,69.8,78.9,54.2,95.9,117.5,71.7,5997,44,0
hungarian-154,2026-08-02,64.5,76.2,46.8,99.8,128.4,78.6,8366,66,0
hungarian-154,2026-08-03,60.6,68.0,54.8,97.0,136.9,90.6,4991,58,0
hungarian-154,2026-08-04,58.5,69.9,49.7,96.4,118.9,73.7,3821,41,0
hungarian-154,2026-08-05,62.4,71.9,57.6,98.9,108.0,70.7,5901,57,0
hungarian-154,2026-08-06,55.7,70.1,41.8,97.4,136.7,92.7,8197,78,0
hungarian-154,2026-08-07,59.5,70.7,52.8,97.3,118.8,72.7,6786,58,1
hungarian-155,2026-08-01,57.5,71.7,58.7,97.0,125.5,79.0,9135,87,0
hungarian-155,2026-08-02,67.6,79.5,47.8,96.6,130.4,80.8,5845,48,0
hungarian-155,2026-08-03,60.7,72.0,49.4,98.6,116.0,74.2,4640,45,0
hungarian-155,2026-08-04,56.8,71.9,53.5,99.9,121.0,81.3,7207,68,0
hungarian-155,2026-08-05,59.5,70.0,53.0,96.8,112.6,70.8,6512,57,0
hungarian-155,2026-08-06,63.6,75.1,51.6,98.6,129.1,86.7,6045,60,0
hungarian-155,2026-08-07,65.9,84.5,49.5,98.4,101.1,64.9,9332,84,0
hungarian-156,2026-08-01,63.2,76.9,55.4,97.7,142.1,91.7,8670,82,0
hungarian-156,2026-08-02,55.7,65.1,45.2,96.6,123.5,78.4,7174,64,0
hungarian-156,2026-08-03,56.6,68.3,64.3,95.2,122.5,81.5,6066,64,0
hungarian-156,2026-08-04,63.8,74.3,52.5,97.7,115.5,78.5,5827,56,0
hungarian-156,2026-08-05,62.5,72.3,56.0,98.1,119.4,73.3,6835,64,0
hungarian-156,2026-08-06,61.9,78.0,46.5,96.4,122.9,78.6,8603,76,0
hungarian-156,2026-08-07,61.8,72.7,65.9,97.4,118.8,76.0,6610,55,0
hungarian-157,2026-08-01,56.5,64.8,54.6,95.8,120.3,74.9,4355,37,0
hungarian-157,2026-08-02,63.4,68.9,47.2,97.8,118.6,80.2,3040,26,0
hungarian-157,2026-08-03,62.3,71.1,56.5,97.9,135.3,82.9,4674,34,0
hungarian-157,2026-08-04,61.0,65.8,50.3,97.7,125.9,83.7,5204,38,0
hungarian-157,2026-08-05,56.4,76.7,67.6,95.2,128.2,77.4,8977,82,0
hungarian-157,2026-08-06,60.8,66.5,58.6,98.8,116.2,74.1,6073,57,0
hungarian-157,2026-08-07,64.1,75.4,59.7,95.1,114.6,70.7,6880,53,0
hungarian-158,2026-08-01,64.1,76.2,53.8,98.6,117.7,72.2,7443,66,0
hungarian-158,2026-08-02,62.1,77.0,52.7,98.2,119.2,78.5,6154,60,1
hungarian-158,2026-08-03,62.3,77.5,49.2,97.0,126.0,84.5,9329,82,0
hungarian-158,2026-08-04,64.6,83.3,59.4,98.5,133.3,80.9,8696,82,0
hungarian-158,2026-08-05,57.6,70.5,44.9,98.8,117.0,77.5,7211,59,0
hungarian-158,2026-08-06,57.3,74.3,56.6,96.3,135.7,87.0,9237,85,0
hungarian-158,2026-08-07,65.7,83.6,58.5,99.6,131.5,83.8,7720,72,0
hungarian-159,2026-08-01,61.4,83.6,45.3,95.6,113.7,77.0,9907,97,0
hungarian-159,2026-08-02,59.2,71.2,42.9,96.5,105.7,71.5,6289,58,0
hungarian-159,2026-08-03,64.3,74.4,49.6,97.5,114.0,71.7,7237,69,0
hungarian-159,2026-08-04,64.3,79.6,38.6,98.7,112.8,70.4,10417,99,0
hungarian-159,2026-08-05,66.9,73.7,48.5,97.1,120.5,77.9,4433,43,1
hungarian-159,2026-08-06,61.1,73.9,59.8,97.5,137.0,85.9,5768,59,0
hungarian-159,2026-08-07,65.4,84.5,46.7,96.1,124.2,82.2,10932,95,0
hungarian-160,2026-08-01,66.9,86.4,47.0,95.9,136.5,86.1,8657,82,0
hungarian-160,2026-08-02,59.4,72.8,39.0,96.5,124.6,77.9,5146,47,0
hungarian-160,2026-08-03,57.5,68.2,65.2,96.7,137.3,90.7,7385,74,0
hungarian-160,2026-08-04,60.7,72.4,53.9,100.0,116.0,72.9,5515,51,0
hungarian-160,2026-08-05,62.1,70.7,70.6,97.5,126.9,83.4,5943,50,0
hungarian-160,2026-08-06,54.7,68.2,56.1,97.7,122.3,78.6,7664,63,0
hungarian-160,2026-08-07,55.6,72.9,66.7,96.3,113.8,69.6,8162,78,0
hungarian-161,2026-08-01,62.4,74.9,52.5,97.7,124.6,75.1,6575,50,0
hungarian-161,2026-08-02,52.8,60.2,61.3,97.4,115.6,74.6,5961,49,0
hungarian-161,2026-08-03,63.5,77.7,71.3,97.7,129.2,85.7,6897,62,0
hungarian-161,2026-08-04,63.4,80.6,57.5,97.2,120.3,81.2,9148,81,0
hungarian-161,2026-08-05,66.3,78.3,39.1,97.8,112.7,73.5,6936,55,1
hungarian-161,2026-08-06,61.1,81.2,54.2,97.7,134.6,87.8,9023,81,0
hungarian-161,2026-08-07,59.3,70.5,46.2,97.5,116.9,79.0,5631,47,0
hungarian-162,2026-08-01,64.9,87.4,63.5,97.4,123.4,82.5,10242,96,0
hungarian-162,2026-08-02,57.2,77.6,54.7,99.0,130.5,86.2,9915,91,0
hungarian-162,2026-08-03,64.2,79.2,59.9,98.8,136.9,91.3,7839,77,0
hungarian-162,2026-08-04,58.4,68.4,48.3,97.0,117.3,78.0,6701,67,0
hungarian-162,2026-08-05,62.4,66.8,61.5,98.6,119.2,76.1,4172,42,0
hungarian-162,2026-08-06,66.5,75.5,62.1,95.9,120.0,78.4,8438,78,0
hungarian-162,2026-08-07,67.5,82.2,56.3,97.7,128.5,87.3,7650,68,0
hungarian-163,2026-08-01,62.0,78.4,40.9,98.0,134.5,89.5,8911,80,0
hungarian-163,2026-08-02,65.5,75.5,66.9,96.8,117.9,79.6,5502,43,0
hungarian-163,2026-08-03,63.0,71.8,57.8,96.0,119.7,72.7,7287,58,0
hungarian-163,2026-08-04,66.2,78.8,57.1,98.5,122.9,76.2,8098,72,0
hungarian-163,2026-08-05,59.6,71.6,61.7,98.8,117.0,77.0,8867,80,0
hungarian-163,2026-08-06,58.1,73.9,51.3,96.3,130.2,78.7,7222,77,0
hungarian-163,2026-08-07,61.6,77.7,60.4,98.0,115.0,74.0,5998,53,0
hungarian-164,2026-08-01,61.7,67.1,65.0,97.7,109.3,68.7,6918,51,0
hungarian-164,2026-08-02,55.7,70.6,65.8,97.6,130.4,86.3,8142,75,0
hungarian-164,2026-08-03,63.4,65.1,40.5,98.4,125.8,84.6,2489,16,0
hungarian-164,2026-08-04,58.2,69.9,75.4,97.2,114.9,72.5,5488,43,0
hungarian-164,2026-08-05,64.1,72.7,65.2,98.0,114.4,76.0,5172,44,0
hungarian-164,2026-08-06,54.8,71.2,47.3,97.5,118.5,78.7,9535,81,0
hungarian-164,2026-08-07,61.5,74.4,51.7,98.4,121.5,75.0,6129,53,1
hungarian-165,2026-08-01,62.4,77.4,39.7,97.1,131.8,79.3,8461,78,0
hungarian-165,2026-08-02,60.6,69.8,52.8,97.3,124.7,76.7,4549,45,0
hungarian-165,2026-08-03,71.6,84.5,50.9,96.3,125.7,80.7,8768,77,0
hungarian-165,2026-08-04,56.5,70.6,51.7,97.4,142.6,89.5,7803,67,0
hungarian-165,2026-08-05,57.4,74.1,63.3,98.5,123.0,77.1,8568,84,0
hungarian-165,2026-08-06,58.9,61.9,48.0,99.7,114.2,69.9,3783,30,0
hungarian-165,2026-08-07,63.2,78.1,59.3,96.5,116.9,78.0,10269,99,0
hungarian-166,2026-08-01,69.4,86.7,41.4,98.6,126.0,81.0,7391,69,0
hungarian-166,2026-08-02,56.0,61.3,49.8,97.6,138.1,92.5,6100,47,0
hungarian-166,2026-08-03,59.9,76.1,36.3,97.3,142.3,89.6,8159,82,0
hungarian-166,2026-08-04,59.4,68.5,66.6,98.7,123.7,83.8,5396,37,0
hungarian-166,2026-08-05,62.3,79.8,54.0,98.9,126.7,85.5,7465,78,0
hungarian-166,2026-08-06,61.8,79.4,58.7,97.1,119.4,71.7,9934,94,0
hungarian-166,2026-08-07,62.0,69.9,57.8,97.8,105.0,67.1,7607,64,0
hungarian-167,2026-08-01,65.8,81.5,57.5,98.3,128.3,84.4,8552,80,0
hungarian-167,2026-08-02,65.3,80.5,48.7,98.6,129.3,78.9,9911,83,0
hungarian-167,2026-08-03,63.6,77.7,64.1,96.5,154.0,101.2,7804,70,0
hungarian-167,2026-08-04,66.4,83.9,47.8,95.7,114.2,73.0,9405,75,0
hungarian-167,2026-08-05,62.0,69.3,45.0,98.4,129.2,87.3,6623,59,0
hungarian-167,2026-08-06,65.9,84.4,57.6,97.6,135.6,86.6,8451,70,0
hungarian-167,2026-08-07,66.0,78.6,49.0,99.7,142.2,90.1,9270,82,0
hungarian-168,2026-08-01,58.5,73.7,65.1,98.5,126.4,83.5,8935,82,0
hungarian-168,2026-08-02,66.0,77.7,57.6,100.0,123.4,74.7,7740,73,1
hungarian-168,2026-08-03,65.5,77.5,52.0,98.3,125.1,75.4,9227,82,0
hungarian-168,2026-08-04,58.8,71.4,37.6,97.4,126.0,84.0,5104,46,0
hungarian-168,2026-08-05,64.3,79.4,67.4,95.6,126.7,79.4,6523,66,0
hungarian-168,2026-08-06,64.5,80.7,69.5,97.8,111.9,68.9,8988,86,0
hungarian-168,2026-08-07,60.7,82.4,58.3,97.9,112.3,68.7,11439,99,0
hungarian-169,2026-08-01,58.4,70.9,43.3,98.4,116.4,75.6,6198,56,0
hungarian-169,2026-08-02,63.0,77.6,57.4,98.6,115.6,76.7,8342,82,0
hungarian-169,2026-08-03,64.3,75.3,44.8,97.2,115.1,77.5,5211,52,0
hungarian-169,2026-08-04,52.5,64.4,40.6,98.8,117.8,73.8,6790,62,0
hungarian-169,2026-08-05,63.5,76.8,56.9,98.8,124.1,78.2,8600,80,0
hungarian-169,2026-08-06,63.9,72.4,50.0,97.0,111.7,67.9,6481,59,0
hungarian-169,2026-08-07,58.0,72.3,62.0,97.9,143.8,89.8,4551,46,0
hungarian-170,2026-08-01,64.7,77.0,61.5,97.3,102.5,65.7,6109,63,0
hungarian-170,2026-08-02,59.8,70.2,57.3,97.6,117.1,70.5,6151,42,0
hungarian-170,2026-08-03,62.9,77.7,51.1,97.4,131.6,83.6,8702,71,0
hungarian-170,2026-08-04,66.2,76.8,47.3,96.7,111.7,72.0,7614,60,0
hungarian-170,2026-08-05,61.7,73.4,55.3,96.0,123.3,79.0,6860,63,0
hungarian-170,2026-08-06,58.0,75.7,62.4,96.3,125.7,84.1,9137,85,0
hungarian-170,2026-08-07,58.5,75.9,52.6,98.1,127.8,79.9,9350,84,0
hungarian-171,2026-08-01,71.2,74.5,51.3,98.2,120.5,77.9,6728,54,0
hungarian-171,2026-08-02,64.3,75.2,47.3,98.0,131.7,83.2,7896,76,0
hungarian-171,2026-08-03,63.6,84.6,69.7,98.1,120.6,72.6,10797,96,1
hungarian-171,2026-08-04,66.5,74.1,63.7,97.5,120.6,77.9,4045,37,0
hungarian-171,2026-08-05,54.8,71.4,56.3,97.8,127.8,79.9,7869,70,0
hungarian-171,2026-08-06,66.8,76.3,66.7,97.6,127.9,86.2,5308,45,0
hungarian-171,2026-08-07,57.4,80.9,67.8,97.3,123.9,83.7,10793,100,0
hungarian-172,2026-08-01,60.2,80.4,43.5,97.0,129.6,81.9,10218,103,0
hungarian-172,2026-08-02,66.9,75.2,64.4,97.9,130.9,82.0,5330,42,0
hungarian-172,2026-08-03,63.4,72.1,53.3,95.8,105.5,67.3,5916,52,0
hungarian-172,2026-08-04,58.5,73.2,62.5,97.3,130.2,82.0,7679,73,0
hungarian-172,2026-08-05,65.6,80.9,62.0,96.6,126.9,83.5,9631,84,0
hungarian-172,2026-08-06,62.2,64.1,52.2,99.3,132.2,89.1,4110,25,0
hungarian-172,2026-08-07,58.2,63.7,43.7,97.8,123.2,82.6,5401,49,0
hungarian-173,2026-08-01,65.6,79.9,51.4,97.9,106.7,69.3,7699,75,0
hungarian-173,2026-08-02,56.5,66.9,48.9,97.6,128.7,85.3,5203,50,0
hungarian-173,2026-08-03,64.3,73.6,53.2,97.4,122.9,80.3,5449,46,0
hungarian-173,2026-08-04,66.1,80.1,54.4,96.4,139.0,93.3,4706,50,0
hungarian-173,2026-08-05,61.0,78.8,50.6,95.6,127.4,78.6,8292,75,0
hungarian-173,2026-08-06,69.6,82.0,48.1,96.8,119.3,76.7,6763,60,0
hungarian-173,2026-08-07,63.0,74.9,45.6,98.2,131.0,83.9,6442,55,0
hungarian-174,2026-08-01,62.4,69.3,53.1,100.0,113.5,75.8,5962,45,0
hungarian-174,2026-08-02,58.7,71.6,45.8,98.5,124.1,75.4,7182,69,0
hungarian-174,2026-08-03,64.2,71.6,48.1,98.1,124.7,80.0,7282,69,0
hungarian-174,2026-08-04,65.0,81.2,56.3,96.4,103.2,67.0,6773,69,0
hungarian-174,2026-08-05,52.3,68.9,50.6,97.5,128.6,82.2,7430,68,0
hungarian-174,2026-08-06,64.1,72.4,56.6,98.4,117.1,77.1,6683,59,0
hungarian-174,2026-08-07,60.0,76.4,53.4,97.6,103.9,70.7,9143,82,0
hungarian-175,2026-08-01,62.4,83.6,50.9,96.9,111.6,67.8,10614,94,0
hungarian-175,2026-08-02,61.2,65.3,48.9,98.8,128.1,85.4,6355,63,0
hungarian-175,2026-08-03,64.6,79.9,48.0,97.7,129.3,85.2,8580,79,0
hungarian-175,2026-08-04,65.3,77.7,72.5,98.1,132.0,79.4,10487,88,0
hungarian-175,2026-08-05,65.1,74.3,33.4,97.5,123.1,80.6,7836,62,0
hungarian-175,2026-08-06,65.4,87.8,56.9,96.9,126.1,78.1,10754,100,0
hungarian-175,2026-08-07,66.5,75.9,54.2,97.3,136.3,88.7,5716,61,0
hungarian-176,2026-08-01,66.4,82.5,48.1,97.9,141.1,94.1,6991,70,0
hungarian-176,2026-08-02,72.0,91.9,53.2,97.9,139.6,86.1,9444,81,0
hungarian-176,2026-08-03,59.5,68.5,55.7,97.7,141.6,92.3,5659,46,0
hungarian-176,2026-08-04,59.6,62.5,52.0,97.1,131.3,82.4,2619,15,0
hungarian-176,2026-08-05,57.5,71.2,69.6,98.3,124.2,76.0,6587,53,0
hungarian-176,2026-08-06,54.5,72.7,55.8,97.8,121.9,74.1,10644,94,0
hungarian-176,2026-08-07,60.0,67.4,46.6,98.0,142.4,89.3,8485,65,0
hungarian-177,2026-08-01,68.9,84.6,58.4,97.2,136.9,82.9,9112,73,0
hungarian-177,2026-08-02,64.6,72.9,61.5,97.5,125.7,80.3,5859,49,0
hungarian-177,2026-08-03,56.0,74.1,59.8,97.3,132.4,83.1,8608,84,0
hungarian-177,2026-08-04,65.9,84.1,64.1,98.0,130.1,88.4,8435,72,1
hungarian-177,2026-08-05,62.6,85.4,54.8,98.5,140.5,94.2,10181,93,0
hungarian-177,2026-08-06,60.5,80.0,69.3,96.9,118.9,72.3,9346,92,0
hungarian-177,2026-08-07,62.4,68.1,51.5,96.5,120.3,80.0,5975,55,0
hungarian-178,2026-08-01,60.9,70.6,60.9,97.7,128.4,79.0,5695,48,0
hungarian-178,2026-08-02,64.2,75.4,46.7,97.6,124.0,80.0,7037,67,0
hungarian-178,2026-08-03,66.4,76.0,57.7,98.8,137.7,88.0,7583,66,0
hungarian-178,2026-08-04,61.2,69.4,51.6,96.9,124.6,79.5,3959,41,0
hungarian-178,2026-08-05,54.4,64.3,60.1,96.1,132.2,87.1,4755,49,0
hungarian-178,2026-08-06,57.6,72.8,55.4,97.9,110.5,67.4,8547,82,0
hungarian-178,2026-08-07,66.7,82.9,60.8,98.4,125.8,83.1,7554,64,0
hungarian-179,2026-08-01,60.6,72.3,53.3,98.0,130.9,82.3,7159,61,0
hungarian-179,2026-08-02,64.7,66.8,45.1,97.3,139.6,84.2,5124,44,0
hungarian-179,2026-08-03,69.2,83.9,44.1,96.0,119.1,78.0,10088,93,0
hungarian-179,2026-08-04,69.8,80.6,51.1,97.6,127.2,80.0,8816,84,0
hungarian-179,2026-08-05,58.7,72.9,59.6,96.7,128.6,77.5,7148,67,0
hungarian-179,2026-08-06,63.9,74.5,55.3,97.3,121.1,74.9,6223,63,0
hungarian-179,2026-08-07,69.7,82.1,50.9,96.8,121.1,72.7,7599,68,0
hungarian-180,2026-08-01,61.8,80.3,48.6,98.3,132.6,90.1,10490,97,0
hungarian-180,2026-08-02,58.8,76.5,55.3,96.3,110.7,72.2,8418,75,0
hungarian-180,2026-08-03,67.2,78.9,71.0,100.0,131.6,85.8,7131,72,0
hungarian-180,2026-08-04,61.9,83.0,55.4,96.7,113.1,71.4,9365,81,0
hungarian-180,2026-08-05,58.3,74.9,55.6,98.2,126.7,83.9,9905,90,0
hungarian-180,2026-08-06,67.7,81.1,50.2,97.2,134.5,81.9,7472,67,0
hungarian-180,2026-08-07,61.2,77.0,50.8,98.4,124.2,78.2,6810,60,0
hungarian-181,2026-08-01,62.1,76.4,53.9,99.0,127.8,81.8,6215,55,0
hungarian-181,2026-08-02,66.1,84.0,61.3,96.6,125.6,81.6,9029,88,0
hungarian-181,2026-08-03,60.0,68.4,41.6,97.2,135.8,83.6,4374,31,0
hungarian-181,2026-08-04,64.8,76.2,51.0,96.7,116.0,76.8,5662,51,0
hungarian-181,2026-08-05,66.3,85.6,54.9,96.4,129.2,83.3,6693,59,0
hungarian-181,2026-08-06,64.6,77.6,62.0,97.2,123.5,80.6,7020,68,0
hungarian-181,2026-08-07,61.9,79.0,50.0,98.9,129.9,87.3,9667,79,0
hungarian-182,2026-08-01,60.9,75.3,49.7,96.5,110.1,73.0,6901,61,0
hungarian-182,2026-08-02,61.5,72.7,78.0,98.5,147.0,88.6,7469,61,0
hungarian-182,2026-08-03,74.6,79.8,48.1,97.3,111.9,74.7,5399,53,1
hungarian-182,2026-08-04,55.2,74.2,49.7,97.2,119.6,74.4,8768,90,0
hungarian-182,2026-08-05,62.9,84.5,50.8,98.4,127.6,84.1,8996,86,0
hungarian-182,2026-08-06,63.8,76.5,44.1,97.4,128.6,84.3,7636,70,0
hungarian-182,2026-08-07,61.7,77.4,54.7,96.0,129.7,79.7,8742,72,0
hungarian-183,2026-08-01,65.1,78.2,52.2,97.9,119.6,75.8,6237,57,0
hungarian-183,2026-08-02,58.9,71.4,68.3,97.8,119.4,80.3,7480,67,0
hungarian-183,2026-08-03,69.5,86.4,37.3,98.7,125.2,77.8,9452,72,0
hungarian-183,2026-08-04,59.8,77.9,42.4,99.1,109.2,69.8,8861,82,1
hungarian-183,2026-08-05,64.5,77.5,47.9,96.9,125.3,76.2,8058,60,0
hungarian-183,2026-08-06,59.4,69.4,43.7,97.1,130.8,80.9,5019,46,0
hungarian-183,2026-08-07,58.7,74.3,54.8,98.4,129.8,79.9,9976,91,0
hungarian-184,2026-08-01,63.5,73.0,41.7,97.2,129.4,86.7,5978,46,0
hungarian-184,2026-08-02,62.9,81.3,54.4,97.5,137.8,92.9,10832,98,0
hungarian-184,2026-08-03,60.7,70.6,59.0,98.4,131.3,79.4,5788,62,0
hungarian-184,2026-08-04,64.4,74.9,47.4,96.3,119.0,78.9,5337,56,0
hungarian-184,2026-08-05,65.2,79.9,66.2,97.1,126.2,79.2,7160,70,0
hungarian-184,2026-08-06,64.8,73.2,48.9,98.0,112.1,72.3,4784,43,0
hungarian-184,2026-08-07,62.4,77.1,45.2,99.1,98.7,63.2,7366,66,0
hungarian-185,2026-08-01,64.9,80.8,48.1,96.0,125.1,83.8,5618,56,0
hungarian-185,2026-08-02,66.7,73.1,53.4,98.5,128.7,87.3,5277,51,0
hungarian-185,2026-08-03,56.0,78.7,43.2,96.2,127.8,81.3,11340,102,0
hungarian-185,2026-08-04,65.7,81.6,54.0,98.6,116.0,73.1,7681,60,0
hungarian-185,2026-08-05,58.7,71.1,74.5,97.5,123.6,83.5,8397,82,0
hungarian-185,2026-08-06,61.7,72.3,45.5,97.5,109.2,70.7,6406,55,0
hungarian-185,2026-08-07,67.5,75.4,44.1,97.1,123.6,81.4,7216,61,0
hungarian-186,2026-08-01,69.1,79.0,53.3,97.4,124.4,81.5,9036,82,0
hungarian-186,2026-08-02,66.7,83.4,57.7,94.7,125.5,78.7,7613,70,0
hungarian-186,2026-08-03,67.7,78.5,54.2,97.6,133.5,83.9,4954,45,0
hungarian-186,2026-08-04,66.6,82.4,52.4,97.3,120.2,76.0,3975,36,0
hungarian-186,2026-08-05,63.5,75.8,55.9,98.0,116.8,77.9,5967,47,0
hungarian-186,2026-08-06,59.0,73.7,48.5,96.9,110.7,68.6,8369,74,0
hungarian-186,2026-08-07,63.9,71.6,42.1,98.0,114.9,71.7,5013,39,0
hungarian-187,2026-08-01,63.5,71.8,45.4,97.7,128.4,84.5,7218,62,0
hungarian-187,2026-08-02,64.3,73.1,58.9,96.6,128.0,83.4,8177,78,0
hungarian-187,2026-08-03,64.1,69.5,48.3,97.0,126.0,84.7,5198,43,0
hungarian-187,2026-08-04,63.3,73.2,70.6,97.9,131.1,84.9,6492,59,0
hungarian-187,2026-08-05,64.7,75.9,56.1,96.2,128.3,85.6,5822,49,0
hungarian-187,2026-08-06,63.1,74.3,65.6,94.9,133.2,82.9,4296,41,0
hungarian-187,2026-08-07,60.2,73.6,52.8,98.5,120.9,78.6,5688,51,0
hungarian-188,2026-08-01,61.6,79.4,52.3,96.7,116.8,74.3,9832,80,0
hungarian-188,2026-08-02,58.2,68.5,48.8,96.9,142.9,89.6,5226,40,0
hungarian-188,2026-08-03,68.0,83.6,44.1,98.2,119.2,75.7,6818,71,0
hungarian-188,2026-08-04,63.6,82.4,51.7,96.3,143.1,94.0,6567,63,0
hungarian-188,2026-08-05,61.8,80.1,51.8,95.8,132.7,81.9,9134,86,0
hungarian-188,2026-08-06,64.3,82.5,47.5,98.0,118.9,71.7,9266,86,0
hungarian-188,2026-08-07,70.1,77.6,51.7,98.0,139.4,86.8,3280,26,0
hungarian-189,2026-08-01,74.2,82.3,60.3,95.4,122.7,80.2,5325,56,0
hungarian-189,2026-08-02,74.0,84.5,52.0,96.4,130.5,85.7,5638,55,0
hungarian-189,2026-08-03,67.3,79.4,44.1,95.9,126.1,84.2,7406,65,0
hungarian-189,2026-08-04,69.4,74.1,56.4,97.4,126.6,80.7,5428,44,0
hungarian-189,2026-08-05,69.7,84.1,43.3,95.4,124.4,78.3,4478,45,0
hungarian-189,2026-08-06,71.1,86.0,41.5,95.3,138.8,86.2,6821,71,1
hungarian-189,2026-08-07,63.9,83.3,49.0,96.3,123.1,74.5,8835,91,1
hungarian-190,2026-08-01,70.6,86.2,50.6,95.8,134.4,90.5,5749,57,0
hungarian-190,2026-08-02,66.7,74.6,32.0,97.8,140.3,90.8,5873,51,1
hungarian-190,2026-08-03,72.8,83.6,46.9,95.4,126.8,77.4,5167,46,0
hungarian-190,2026-08-04,65.7,80.9,44.4,97.6,140.1,84.1,6714,60,0
hungarian-190,2026-08-05,73.8,90.5,33.9,95.2,135.0,84.2,10310,84,0
hungarian-190,2026-08-06,69.7,80.8,58.6,96.9,118.1,71.5,8700,80,0
hungarian-190,2026-08-07,70.6,90.2,52.7,94.2,125.6,77.4,8693,81,0
hungarian-191,2026-08-01,72.7,78.8,45.5,96.5,121.8,73.5,3690,37,1
hungarian-191,2026-08-02,65.0,67.5,40.3,96.4,139.5,91.5,3874,27,0
hungarian-191,2026-08-03,75.1,74.5,55.1,95.0,148.1,92.9,3011,22,0
hungarian-191,2026-08-04,68.9,75.9,44.5,94.0,119.9,72.2,7065,54,0
hungarian-191,2026-08-05,64.0,76.4,44.2,94.7,140.2,91.0,5396,53,1
hungarian-191,2026-08-06,66.1,73.2,42.5,94.7,131.8,88.4,5192,52,0
hungarian-191,2026-08-07,66.7,72.0,45.3,95.9,131.4,86.4,4176,35,0
hungarian-192,2026-08-01,70.1,71.8,39.7,97.1,137.0,87.3,64,0,0
hungarian-192,2026-08-02,62.4,79.3,49.3,96.6,145.6,95.7,8333,78,0
hungarian-192,2026-08-03,72.3,81.7,33.3,95.9,137.9,90.8,5039,50,0
hungarian-192,2026-08-04,65.8,75.3,49.8,95.9,122.3,78.4,8279,70,0
hungarian-192,2026-08-05,62.3,78.1,56.5,97.5,142.3,85.4,8896,87,0
hungarian-192,2026-08-06,65.4,72.6,42.4,94.2,134.3,86.3,5086,45,1
hungarian-192,2026-08-07,74.1,85.3,35.5,96.9,134.9,87.4,5844,49,0
hungarian-193,2026-08-01,65.9,80.0,32.9,96.1,140.0,91.6,8020,74,0
hungarian-193,2026-08-02,64.2,71.3,38.2,95.9,130.9,85.1,3380,24,0
hungarian-193,2026-08-03,66.4,76.7,44.4,95.1,143.2,89.8,5857,49,0
hungarian-193,2026-08-04,69.1,88.0,53.4,95.3,127.0,76.4,8508,76,0
hungarian-193,2026-08-05,73.9,96.4,46.9,96.6,120.3,80.3,7781,76,0
hungarian-193,2026-08-06,71.1,82.0,35.5,95.3,128.7,78.7,4659,42,0
hungarian-193,2026-08-07,71.9,75.9,47.3,95.9,128.1,84.1,3963,36,0
hungarian-194,2026-08-01,65.1,68.3,40.1,95.3,126.3,80.9,1447,4,0
hungarian-194,2026-08-02,66.4,84.0,51.1,95.4,128.3,78.8,9241,85,1
hungarian-194,2026-08-03,61.9,73.9,38.5,96.5,133.5,80.9,4846,48,0
hungarian-194,2026-08-04,70.6,85.9,41.0,94.0,136.6,83.9,6864,62,0
hungarian-194,2026-08-05,75.2,88.1,35.4,95.9,139.6,87.2,7158,63,0
hungarian-194,2026-08-06,67.0,80.6,61.3,95.2,112.9,74.2,6046,53,0
hungarian-194,2026-08-07,68.0,79.7,29.8,94.7,133.2,83.9,5147,53,0
hungarian-195,2026-08-01,65.3,80.2,44.4,95.7,135.9,85.3,7381,67,0
hungarian-195,2026-08-02,74.0,83.8,35.9,95.8,144.9,94.7,3351,28,0
hungarian-195,2026-08-03,69.9,85.3,37.9,95.8,130.6,87.9,5861,58,0
hungarian-195,2026-08-04,68.0,75.1,46.0,96.6,123.4,81.7,5308,46,0
hungarian-195,2026-08-05,74.5,86.1,40.0,97.1,134.9,91.0,6108,49,0
hungarian-195,2026-08-06,72.9,85.9,54.4,94.3,129.6,81.0,9649,85,0
hungarian-195,2026-08-07,66.5,73.9,30.0,94.8,135.0,83.8,4260,36,0
hungarian-196,2026-08-01,70.8,77.6,38.4,95.8,140.7,89.6,3776,39,0
hungarian-196,2026-08-02,62.2,67.5,53.6,97.5,128.6,78.6,2556,27,0
hungarian-196,2026-08-03,70.3,79.1,31.8,96.6,124.0,75.1,4589,29,0
hungarian-196,2026-08-04,67.4,80.0,45.1,96.4,138.0,90.6,6515,57,0
hungarian-196,2026-08-05,65.2,74.1,52.7,96.5,117.0,77.6,7128,56,0
hungarian-196,2026-08-06,68.1,92.8,51.6,97.5,125.6,83.1,9470,88,0
hungarian-196,2026-08-07,76.6,81.8,43.1,95.7,139.5,86.6,5612,53,0
hungarian-197,2026-08-01,72.3,82.8,50.9,96.4,136.2,83.4,7489,60,0
hungarian-197,2026-08-02,70.2,80.2,26.1,94.7,133.6,86.1,5010,42,1
hungarian-197,2026-08-03,73.0,79.6,41.2,94.9,146.5,99.6,4045,38,0
hungarian-197,2026-08-04,65.9,77.3,49.9,97.2,125.2,77.8,7953,67,0
hungarian-197,2026-08-05,68.8,74.8,30.3,95.7,149.5,92.6,4618,37,0
hungarian-197,2026-08-06,72.8,78.4,54.7,97.0,121.9,73.8,4511,38,0
hungarian-197,2026-08-07,72.0,74.5,44.0,97.2,136.0,82.1,6104,47,0
hungarian-198,2026-08-01,73.8,86.0,42.8,95.6,122.2,77.7,6561,61,0
hungarian-198,2026-08-02,65.3,70.1,44.3,95.5,130.4,79.6,6746,61,0
hungarian-198,2026-08-03,65.7,74.3,41.1,94.6,138.2,93.0,4818,44,0
hungarian-198,2026-08-04,68.9,84.8,42.1,96.3,136.2,92.1,4690,43,0
hungarian-198,2026-08-05,70.0,83.6,42.2,94.7,127.8,78.1,6635,63,0
hungarian-198,2026-08-06,65.8,72.5,46.2,96.0,135.4,82.8,3959,29,0
hungarian-198,2026-08-07,69.2,81.0,42.1,95.3,138.8,91.6,5016,49,0
hungarian-199,2026-08-01,70.1,79.0,34.2,96.1,106.1,68.1,6911,62,1
hungarian-199,2026-08-02,74.5,84.0,37.7,95.7,116.7,75.2,3165,32,0
hungarian-199,2026-08-03,65.6,72.3,51.9,96.0,135.3,90.5,5977,53,0
hungarian-199,2026-08-04,76.9,84.0,50.0,96.9,150.4,91.2,3722,31,0
hungarian-199,2026-08-05,65.8,74.8,41.9,95.9,142.1,89.6,2201,21,0
hungarian-199,2026-08-06,73.8,81.2,37.9,96.6,127.8,80.2,5200,49,0
hungarian-199,2026-08-07,71.8,81.8,45.4,96.1,142.9,88.7,6136,54,1
hungarian-200,2026-08-01,75.0,86.4,44.6,98.3,141.2,89.5,7022,52,0
hungarian-200,2026-08-02,70.2,91.0,41.6,95.1,130.6,80.5,7429,75,0
hungarian-200,2026-08-03,67.2,82.6,35.9,95.0,125.5,83.1,7204,61,0
hungarian-200,2026-08-04,71.0,80.2,51.7,94.6,129.5,77.9,6031,61,1
hungarian-200,2026-08-05,69.6,85.8,37.8,95.0,130.2,83.5,8235,69,1
hungarian-200,2026-08-06,67.8,75.3,44.0,96.6,138.2,83.0,4408,43,0
hungarian-200,2026-08-07,70.6,77.5,48.7,97.9,127.9,83.2,2958,34,0
hungarian-201,2026-08-01,73.2,84.0,41.6,96.1,128.4,84.6,6700,64,0
hungarian-201,2026-08-02,69.7,76.4,47.6,96.5,128.0,85.4,3790,31,0
hungarian-201,2026-08-03,66.3,77.3,53.6,97.4,155.6,103.0,6700,60,1
hungarian-201,2026-08-04,75.6,82.6,47.5,95.2,138.5,84.0,4955,53,1
hungarian-201,2026-08-05,72.4,79.4,37.5,96.1,128.8,78.8,5671,49,0
hungarian-201,2026-08-06,64.9,78.5,31.0,94.7,150.0,98.8,6612,60,0
hungarian-201,2026-08-07,71.8,73.3,54.3,96.0,140.4,89.5,3862,35,1
hungarian-202,2026-08-01,69.5,83.5,37.4,95.6,140.4,91.8,8752,82,0
hungarian-202,2026-08-02,74.6,79.8,43.1,95.0,155.9,100.7,3159,29,1
hungarian-202,2026-08-03,62.4,72.2,30.6,96.1,128.3,78.5,6102,53,0
hungarian-202,2026-08-04,67.1,79.9,35.0,94.7,128.3,86.1,6556,55,0
hungarian-202,2026-08-05,65.1,71.5,41.5,97.2,118.7,74.6,4306,30,0
hungarian-202,2026-08-06,69.5,84.4,42.6,98.1,137.6,85.2,7681,70,0
hungarian-202,2026-08-07,71.6,83.6,44.6,95.6,123.3,78.6,7157,57,0
hungarian-203,2026-08-01,74.3,74.4,34.6,97.0,135.9,87.5,3749,12,1
hungarian-203,2026-08-02,69.8,66.8,45.4,97.1,132.8,89.9,1468,5,0
hungarian-203,2026-08-03,69.4,73.8,35.9,95.4,128.7,78.0,5573,55,0
hungarian-203,2026-08-04,68.7,70.3,37.9,97.4,132.2,82.5,3572,32,1
hungarian-203,2026-08-05,72.2,73.7,49.0,95.2,131.0,88.7,4947,40,0
hungarian-203,2026-08-06,70.5,75.4,39.0,96.6,143.3,86.7,2550,25,1
hungarian-203,2026-08-07,75.5,81.4,43.8,96.1,137.2,82.9,4163,33,0
hungarian-204,2026-08-01,70.5,83.5,40.9,95.9,132.5,84.5,7098,64,0
hungarian-204,2026-08-02,68.3,75.9,32.4,96.2,139.5,89.8,6894,59,0
hungarian-204,2026-08-03,73.0,76.0,32.8,94.1,137.0,90.8,2296,21,1
hungarian-204,2026-08-04,71.0,80.5,44.8,96.0,130.4,80.5,7350,70,0
hungarian-204,2026-08-05,65.9,79.2,48.6,94.3,142.8,94.7,5669,49,0
hungarian-204,2026-08-06,64.9,73.8,30.5,94.4,146.6,98.9,7360,66,0
hungarian-204,2026-08-07,66.7,71.5,39.8,97.4,148.2,98.4,1379,6,0
hungarian-205,2026-08-01,69.4,78.5,36.4,95.2,125.2,84.6,8453,72,0
hungarian-205,2026-08-02,70.2,78.4,44.8,96.9,125.5,75.8,4724,45,0
hungarian-205,2026-08-03,61.4,66.2,45.7,95.2,136.7,89.8,3914,30,1
hungarian-205,2026-08-04,66.6,72.3,40.7,96.2,140.2,85.9,3660,32,0
hungarian-205,2026-08-05,68.0,74.8,42.4,95.1,134.9,90.5,5299,54,0
hungarian-205,2026-08-06,68.4,81.3,30.6,93.0,151.7,102.4,6560,58,1
hungarian-205,2026-08-07,74.1,84.3,41.3,96.0,136.4,92.2,5661,46,1
hungarian-206,2026-08-01,70.2,81.4,39.4,94.9,136.9,92.5,4908,41,0
hungarian-206,2026-08-02,66.2,74.0,39.8,95.7,140.2,90.0,4662,42,0
hungarian-206,2026-08-03,67.6,76.3,41.9,96.5,139.9,90.0,7822,60,0
hungarian-206,2026-08-04,67.3,83.0,32.3,95.5,128.9,84.2,6987,63,0
hungarian-206,2026-08-05,71.1,85.1,50.6,97.0,148.9,94.5,7010,61,0
hungarian-206,2026-08-06,67.6,75.2,25.0,97.8,140.4,94.2,5068,35,0
hungarian-206,2026-08-07,71.0,81.8,40.0,92.6,140.4,87.2,5941,53,0
hungarian-207,2026-08-01,72.0,81.6,43.3,96.3,152.9,103.6,4640,50,0
hungarian-207,2026-08-02,71.5,84.5,37.6,97.0,140.9,93.8,5627,46,0
hungarian-207,2026-08-03,78.4,97.8,42.3,95.5,139.1,92.5,9536,92,0
hungarian-207,2026-08-04,69.0,81.6,30.6,93.8,137.0,83.9,6249,56,1
hungarian-207,2026-08-05,65.1,78.6,46.4,95.6,140.9,92.7,7167,65,0
hungarian-207,2026-08-06,64.9,73.4,31.8,95.7,124.3,76.1,4727,43,0
hungarian-207,2026-08-07,73.2,86.9,38.9,95.7,135.8,86.9,9848,82,0
hungarian-208,2026-08-01,72.0,79.4,41.3,95.4,144.3,88.2,7003,69,0
hungarian-208,2026-08-02,65.8,79.6,41.4,95.9,136.0,92.0,7169,58,0
hungarian-208,2026-08-03,70.9,80.9,53.9,98.4,121.7,76.6,4374,51,0
hungarian-208,2026-08-04,72.1,79.3,29.9,94.1,130.7,82.2,5778,57,0
hungarian-208,2026-08-05,74.1,88.3,30.7,95.9,128.3,81.5,6032,58,0
hungarian-208,2026-08-06,75.0,94.6,34.7,96.6,118.5,79.0,9483,89,0
hungarian-208,2026-08-07,66.6,78.8,37.3,95.9,153.5,96.2,5511,50,0
hungarian-209,2026-08-01,63.3,76.5,45.4,96.1,124.4,79.5,6923,60,0
hungarian-209,2026-08-02,70.8,81.8,34.7,95.9,141.4,93.6,4715,45,0
hungarian-209,2026-08-03,70.8,87.1,35.3,96.0,149.2,89.7,9210,84,1
hungarian-209,2026-08-04,71.5,83.0,42.0,95.0,134.2,89.0,7168,55,0
hungarian-209,2026-08-05,72.7,87.0,36.3,94.2,144.7,95.4,5258,51,1
hungarian-209,2026-08-06,68.9,82.6,48.1,97.2,147.8,91.6,7308,63,0
hungarian-209,2026-08-07,63.0,67.9,38.7,94.0,131.6,86.1,6104,51,0
hungarian-210,2026-08-01,68.7,81.8,35.6,95.0,146.8,91.2,4166,28,0
hungarian-210,2026-08-02,76.9,84.5,33.5,95.5,140.1,93.8,3489,39,0
hungarian-210,2026-08-03,74.9,89.0,34.5,94.0,126.3,78.8,5665,52,1
hungarian-210,2026-08-04,69.2,82.6,49.1,97.0,134.6,83.7,4414,34,1
hungarian-210,2026-08-05,72.3,88.6,27.0,96.7,125.6,85.3,8505,80,0
hungarian-210,2026-08-06,70.9,82.7,42.4,96.1,145.3,90.9,8020,70,1
hungarian-210,2026-08-07,72.8,78.2,25.2,95.5,117.0,70.5,4131,39,0
hungarian-211,2026-08-01,76.3,70.2,55.6,95.1,145.7,89.1,2140,15,0
hungarian-211,2026-08-02,66.8,71.2,40.2,98.6,150.8,93.8,3454,37,0
hungarian-211,2026-08-03,82.0,95.3,44.5,97.2,146.1,89.8,5792,47,0
hungarian-211,2026-08-04,73.9,78.0,48.2,95.5,130.0,80.7,3663,34,0
hungarian-211,2026-08-05,73.3,82.9,44.0,95.7,121.7,82.6,4462,50,0
hungarian-211,2026-08-06,69.4,74.6,41.0,99.5,133.4,87.7,5433,55,0
hungarian-211,2026-08-07,72.5,75.2,37.0,96.9,137.8,91.7,908,17,0
hungarian-212,2026-08-01,69.0,78.5,50.8,95.5,142.3,90.0,3011,31,0
hungarian-212,2026-08-02,70.9,76.3,39.9,96.4,154.2,99.0,4675,41,0
hungarian-212,2026-08-03,71.6,83.5,43.3,96.0,135.9,82.1,5724,52,1
hungarian-212,2026-08-04,72.7,85.5,49.7,96.6,140.8,89.9,7166,63,0
hungarian-212,2026-08-05,79.5,89.0,19.3,97.5,140.3,85.3,8935,83,0
hungarian-212,2026-08-06,73.2,83.1,52.8,95.6,112.7,69.5,6166,44,0
hungarian-212,2026-08-07,69.8,80.6,32.5,95.4,133.6,87.4,6689,50,1
hungarian-213,2026-08-01,71.9,85.6,35.5,97.4,148.8,99.1,5075,49,1
hungarian-213,2026-08-02,67.1,77.3,40.9,94.9,119.2,77.3,5975,62,0
hungarian-213,2026-08-03,71.9,79.4,33.6,95.3,139.8,85.2,3843,33,0
hungarian-213,2026-08-04,70.7,88.4,28.4,95.3,143.8,86.4,8229,74,0
hungarian-213,2026-08-05,71.2,77.0,28.2,95.9,132.0,82.6,5505,42,0
hungarian-213,2026-08-06,70.2,75.9,32.6,95.3,138.0,84.5,5233,41,0
hungarian-213,2026-08-07,68.5,77.8,21.9,96.3,130.4,85.1,5063,48,0
hungarian-214,2026-08-01,75.8,86.0,21.0,94.7,129.3,83.9,4362,36,0
hungarian-214,2026-08-02,70.4,75.4,35.7,94.9,144.8,95.0,3043,35,0
hungarian-214,2026-08-03,73.1,85.4,43.2,95.9,133.6,83.4,4103,36,0
hungarian-214,2026-08-04,69.4,86.4,47.0,96.5,144.8,89.6,5803,51,0
hungarian-214,2026-08-05,71.2,84.4,41.0,96.1,143.0,91.1,7682,63,0
hungarian-214,2026-08-06,71.4,78.9,46.7,94.3,135.2,83.2,4722,35,0
hungarian-214,2026-08-07,74.2,81.9,48.6,96.0,144.8,92.6,3565,39,0
hungarian-215,2026-08-01,72.6,83.1,37.8,94.6,127.1,77.1,5681,59,0
hungarian-215,2026-08-02,64.7,77.0,46.1,96.4,133.3,83.3,7208,64,0
hungarian-215,2026-08-03,69.8,83.8,42.8,94.6,137.7,85.2,5027,50,0
hungarian-215,2026-08-04,69.3,78.4,38.1,96.3,132.8,81.4,4166,50,1
hungarian-215,2026-08-05,67.9,78.8,52.0,95.6,137.5,88.8,7189,72,0
hungarian-215,2026-08-06,66.1,78.8,43.5,95.7,149.0,92.6,6856,68,0
hungarian-215,2026-08-07,67.0,84.4,36.0,97.9,143.8,97.6,8116,75,0
hungarian-216,2026-08-01,73.2,84.1,22.1,97.1,117.0,75.8,5314,52,0
hungarian-216,2026-08-02,71.6,77.8,40.3,96.4,154.2,103.9,2764,22,1
hungarian-216,2026-08-03,68.7,78.8,56.0,96.2,141.0,91.5,7142,62,0
hungarian-216,2026-08-04,77.1,88.5,41.8,95.1,132.5,85.3,4709,45,1
hungarian-216,2026-08-05,76.6,91.1,31.2,95.6,151.1,94.2,6022,58,0
hungarian-216,2026-08-06,77.8,87.1,38.9,95.3,135.0,82.4,5039,40,0
hungarian-216,2026-08-07,71.9,88.7,39.2,96.1,144.9,95.1,9135,80,0
hungarian-217,2026-08-01,72.5,79.0,27.2,94.8,137.8,91.9,4443,37,0
hungarian-217,2026-08-02,67.5,73.6,44.3,95.4,133.7,83.5,4551,36,0
hungarian-217,2026-08-03,73.4,88.7,12.5,96.9,143.3,94.5,8972,86,1
hungarian-217,2026-08-04,67.1,69.7,22.1,97.9,143.2,95.3,2605,26,1
hungarian-217,2026-08-05,79.7,76.4,54.5,96.1,136.4,92.2,4034,25,0
hungarian-217,2026-08-06,75.4,85.3,37.5,96.8,145.9,97.4,5380,50,0
hungarian-217,2026-08-07,65.6,71.7,46.7,95.6,133.8,84.8,2632,23,1
hungarian-218,2026-08-01,76.0,86.0,34.4,94.5,150.1,96.5,6598,64,0
hungarian-218,2026-08-02,76.0,82.1,52.0,96.1,132.1,89.7,3917,37,0
hungarian-218,2026-08-03,68.1,78.6,34.4,95.4,143.7,90.7,6629,56,1
hungarian-218,2026-08-04,75.3,85.9,25.8,96.3,130.4,81.6,8393,63,1
hungarian-218,2026-08-05,71.8,74.5,44.9,96.1,133.0,81.1,2905,22,0
hungarian-218,2026-08-06,71.2,82.5,32.1,95.0,131.4,83.2,3698,36,0
hungarian-218,2026-08-07,76.3,87.1,42.9,96.2,151.5,98.6,5768,53,0
hungarian-219,2026-08-01,72.2,79.6,40.7,95.3,132.3,85.0,4343,44,0
hungarian-219,2026-08-02,73.1,77.3,33.5,97.3,144.6,92.6,4853,44,0
hungarian-219,2026-08-03,73.9,83.6,24.3,95.3,134.5,87.3,6212,61,0
hungarian-219,2026-08-04,65.0,74.8,34.4,96.5,125.2,76.4,4406,42,0
hungarian-219,2026-08-05,68.7,82.2,31.3,95.7,135.1,87.1,4038,44,0
hungarian-219,2026-08-06,70.6,78.8,32.7,96.3,142.4,91.3,4292,40,0
hungarian-219,2026-08-07,72.5,78.9,32.2,95.2,138.0,83.1,3680,38,0
hungarian-220,2026-08-01,74.8,85.1,29.7,97.2,132.1,85.8,5317,51,1
hungarian-220,2026-08-02,71.4,84.5,28.9,96.3,147.7,92.2,7682,72,1
hungarian-220,2026-08-03,79.8,89.9,43.8,97.1,136.2,89.1,5538,49,0
hungarian-220,2026-08-04,78.7,91.7,34.3,94.7,153.3,100.9,5630,60,0
hungarian-220,2026-08-05,67.1,74.8,25.7,96.0,134.3,84.0,4717,47,0
hungarian-220,2026-08-06,70.4,90.8,43.7,95.9,141.0,87.2,10027,94,0
hungarian-220,2026-08-07,73.8,91.3,36.8,96.9,135.0,81.4,5999,64,0
hungarian-221,2026-08-01,75.4,91.2,32.5,96.7,131.8,80.6,8066,76,0
hungarian-221,2026-08-02,72.1,77.1,18.7,94.7,144.3,93.5,4671,36,0
hungarian-221,2026-08-03,76.1,85.7,44.9,95.3,141.5,93.1,4966,49,0
hungarian-221,2026-08-04,75.8,85.9,37.9,95.8,133.9,88.3,2533,28,0
hungarian-221,2026-08-05,72.7,76.8,23.4,95.0,141.1,87.8,1415,21,0
hungarian-221,2026-08-06,73.0,81.5,35.3,96.4,135.7,87.1,6563,53,0
hungarian-221,2026-08-07,70.2,78.4,35.3,95.5,135.1,90.8,2599,25,0
hungarian-222,2026-08-01,76.4,81.5,31.7,95.4,142.7,91.6,4617,45,1
hungarian-222,2026-08-02,76.5,81.2,43.3,96.8,148.2,96.7,1750,14,0
hungarian-222,2026-08-03,70.5,77.2,27.9,95.1,134.1,81.4,3871,35,0
hungarian-222,2026-08-04,69.8,89.8,31.0,95.4,145.3,87.2,10520,93,0
hungarian-222,2026-08-05,71.3,74.3,48.1,97.0,123.2,78.2,4574,38,0
hungarian-222,2026-08-06,65.1,81.6,36.6,96.7,146.9,90.0,7539,70,0
hungarian-222,2026-08-07,78.7,86.0,35.6,97.6,151.2,90.9,5550,49,0
hungarian-223,2026-08-01,74.9,81.2,22.3,95.9,147.1,99.2,6080,47,0
hungarian-223,2026-08-02,78.3,80.4,30.4,97.1,133.6,86.1,3082,27,0
hungarian-223,2026-08-03,79.6,89.3,46.8,95.3,125.3,78.7,4621,39,0
hungarian-223,2026-08-04,77.4,78.5,32.2,97.0,130.7,86.1,3292,24,0
hungarian-223,2026-08-05,71.7,70.0,36.4,96.5,124.1,78.8,2605,20,0
hungarian-223,2026-08-06,66.0,80.1,25.6,94.9,138.1,92.6,6236,56,0
hungarian-223,2026-08-07,69.0,82.2,29.9,97.5,150.3,94.3,6494,61,0
hungarian-224,2026-08-01,80.0,94.2,30.5,96.2,124.6,78.2,7907,74,1
hungarian-224,2026-08-02,67.8,80.1,30.8,94.5,137.3,90.6,5455,57,0
hungarian-224,2026-08-03,81.0,85.6,27.5,96.2,140.9,93.2,4726,43,0
hungarian-224,2026-08-04,75.8,84.1,34.6,97.8,130.4,85.2,3640,35,0
hungarian-224,2026-08-05,67.5,79.8,46.9,95.7,158.0,107.2,4243,37,0
hungarian-224,2026-08-06,72.1,73.1,46.5,97.0,150.8,91.0,3429,25,0
hungarian-224,2026-08-07,73.2,87.7,25.0,97.0,135.7,87.6,8362,69,0
hungarian-225,2026-08-01,70.5,75.7,21.8,96.1,132.6,82.0,4465,39,0
hungarian-225,2026-08-02,76.4,87.0,28.0,94.6,123.5,77.4,6186,61,0
hungarian-225,2026-08-03,77.6,86.3,32.9,95.6,131.7,87.3,5556,48,0
hungarian-225,2026-08-04,76.7,87.0,22.5,94.9,130.7,85.2,5117,41,0
hungarian-225,2026-08-05,75.2,86.6,42.5,95.1,132.5,81.2,4480,36,0
hungarian-225,2026-08-06,76.3,84.4,28.1,97.7,139.1,87.2,3500,32,0
hungarian-225,2026-08-07,71.7,82.7,35.1,96.6,127.8,77.8,2757,29,0
hungarian-226,2026-08-01,63.7,74.5,57.3,95.4,128.9,83.6,8365,80,0
hungarian-226,2026-08-02,73.0,86.8,47.6,95.2,129.1,78.5,8784,79,1
hungarian-226,2026-08-03,73.9,88.0,55.6,96.2,127.5,82.3,8956,74,0
hungarian-226,2026-08-04,68.8,79.0,41.1,96.2,135.6,84.8,6198,58,0
hungarian-226,2026-08-05,66.4,79.5,37.3,96.9,123.4,75.4,5361,45,1
hungarian-226,2026-08-06,65.9,76.3,38.9,96.3,139.7,90.4,5733,50,0
hungarian-226,2026-08-07,65.5,76.6,56.7,96.0,137.1,90.9,6762,56,0
hungarian-227,2026-08-01,75.8,84.9,44.2,95.6,113.8,73.2,5623,49,0
hungarian-227,2026-08-02,65.4,79.0,45.1,95.9,125.8,82.9,7111,60,0
hungarian-227,2026-08-03,66.8,81.8,53.6,96.4,136.2,92.4,6865,61,0
hungarian-227,2026-08-04,66.8,69.3,42.2,96.5,130.8,79.7,2300,20,0
hungarian-227,2026-08-05,65.1,78.8,44.0,97.3,135.0,90.2,5091,48,0
hungarian-227,2026-08-06,69.6,77.6,40.0,96.6,141.9,95.4,5352,41,0
hungarian-227,2026-08-07,70.4,79.6,43.9,97.6,127.5,85.2,3708,30,0
hungarian-228,2026-08-01,64.9,73.8,45.9,96.8,120.1,77.8,4304,42,0
hungarian-228,2026-08-02,72.6,86.1,43.6,95.9,119.5,79.3,9242,82,0
hungarian-228,2026-08-03,70.1,82.3,49.7,96.6,127.9,77.9,7186,63,0
hungarian-228,2026-08-04,73.9,84.9,30.5,96.1,133.7,84.5,4683,47,0
hungarian-228,2026-08-05,67.3,74.8,43.7,96.3,142.1,95.7,5888,48,0
hungarian-228,2026-08-06,74.1,81.2,31.0,94.8,140.8,86.8,3694,39,0
hungarian-228,2026-08-07,75.1,87.0,34.1,94.7,148.7,89.5,6943,61,0
hungarian-229,2026-08-01,71.0,76.3,48.9,96.2,143.8,95.5,3787,33,1
hungarian-229,2026-08-02,71.6,82.1,43.3,97.0,117.5,72.1,4742,44,0
hungarian-229,2026-08-03,64.5,74.2,45.5,96.1,121.0,78.9,6348,65,0
hungarian-229,2026-08-04,65.4,75.2,32.1,94.8,139.7,85.4,5108,48,0
hungarian-229,2026-08-05,68.5,75.1,34.0,97.7,146.9,96.2,4704,39,1
hungarian-229,2026-08-06,69.7,79.9,37.9,96.4,127.6,78.9,5907,51,0
hungarian-229,2026-08-07,66.2,75.9,41.9,94.5,120.9,74.0,6487,62,0
hungarian-230,2026-08-01,69.2,81.6,28.7,97.2,133.4,80.2,6211,48,0
hungarian-230,2026-08-02,70.8,80.4,44.9,95.7,142.8,91.9,5481,49,0
hungarian-230,2026-08-03,79.0,85.3,40.3,96.5,127.8,83.8,4608,57,0
hungarian-230,2026-08-04,74.2,79.6,32.2,98.3,126.6,81.3,3206,28,0
hungarian-230,2026-08-05,80.0,93.5,37.1,93.2,140.8,94.8,8813,79,0
hungarian-230,2026-08-06,72.7,79.0,39.0,97.5,133.1,85.0,3055,19,0
hungarian-230,2026-08-07,69.1,79.9,33.1,94.9,140.7,84.5,3631,36,0
hungarian-231,2026-08-01,74.5,89.5,32.5,96.6,137.0,84.6,9145,84,0
hungarian-231,2026-08-02,67.0,77.4,31.2,95.6,132.1,85.0,7702,66,0
hungarian-231,2026-08-03,65.4,73.7,48.7,96.3,141.7,86.1,4850,51,0
hungarian-231,2026-08-04,72.0,85.0,41.7,96.1,144.6,91.5,6013,61,0
hungarian-231,2026-08-05,64.8,82.4,70.3,94.4,130.6,80.7,9244,81,0
hungarian-231,2026-08-06,66.3,80.7,45.1,95.3,137.4,88.6,8882,74,0
hungarian-231,2026-08-07,70.5,77.5,61.1,95.8,112.8,70.1,5236,46,0
hungarian-232,2026-08-01,79.3,91.9,42.7,95.8,154.9,96.7,6489,52,0
hungarian-232,2026-08-02,72.5,89.2,55.8,96.1,116.0,74.3,6269,61,0
hungarian-232,2026-08-03,70.1,76.2,34.9,94.9,130.9,80.2,2977,22,1
hungarian-232,2026-08-04,72.1,83.6,33.6,96.3,128.8,86.3,7125,61,0
hungarian-232,2026-08-05,72.8,86.3,42.8,96.5,130.8,79.8,6155,63,0
hungarian-232,2026-08-06,71.7,83.8,38.8,94.0,119.1,71.6,5437,47,1
hungarian-232,2026-08-07,65.1,65.7,33.5,95.4,135.2,82.3,1549,1,0
hungarian-233,2026-08-01,62.6,73.7,45.1,97.5,134.9,82.7,5903,42,0
hungarian-233,2026-08-02,78.0,90.8,36.6,94.9,148.0,93.7,6979,60,0
hungarian-233,2026-08-03,70.6,79.2,37.4,98.3,140.7,86.9,5402,50,0
hungarian-233,2026-08-04,73.3,86.8,32.5,96.6,126.3,85.1,7126,67,0
hungarian-233,2026-08-05,71.0,79.4,33.8,94.5,140.9,91.4,6492,60,0
hungarian-233,2026-08-06,72.6,75.4,46.2,97.0,150.0,101.6,3084,28,0
hungarian-233,2026-08-07,75.5,93.5,32.1,96.0,121.1,78.7,7534,74,1
hungarian-234,2026-08-01,75.4,79.2,42.9,95.6,139.7,86.4,2925,21,0
hungarian-234,2026-08-02,66.0,76.6,36.1,97.0,145.0,97.4,5639,61,0
hungarian-234,2026-08-03,68.6,75.6,29.2,97.2,133.5,86.5,4871,50,0
hungarian-234,2026-08-04,74.5,83.2,25.1,95.5,145.4,93.8,6602,58,0
hungarian-234,2026-08-05,69.2,79.5,36.4,95.8,144.2,96.4,7163,65,0
hungarian-234,2026-08-06,77.6,90.9,47.5,96.2,131.8,81.5,7393,68,1
hungarian-234,2026-08-07,81.3,91.7,32.3,95.0,137.7,85.6,7156,70,0
hungarian-235,2026-08-01,67.4,68.7,45.7,96.4,132.9,85.3,3287,26,0
hungarian-235,2026-08-02,71.5,80.5,31.6,96.4,145.8,94.7,4727,45,0
hungarian-235,2026-08-03,69.2,76.7,35.7,95.8,135.1,83.7,4939,36,1
hungarian-235,2026-08-04,70.3,74.1,35.9,95.7,141.5,95.3,2586,20,1
hungarian-235,2026-08-05,68.6,79.5,37.1,96.0,129.3,77.6,6155,50,0
hungarian-235,2026-08-06,66.7,83.1,34.1,97.4,120.8,76.7,5267,53,0
hungarian-235,2026-08-07,73.1,80.3,38.7,95.9,138.7,86.8,5228,49,1
hungarian-236,2026-08-01,64.0,72.0,40.2,97.3,134.3,81.1,2749,26,1
hungarian-236,2026-08-02,69.1,77.1,24.0,96.1,130.0,83.0,8224,65,0
hungarian-236,2026-08-03,69.4,77.5,35.3,96.3,138.6,93.8,4249,38,0
hungarian-236,2026-08-04,68.6,74.0,42.2,97.0,136.7,86.1,4891,41,0
hungarian-236,2026-08-05,72.8,88.1,32.3,95.9,134.5,91.3,6616,63,0
hungarian-236,2026-08-06,76.5,78.3,40.7,96.0,125.3,78.0,2136,18,0
hungarian-236,2026-08-07,65.4,77.2,45.1,96.6,151.5,98.2,5596,55,0
hungarian-237,2026-08-01,69.8,81.2,44.6,100.0,146.8,88.7,6185,58,0
hungarian-237,2026-08-02,70.3,81.8,31.4,96.5,141.8,85.3,5872,58,0
hungarian-237,2026-08-03,68.1,73.5,37.4,97.5,134.5,90.5,4730,40,0
hungarian-237,2026-08-04,68.9,78.0,49.6,95.9,135.8,87.1,5982,61,0
hungarian-237,2026-08-05,64.7,76.1,49.2,95.9,122.8,75.9,6780,53,1
hungarian-237,2026-08-06,70.2,78.4,34.1,95.0,131.9,80.0,4788,45,0
hungarian-237,2026-08-07,72.6,82.4,35.1,95.0,144.9,92.0,6216,56,0
hungarian-238,2026-08-01,76.7,86.2,43.8,96.1,151.3,101.1,3223,26,0
hungarian-238,2026-08-02,64.4,75.9,35.3,94.7,136.4,90.6,6981,64,0
hungarian-238,2026-08-03,74.0,90.4,57.5,94.8,151.0,102.2,6701,61,0
hungarian-238,2026-08-04,68.7,77.7,42.4,97.1,136.8,84.6,5018,46,0
hungarian-238,2026-08-05,76.5,86.7,19.8,96.1,137.7,88.0,5199,49,1
hungarian-238,2026-08-06,78.3,89.4,29.9,95.3,143.5,95.1,4715,42,0
hungarian-238,2026-08-07,68.4,76.2,40.7,96.0,141.0,86.2,3050,31,0
hungarian-239,2026-08-01,70.8,74.8,27.5,95.9,135.2,88.1,2361,16,1
hungarian-239,2026-08-02,68.2,72.6,49.5,98.4,136.7,91.5,5848,42,1
hungarian-239,2026-08-03,66.0,70.8,35.7,94.5,137.8,86.6,4031,36,0
hungarian-239,2026-08-04,68.2,80.6,44.3,94.6,134.3,90.4,6772,63,0
hungarian-239,2026-08-05,75.3,86.2,31.1,95.1,149.4,89.9,5847,56,0
hungarian-239,2026-08-06,72.6,76.4,37.9,95.1,127.4,85.4,2690,23,0
hungarian-239,2026-08-07,73.2,82.7,43.0,95.3,145.1,93.5,8290,72,0
hungarian-240,2026-08-01,73.3,86.9,47.7,96.3,158.3,96.7,7018,61,0
hungarian-240,2026-08-02,74.9,85.6,44.3,92.8,136.6,89.2,4454,39,0
hungarian-240,2026-08-03,69.5,84.3,26.3,97.5,131.4,84.3,8984,78,0
hungarian-240,2026-08-04,65.1,65.1,24.3,95.5,133.2,80.0,3374,32,0
hungarian-240,2026-08-05,73.0,88.5,40.7,95.8,131.3,80.4,7356,63,0
hungarian-240,2026-08-06,64.6,72.3,37.0,95.0,123.7,81.4,5986,55,1
hungarian-240,2026-08-07,66.3,76.3,38.7,95.3,146.7,97.2,5551,51,0
hungarian-241,2026-08-01,72.9,80.0,30.5,96.4,145.3,90.5,4452,41,1
hungarian-241,2026-08-02,71.0,83.0,36.8,94.8,149.9,98.6,3822,38,1
hungarian-241,2026-08-03,63.1,72.5,49.8,96.0,132.8,89.0,4425,55,1
hungarian-241,2026-08-04,76.9,79.0,48.0,97.1,133.7,84.6,1175,10,0
hungarian-241,2026-08-05,78.9,91.7,43.4,97.1,137.3,89.1,5110,52,1
hungarian-241,2026-08-06,65.5,76.1,46.4,96.4,143.8,96.7,5964,60,1
hungarian-241,2026-08-07,68.6,76.7,42.3,96.3,131.8,88.5,4066,35,0
hungarian-242,2026-08-01,64.2,76.4,40.3,95.7,134.0,88.3,4963,42,0
hungarian-242,2026-08-02,68.0,70.6,29.1,96.3,148.3,96.9,3074,25,0
hungarian-242,2026-08-03,70.1,71.9,26.0,96.6,149.1,94.1,5261,40,1
hungarian-242,2026-08-04,71.7,80.3,34.9,96.5,136.0,90.3,6615,58,0
hungarian-242,2026-08-05,77.6,89.6,29.8,94.5,138.9,84.4,5276,46,1
hungarian-242,2026-08-06,76.3,92.1,39.0,95.1,128.4,77.9,8634,77,0
hungarian-242,2026-08-07,72.9,83.6,31.4,96.7,133.9,83.6,5966,51,0
hungarian-243,2026-08-01,69.3,83.2,47.9,95.4,154.0,101.3,4336,46,0
hungarian-243,2026-08-02,67.5,67.9,38.0,96.0,130.0,82.7,3646,26,0
hungarian-243,2026-08-03,69.8,74.5,33.4,95.0,150.1,101.6,2877,24,0
hungarian-243,2026-08-04,69.1,76.8,49.7,95.3,128.7,87.2,3651,27,0
hungarian-243,2026-08-05,71.3,79.1,29.1,94.8,147.7,95.3,7329,59,0
hungarian-243,2026-08-06,70.8,75.1,26.4,97.1,138.4,87.6,1016,7,1
hungarian-243,2026-08-07,76.8,87.7,26.8,95.9,152.6,97.1,5533,53,1
hungarian-244,2026-08-01,68.3,71.2,38.9,95.9,124.8,84.4,3406,23,1
hungarian-244,2026-08-02,70.8,74.9,27.4,96.4,150.2,97.8,2445,17,0
hungarian-244,2026-08-03,66.9,74.2,24.2,96.1,157.2,95.7,6514,56,0
hungarian-244,2026-08-04,80.5,96.3,40.6,96.4,138.3,91.4,5657,54,0
hungarian-244,2026-08-05,72.4,88.8,36.6,97.0,159.4,108.2,6481,63,0
hungarian-244,2026-08-06,65.1,69.7,42.1,93.4,146.3,88.7,4060,23,0
hungarian-244,2026-08-07,71.6,78.0,32.4,95.1,137.3,90.0,6501,58,0
hungarian-245,2026-08-01,73.5,76.7,50.3,96.9,129.7,83.0,3336,37,0
hungarian-245,2026-08-02,74.9,83.9,49.0,97.9,149.2,91.1,6088,56,0
hungarian-245,2026-08-03,79.0,89.9,42.5,98.1,128.0,85.3,5792,56,0
hungarian-245,2026-08-04,75.0,79.1,26.2,96.8,147.4,94.7,1733,14,0
hungarian-245,2026-08-05,75.5,82.0,43.2,96.1,137.9,85.7,5037,39,0
hungarian-245,2026-08-06,77.5,90.4,42.9,97.5,125.1,76.6,8777,76,0
hungarian-245,2026-08-07,79.9,90.4,32.0,96.6,141.3,87.4,5016,42,1
hungarian-246,2026-08-01,70.5,84.9,34.6,98.5,131.3,80.8,7524,68,0
hungarian-246,2026-08-02,66.2,72.3,35.8,94.8,140.8,89.2,2933,30,0
hungarian-246,2026-08-03,67.1,78.5,39.0,94.3,139.8,93.7,6245,53,0
hungarian-246,2026-08-04,72.4,75.1,34.7,95.0,143.4,95.9,2910,21,0
hungarian-246,2026-08-05,74.9,77.3,38.2,96.1,137.6,86.5,1776,20,0
hungarian-246,2026-08-06,73.9,88.4,43.2,97.6,125.4,76.2,4930,42,0
hungarian-246,2026-08-07,70.2,80.0,45.0,96.0,133.9,83.5,5593,47,0
hungarian-247,2026-08-01,72.4,83.2,52.8,96.0,150.1,102.0,7745,80,0
hungarian-247,2026-08-02,71.6,80.3,37.9,95.6,133.1,87.5,5175,51,0
hungarian-247,2026-08-03,69.2,77.7,29.0,95.8,141.1,88.1,2854,25,0
hungarian-247,2026-08-04,77.1,94.3,33.5,96.7,136.0,84.9,7896,71,0
hungarian-247,2026-08-05,68.9,85.1,35.8,95.8,125.3,75.6,6184,60,0
hungarian-247,2026-08-06,69.6,76.9,33.9,96.8,141.5,90.6,3425,28,1
hungarian-247,2026-08-07,62.6,65.8,42.5,95.5,142.2,88.0,3176,20,0
hungarian-248,2026-08-01,72.0,85.0,41.0,96.3,138.7,85.1,6162,55,1
hungarian-248,2026-08-02,76.4,85.8,36.8,94.8,134.5,89.8,3573,34,0
hungarian-248,2026-08-03,68.7,76.3,36.1,94.6,133.9,81.5,4870,37,1
hungarian-248,2026-08-04,76.9,83.6,26.7,95.3,145.9,95.6,3847,32,0
hungarian-248,2026-08-05,74.3,80.7,45.3,95.6,125.5,84.0,5349,52,0
hungarian-248,2026-08-06,73.8,81.7,44.9,94.9,137.3,85.1,3692,32,0
hungarian-248,2026-08-07,77.4,92.6,35.3,97.3,144.5,91.9,8591,74,0
hungarian-249,2026-08-01,71.9,78.4,42.1,97.1,135.1,87.4,5041,41,1
hungarian-249,2026-08-02,74.2,74.8,43.0,95.7,147.6,97.4,4398,34,0
hungarian-249,2026-08-03,73.2,83.2,29.0,94.4,134.7,88.0,5657,51,0
hungarian-249,2026-08-04,74.8,81.6,34.9,95.9,147.8,94.1,4577,39,0
hungarian-249,2026-08-05,76.7,86.3,30.8,96.9,138.9,89.8,5863,57,0
hungarian-249,2026-08-06,72.9,83.8,21.0,95.5,127.8,83.6,5982,57,0
hungarian-249,2026-08-07,70.1,78.1,55.7,96.3,133.2,81.9,7142,61,0
hungarian-250,2026-08-01,77.4,87.6,30.6,95.9,124.1,76.3,4490,42,0
hungarian-250,2026-08-02,79.6,84.8,44.7,96.2,130.0,82.8,2293,21,0
hungarian-250,2026-08-03,73.5,80.8,44.4,97.1,129.5,83.4,4845,40,0
hungarian-250,2026-08-04,72.0,80.6,36.0,95.1,143.3,89.3,3492,25,0
hungarian-250,2026-08-05,73.4,82.5,33.1,97.0,143.0,91.7,6607,56,0
hungarian-250,2026-08-06,72.9,85.2,41.0,97.2,124.8,81.1,8286,72,0
hungarian-250,2026-08-07,72.9,79.2,40.6,96.6,129.4,82.8,5263,48,0
hungarian-251,2026-08-01,69.2,79.9,21.0,96.7,140.0,94.2,3902,38,0
hungarian-251,2026-08-02,75.7,80.6,39.0,94.6,137.8,84.0,3391,40,0
hungarian-251,2026-08-03,75.7,80.3,42.5,95.3,145.7,94.4,4098,43,0
hungarian-251,2026-08-04,73.6,92.4,30.2,96.2,138.9,94.0,8180,87,0
hungarian-251,2026-08-05,74.2,75.5,34.1,94.4,138.3,89.4,2228,15,0
hungarian-251,2026-08-06,82.0,98.4,29.5,96.1,138.8,89.7,4779,41,0
hungarian-251,2026-08-07,70.6,72.4,45.4,96.3,139.3,88.0,4414,34,1
hungarian-252,2026-08-01,69.1,79.2,48.9,95.1,124.6,76.8,5098,50,0
hungarian-252,2026-08-02,72.9,79.3,45.2,96.8,132.0,82.7,6279,66,0
hungarian-252,2026-08-03,63.8,79.0,41.7,96.1,141.2,90.5,8102,79,0
hungarian-252,2026-08-04,68.6,70.1,38.0,94.8,146.3,93.9,1271,14,0
hungarian-252,2026-08-05,69.0,81.7,39.2,98.7,149.5,100.6,6064,60,0
hungarian-252,2026-08-06,72.1,70.5,42.9,96.9,130.7,82.4,3867,30,0
hungarian-252,2026-08-07,72.8,83.6,50.6,94.9,138.5,92.8,6957,59,0
hungarian-253,2026-08-01,67.3,76.8,41.2,96.2,119.8,76.4,5828,60,0
hungarian-253,2026-08-02,68.0,77.8,37.6,95.1,125.6,83.3,7426,63,1
hungarian-253,2026-08-03,70.2,85.0,40.7,96.3,125.9,82.6,7315,65,0
hungarian-253,2026-08-04,73.6,80.7,30.2,95.9,144.4,90.0,5871,45,0
hungarian-253,2026-08-05,64.5,77.8,47.5,95.9,117.2,77.7,5024,45,0
hungarian-253,2026-08-06,64.7,80.8,29.3,95.7,136.1,89.5,8653,87,0
hungarian-253,2026-08-07,71.9,79.2,32.5,94.1,136.3,92.1,4007,33,1
hungarian-254,2026-08-01,70.4,76.0,36.5,93.9,139.4,86.5,4505,46,0
hungarian-254,2026-08-02,69.4,79.8,36.4,96.6,139.4,90.3,6399,57,1
hungarian-254,2026-08-03,69.6,74.6,41.2,96.5,136.5,90.1,3906,37,0
hungarian-254,2026-08-04,65.9,76.8,44.4,95.5,145.0,92.3,5491,57,0
hungarian-254,2026-08-05,67.4,88.7,44.1,95.1,135.4,82.7,7076,60,0
hungarian-254,2026-08-06,71.3,79.4,43.2,96.5,130.6,87.9,4478,50,0
hungarian-254,2026-08-07,67.7,75.0,34.4,94.6,141.3,93.7,4060,32,0
hungarian-255,2026-08-01,70.5,84.3,34.8,96.4,129.3,79.0,5243,39,1
hungarian-255,2026-08-02,71.1,72.7,43.6,98.1,145.5,97.9,4220,35,1
hungarian-255,2026-08-03,73.0,84.3,45.9,96.6,130.6,82.6,6978,52,0
hungarian-255,2026-08-04,69.2,78.3,20.7,95.2,118.9,78.0,3291,34,0
hungarian-255,2026-08-05,75.3,85.0,36.3,96.1,155.0,101.1,6544,55,0
hungarian-255,2026-08-06,77.1,86.5,28.4,96.9,140.5,93.7,7551,67,0
hungarian-255,2026-08-07,67.1,80.6,39.2,95.5,127.3,85.0,6929,64,1
hungarian-256,2026-08-01,70.9,72.2,34.3,95.2,151.1,98.0,4394,32,0
hungarian-256,2026-08-02,71.1,86.4,41.1,96.1,138.8,92.4,8118,72,0
hungarian-256,2026-08-03,71.9,77.0,56.8,95.0,125.7,77.4,4805,41,0
hungarian-256,2026-08-04,76.9,91.3,39.0,95.9,138.8,85.2,7876,72,0
hungarian-256,2026-08-05,73.6,82.7,33.4,95.1,137.5,86.3,6712,60,0
hungarian-256,2026-08-06,70.4,74.0,37.8,96.6,131.7,83.7,4222,35,0
hungarian-256,2026-08-07,74.5,83.0,45.5,95.2,143.7,93.7,4822,37,0
hungarian-257,2026-08-01,70.9,72.3,47.8,95.8,144.3,95.4,1030,5,0
hungarian-257,2026-08-02,70.2,70.8,40.0,95.4,150.0,100.2,4142,30,0
hungarian-257,2026-08-03,71.3,77.6,33.5,96.3,124.9,79.5,4671,37,1
hungarian-257,2026-08-04,72.3,78.2,49.1,97.1,137.4,92.5,4336,30,0
hungarian-257,2026-08-05,75.7,88.6,38.2,96.7,131.7,80.7,6448,60,1
hungarian-257,2026-08-06,74.0,78.1,45.0,93.8,133.7,82.3,3524,23,0
hungarian-257,2026-08-07,69.0,69.7,50.1,97.8,118.7,79.7,1252,14,0
hungarian-258,2026-08-01,75.5,84.3,28.8,94.4,115.8,71.3,7183,63,0
hungarian-258,2026-08-02,82.0,86.9,37.6,94.8,147.4,96.8,4654,29,1
hungarian-258,2026-08-03,76.0,85.2,31.6,96.8,135.3,81.3,6254,56,0
hungarian-258,2026-08-04,73.0,82.3,24.2,97.7,137.4,90.0,5793,49,0
hungarian-258,2026-08-05,72.5,81.5,38.8,96.2,149.6,97.8,5083,37,0
hungarian-258,2026-08-06,70.7,77.3,39.6,95.8,131.0,79.8,5383,50,0
hungarian-258,2026-08-07,70.5,70.0,43.0,96.9,135.3,85.7,1125,8,0
hungarian-259,2026-08-01,76.9,85.1,47.0,94.2,137.9,90.5,5930,49,0
hungarian-259,2026-08-02,74.4,86.8,51.2,95.8,123.4,81.4,4809,48,0
hungarian-259,2026-08-03,68.1,91.7,30.5,96.5,128.5,81.3,10501,106,0
hungarian-259,2026-08-04,68.2,72.5,44.8,97.5,131.9,79.5,5427,42,1
hungarian-259,2026-08-05,73.3,81.1,41.3,97.1,120.9,77.1,6090,51,1
hungarian-259,2026-08-06,68.9,77.8,35.6,95.7,134.8,84.0,3091,27,0
hungarian-259,2026-08-07,65.7,85.8,41.7,95.8,135.6,86.7,6630,63,0
hungarian-260,2026-08-01,64.1,69.1,55.5,95.9,132.4,83.6,2759,26,1
hungarian-260,2026-08-02,74.5,79.4,46.6,96.2,150.9,101.7,4310,35,0
hungarian-260,2026-08-03,65.8,73.9,40.3,95.2,125.2,80.1,5227,51,0
hungarian-260,2026-08-04,83.7,98.2,48.0,96.9,151.2,94.1,5026,52,0
hungarian-260,2026-08-05,74.6,83.5,29.2,95.7,151.8,98.2,2638,21,0
hungarian-260,2026-08-06,71.8,86.9,40.8,95.9,131.8,81.2,7088,65,0
hungarian-260,2026-08-07,76.7,88.2,42.7,96.8,138.0,84.0,4863,47,0
hungarian-261,2026-08-01,69.6,79.5,40.2,95.9,151.6,95.9,5892,53,0
hungarian-261,2026-08-02,66.4,74.9,39.8,96.1,138.7,89.3,5347,46,0
hungarian-261,2026-08-03,69.9,80.0,46.9,96.0,139.3,89.5,7096,71,0
hungarian-261,2026-08-04,71.0,82.3,40.7,96.5,116.9,77.9,7182,71,0
hungarian-261,2026-08-05,69.2,70.7,23.1,95.4,127.2,78.1,2243,15,0
hungarian-261,2026-08-06,82.5,89.3,40.8,95.0,130.9,79.6,2757,30,0
hungarian-261,2026-08-07,64.7,65.0,45.8,95.2,138.4,90.1,2329,20,0
hungarian-262,2026-08-01,73.3,78.5,43.7,96.0,129.3,87.1,3938,25,0
hungarian-262,2026-08-02,71.9,75.2,26.4,94.8,143.3,96.0,1742,13,0
hungarian-262,2026-08-03,70.2,79.9,40.0,96.0,128.3,84.7,4617,50,0
hungarian-262,2026-08-04,72.6,91.7,35.5,95.3,141.4,91.4,8883,84,0
hungarian-262,2026-08-05,68.8,85.2,28.0,95.0,143.4,94.1,6456,57,0
hungarian-262,2026-08-06,67.0,68.3,40.1,97.3,129.7,84.1,5202,51,0
hungarian-262,2026-08-07,66.1,86.5,43.8,94.0,124.0,83.6,7323,66,1
hungarian-263,2026-08-01,67.4,83.8,35.6,95.7,139.8,88.6,6156,58,0
hungarian-263,2026-08-02,72.9,82.9,42.9,96.0,135.3,83.3,5285,51,0
hungarian-263,2026-08-03,64.8,74.3,41.7,96.0,149.8,92.6,4288,32,1
hungarian-263,2026-08-04,79.2,95.7,42.2,96.8,141.2,86.6,5223,50,0
hungarian-263,2026-08-05,71.6,92.1,39.6,95.9,139.5,87.1,7194,70,0
hungarian-263,2026-08-06,72.7,89.6,40.0,96.2,147.4,89.7,5964,64,0
hungarian-263,2026-08-07,74.9,90.0,33.3,95.3,130.6,84.3,6838,69,0
hungarian-264,2026-08-01,72.7,80.0,42.6,93.9,140.1,84.6,5062,47,0
hungarian-264,2026-08-02,68.6,73.0,26.5,94.8,128.1,86.8,6086,50,0
hungarian-264,2026-08-03,67.1,81.0,49.7,96.1,124.0,80.5,5287,46,1
hungarian-264,2026-08-04,75.7,82.7,34.8,96.0,130.5,87.0,4350,30,0
hungarian-264,2026-08-05,65.6,78.4,43.3,97.5,131.3,82.0,7139,66,1
hungarian-264,2026-08-06,72.6,73.5,49.5,96.0,141.1,88.2,728,12,1
hungarian-264,2026-08-07,78.2,99.5,35.6,95.5,136.8,84.6,9093,82,0
hungarian-265,2026-08-01,71.7,82.0,45.6,94.9,136.3,90.5,4751,40,0
hungarian-265,2026-08-02,77.8,79.8,32.7,95.4,133.0,82.2,2980,21,0
hungarian-265,2026-08-03,75.1,82.0,44.6,95.5,135.5,89.2,4311,45,0
hungarian-265,2026-08-04,77.1,82.0,29.1,97.5,163.2,106.2,7373,58,0
hungarian-265,2026-08-05,74.8,78.0,38.1,95.8,125.6,81.7,3976,31,1
hungarian-265,2026-08-06,68.7,80.1,38.0,94.2,141.8,85.4,4718,43,0
hungarian-265,2026-08-07,71.8,78.8,27.6,96.1,134.9,86.3,2521,22,1
hungarian-266,2026-08-01,76.0,89.6,34.5,96.7,142.1,89.8,5300,47,0
hungarian-266,2026-08-02,70.4,82.4,34.5,97.0,149.6,100.7,6275,63,0
hungarian-266,2026-08-03,73.6,87.9,34.3,97.7,133.6,86.9,8539,68,0
hungarian-266,2026-08-04,71.7,81.1,28.1,95.6,137.7,85.6,6702,49,0
hungarian-266,2026-08-05,71.4,75.0,38.0,95.2,123.6,79.3,3300,32,0
hungarian-266,2026-08-06,71.5,80.9,37.8,95.8,133.8,89.9,7216,57,0
hungarian-266,2026-08-07,75.0,83.2,48.4,95.9,125.6,77.3,4552,45,1
hungarian-267,2026-08-01,73.3,83.7,37.9,95.6,128.5,77.8,6976,58,0
hungarian-267,2026-08-02,67.1,72.4,40.6,95.7,126.5,78.3,4475,43,0
hungarian-267,2026-08-03,79.5,85.9,25.7,95.8,149.5,90.6,5826,44,0
hungarian-267,2026-08-04,69.3,85.3,34.8,94.5,143.4,91.2,7863,68,0
hungarian-267,2026-08-05,67.8,77.6,33.1,95.5,134.0,83.6,6050,51,0
hungarian-267,2026-08-06,74.0,84.7,32.7,97.0,143.5,95.3,4164,42,0
hungarian-267,2026-08-07,67.7,77.6,43.3,94.8,144.7,94.0,5761,47,1
hungarian-268,2026-08-01,72.2,75.5,41.2,95.2,131.2,82.6,3763,21,0
hungarian-268,2026-08-02,76.1,87.2,50.5,96.1,143.7,90.9,5682,50,0
hungarian-268,2026-08-03,79.8,85.2,18.2,96.6,140.6,94.0,2915,18,0
hungarian-268,2026-08-04,72.7,77.0,43.8,95.5,140.7,89.6,4480,46,0
hungarian-268,2026-08-05,74.0,82.4,52.6,96.0,128.4,78.0,4817,47,0
hungarian-268,2026-08-06,69.6,80.0,55.4,97.2,153.7,99.1,1759,14,0
hungarian-268,2026-08-07,76.1,88.7,29.2,95.2,137.0,92.7,7025,53,0
hungarian-269,2026-08-01,69.3,75.9,41.1,97.4,150.1,92.1,5622,57,0
hungarian-269,2026-08-02,69.1,78.2,39.1,95.5,127.6,84.6,5425,48,0
hungarian-269,2026-08-03,80.8,89.3,47.0,96.3,123.3,79.3,6208,60,0
hungarian-269,2026-08-04,78.2,82.8,29.1,96.7,130.7,80.0,3292,28,0
hungarian-269,2026-08-05,75.6,81.4,46.7,95.3,141.2,88.5,4800,43,1
hungarian-269,2026-08-06,71.4,85.8,38.2,97.2,134.2,90.7,7597,75,0
hungarian-269,2026-08-07,69.2,77.5,24.3,96.7,144.7,87.0,2522,21,0
hungarian-270,2026-08-01,75.1,84.6,63.5,96.3,118.6,76.3,5550,50,0
hungarian-270,2026-08-02,68.9,73.7,40.0,97.4,153.6,101.2,3279,29,0
hungarian-270,2026-08-03,71.7,84.7,35.2,97.5,138.9,89.0,5743,55,0
hungarian-270,2026-08-04,66.9,84.5,39.6,95.9,135.3,86.1,7333,63,0
hungarian-270,2026-08-05,74.4,77.3,29.9,95.4,138.5,87.7,0,3,1
hungarian-270,2026-08-06,71.0,85.2,34.0,94.3,121.6,78.5,6916,65,1
hungarian-270,2026-08-07,66.3,80.3,42.7,95.2,140.0,94.0,4490,46,1
hungarian-271,2026-08-01,71.0,80.7,34.5,97.2,124.9,78.7,3377,34,0
hungarian-271,2026-08-02,71.5,76.4,49.2,94.9,138.9,91.6,4826,46,1
hungarian-271,2026-08-03,65.2,81.7,35.7,95.2,139.9,89.8,7499,79,1
hungarian-271,2026-08-04,70.5,77.2,29.3,96.4,133.5,84.7,3320,27,0
hungarian-271,2026-08-05,64.3,67.9,36.9,95.2,148.6,96.5,890,12,1
hungarian-271,2026-08-06,75.5,87.5,26.8,97.1,132.2,86.7,8817,72,0
hungarian-271,2026-08-07,70.2,74.9,42.6,96.1,147.0,97.5,1988,20,0
hungarian-272,2026-08-01,80.4,90.0,41.5,96.9,147.0,91.4,6095,56,0
hungarian-272,2026-08-02,72.2,82.7,41.3,96.0,136.6,87.4,4438,48,0
hungarian-272,2026-08-03,64.9,74.2,35.1,95.4,132.7,89.5,5098,37,0
hungarian-272,2026-08-04,74.9,90.1,32.8,96.1,138.0,92.8,5332,48,0
hungarian-272,2026-08-05,73.1,71.5,31.0,96.4,129.0,84.9,2283,16,1
hungarian-272,2026-08-06,70.5,80.5,42.1,95.0,143.0,92.4,5336,48,0
hungarian-272,2026-08-07,67.8,73.7,41.0,95.6,142.3,89.2,4132,34,0
hungarian-273,2026-08-01,74.6,83.8,36.4,98.1,142.0,91.5,4888,49,0
hungarian-273,2026-08-02,75.8,86.8,36.2,96.2,147.1,91.3,4686,39,0
hungarian-273,2026-08-03,71.9,86.3,38.9,96.3,147.4,88.5,7432,66,0
hungarian-273,2026-08-04,80.5,92.2,33.8,95.7,139.3,91.3,5521,56,0
hungarian-273,2026-08-05,71.2,78.0,32.6,96.1,138.3,92.6,3228,36,0
hungarian-273,2026-08-06,67.9,80.2,41.1,95.0,141.6,86.7,4368,29,0
hungarian-273,2026-08-07,73.2,81.6,30.8,97.0,134.8,85.7,6026,48,1
hungarian-274,2026-08-01,78.2,89.3,29.0,95.4,141.4,90.2,7398,62,0
hungarian-274,2026-08-02,72.4,81.8,28.9,97.7,115.1,77.8,3808,29,0
hungarian-274,2026-08-03,78.4,83.8,34.4,94.6,119.3,74.4,3691,34,1
hungarian-274,2026-08-04,71.6,84.1,33.3,97.0,140.3,89.0,7022,62,1
hungarian-274,2026-08-05,62.3,72.8,35.8,95.8,141.6,91.4,6926,59,1
hungarian-274,2026-08-06,77.1,94.4,20.0,97.8,151.5,96.0,6803,62,0
hungarian-274,2026-08-07,80.9,100.7,24.2,96.2,122.7,76.4,9004,84,1
hungarian-275,2026-08-01,74.3,81.2,31.8,95.3,133.8,89.4,4717,44,0
hungarian-275,2026-08-02,74.6,90.5,43.0,94.8,131.6,84.7,5925,60,0
hungarian-275,2026-08-03,71.3,78.8,48.6,95.1,160.3,104.8,5840,58,1
hungarian-275,2026-08-04,72.9,80.0,38.7,98.1,130.2,88.0,4386,38,1
hungarian-275,2026-08-05,74.4,82.7,32.8,94.6,136.3,90.3,2340,24,0
hungarian-275,2026-08-06,73.8,88.2,21.5,96.6,147.5,95.3,4734,45,0
hungarian-275,2026-08-07,76.0,81.1,38.5,96.2,150.7,94.8,5279,48,0
hungarian-276,2026-08-01,75.9,82.6,35.9,95.7,139.0,89.6,4915,41,1
hungarian-276,2026-08-02,68.9,86.6,38.3,95.2,130.4,88.6,8311,76,0
hungarian-276,2026-08-03,72.3,92.8,37.9,95.7,150.3,98.5,7631,70,0
hungarian-276,2026-08-04,80.8,88.3,31.9,94.7,157.3,94.6,5754,50,0
hungarian-276,2026-08-05,73.2,85.6,34.4,94.1,154.2,93.0,7049,60,0
hungarian-276,2026-08-06,75.9,79.2,33.5,96.5,145.1,94.4,2815,22,0
hungarian-276,2026-08-07,79.0,87.6,42.9,95.2,155.5,96.5,6030,50,0
hungarian-277,2026-08-01,69.1,84.9,36.0,96.5,129.8,82.9,6453,72,0
hungarian-277,2026-08-02,69.1,82.1,47.4,95.6,149.5,98.1,5957,57,0
hungarian-277,2026-08-03,76.5,87.6,29.8,95.8,152.2,99.1,4233,43,0
hungarian-277,2026-08-04,75.5,79.5,36.7,96.7,139.1,93.8,1524,9,0
hungarian-277,2026-08-05,74.1,83.4,30.1,96.1,131.0,83.8,4906,49,0
hungarian-277,2026-08-06,66.1,78.8,35.8,96.5,136.6,86.9,5436,54,1
hungarian-277,2026-08-07,76.1,88.6,24.8,95.2,126.5,79.0,5564,57,0
hungarian-278,2026-08-01,74.0,78.4,18.5,95.6,119.4,73.4,4047,36,0
hungarian-278,2026-08-02,76.3,88.3,22.0,96.5,133.2,87.3,6757,68,0
hungarian-278,2026-08-03,72.5,81.6,27.0,95.4,144.6,87.6,3911,40,0
hungarian-278,2026-08-04,73.4,88.8,32.3,97.5,154.0,94.1,6735,60,0
hungarian-278,2026-08-05,77.9,90.0,43.1,96.7,133.8,82.8,5904,58,0
hungarian-278,2026-08-06,74.3,80.6,31.3,95.7,158.1,99.9,5464,50,0
hungarian-278,2026-08-07,73.2,87.1,17.9,97.8,137.2,85.5,6751,60,0
hungarian-279,2026-08-01,73.8,85.2,40.9,95.1,145.5,90.0,6782,58,0
hungarian-279,2026-08-02,69.8,79.0,24.7,96.5,145.9,96.0,5478,52,0
hungarian-279,2026-08-03,73.5,84.0,36.1,95.9,135.4,82.9,6782,57,1
hungarian-279,2026-08-04,74.8,88.8,23.0,95.5,133.9,86.1,5058,42,1
hungarian-279,2026-08-05,71.8,76.1,23.4,95.1,129.5,83.2,2912,30,0
hungarian-279,2026-08-06,75.6,90.0,38.3,96.9,158.7,105.2,6027,56,0
hungarian-279,2026-08-07,78.4,83.0,22.8,95.0,135.6,90.9,4588,38,0
hungarian-280,2026-08-01,63.1,82.1,39.6,95.9,138.5,91.5,8858,84,0
hungarian-280,2026-08-02,72.0,81.1,40.1,96.1,151.8,97.2,3232,32,0
hungarian-280,2026-08-03,62.4,64.4,52.2,96.2,131.7,85.3,1985,18,0
hungarian-280,2026-08-04,70.9,75.7,35.0,97.1,112.4,71.0,3356,28,0
hungarian-280,2026-08-05,78.7,89.4,27.7,96.4,154.3,101.0,4487,41,0
hungarian-280,2026-08-06,68.5,77.7,35.5,97.3,127.5,83.8,3013,24,1
hungarian-280,2026-08-07,76.0,84.1,52.4,96.2,111.6,68.6,4489,49,0
hungarian-281,2026-08-01,71.0,76.3,29.9,96.0,127.8,79.2,3888,44,0
hungarian-281,2026-08-02,67.9,77.0,45.2,96.1,135.7,86.4,6291,56,1
hungarian-281,2026-08-03,69.5,83.5,39.6,96.1,122.3,80.0,7037,52,0
hungarian-281,2026-08-04,76.9,95.5,51.0,95.7,133.0,83.2,7831,76,1
hungarian-281,2026-08-05,71.0,76.3,35.0,94.9,136.5,83.7,5240,45,0
hungarian-281,2026-08-06,70.8,75.8,29.7,96.2,148.7,94.8,4606,39,0
hungarian-281,2026-08-07,67.6,85.5,29.5,95.6,138.1,87.7,5931,62,1
hungarian-282,2026-08-01,73.9,85.2,39.5,95.5,125.2,79.0,7446,61,1
hungarian-282,2026-08-02,71.3,82.9,43.0,96.5,152.3,98.4,3829,36,0
hungarian-282,2026-08-03,71.7,84.9,39.2,96.9,140.9,94.5,6372,54,0
hungarian-282,2026-08-04,70.8,74.8,37.6,95.9,142.4,85.4,3335,35,0
hungarian-282,2026-08-05,62.9,68.0,41.7,95.9,117.5,73.0,3512,32,0
hungarian-282,2026-08-06,66.2,74.2,33.1,97.0,142.8,89.7,4573,38,0
hungarian-282,2026-08-07,68.0,74.5,41.3,96.7,116.2,76.6,2969,26,0
hungarian-283,2026-08-01,69.1,77.0,40.7,94.3,128.3,83.7,2913,32,0
hungarian-283,2026-08-02,64.9,72.3,34.0,95.1,125.0,84.6,4945,48,0
hungarian-283,2026-08-03,69.5,84.9,44.7,95.2,138.5,91.7,7812,73,0
hungarian-283,2026-08-04,68.7,81.9,33.4,95.2,136.1,81.8,5863,59,0
hungarian-283,2026-08-05,71.6,80.2,44.5,97.3,134.6,90.5,7302,67,0
hungarian-283,2026-08-06,78.2,88.4,26.1,95.8,143.9,88.8,3413,24,0
hungarian-283,2026-08-07,67.9,83.9,44.4,96.3,133.5,81.1,9513,77,0
hungarian-284,2026-08-01,74.8,84.5,46.6,95.0,128.9,79.6,5710,55,0
hungarian-284,2026-08-02,78.4,84.5,47.3,97.3,115.8,75.9,5812,46,0
hungarian-284,2026-08-03,65.4,69.3,33.4,95.5,141.2,95.2,4554,46,1
hungarian-284,2026-08-04,72.4,78.2,43.1,95.5,126.4,85.9,3818,29,0
hungarian-284,2026-08-05,75.0,86.6,37.7,97.2,140.0,84.3,7365,63,0
hungarian-284,2026-08-06,71.7,79.0,34.4,94.5,135.8,86.6,5413,47,0
hungarian-284,2026-08-07,70.5,79.4,45.4,96.4,154.8,98.3,4148,36,0
hungarian-285,2026-08-01,76.5,87.8,31.0,97.3,136.1,89.1,4903,50,0
hungarian-285,2026-08-02,66.3,80.5,29.2,95.3,137.2,84.7,4499,47,0
hungarian-285,2026-08-03,63.9,72.1,52.5,96.1,137.2,87.4,6536,50,1
hungarian-285,2026-08-04,65.8,78.7,47.1,97.4,136.4,87.5,5249,48,0
hungarian-285,2026-08-05,73.0,82.9,39.2,95.3,132.0,87.1,2880,25,0
hungarian-285,2026-08-06,69.3,82.0,39.4,96.4,135.8,88.2,6075,54,0
hungarian-285,2026-08-07,65.2,79.5,47.4,95.7,143.9,90.4,8607,78,1
hungarian-286,2026-08-01,67.0,62.0,45.6,94.9,143.7,90.0,2096,26,1
hungarian-286,2026-08-02,72.0,85.0,20.7,96.4,130.5,88.4,7687,70,0
hungarian-286,2026-08-03,78.2,87.3,42.3,95.1,132.1,85.1,4456,48,0
hungarian-286,2026-08-04,72.8,81.0,36.0,96.6,134.3,85.9,3630,27,1
hungarian-286,2026-08-05,70.4,72.3,45.5,93.8,137.1,90.0,1949,12,0
hungarian-286,2026-08-06,75.5,89.4,39.8,95.5,124.7,82.5,8976,78,0
hungarian-286,2026-08-07,75.8,85.6,46.5,95.6,131.1,87.4,4749,48,0
hungarian-287,2026-08-01,68.4,74.2,20.2,98.6,138.7,86.7,3807,27,1
hungarian-287,2026-08-02,70.2,78.5,46.9,96.4,139.0,91.7,5900,44,0
hungarian-287,2026-08-03,70.0,77.1,53.7,97.0,133.1,81.6,5836,59,1
hungarian-287,2026-08-04,63.1,73.8,36.0,94.3,141.8,92.8,7309,63,1
hungarian-287,2026-08-05,72.8,87.5,42.7,96.9,142.6,96.1,6297,60,0
hungarian-287,2026-08-06,69.4,78.4,25.8,96.3,151.4,98.3,4132,40,1
hungarian-287,2026-08-07,66.0,74.6,49.3,94.8,133.4,90.7,4552,41,0
hungarian-288,2026-08-01,71.7,86.5,40.5,96.1,128.7,86.1,7021,69,0
hungarian-288,2026-08-02,67.6,78.9,19.2,95.8,119.7,76.7,7572,65,0
hungarian-288,2026-08-03,71.4,84.3,38.5,95.0,145.0,95.7,7366,66,0
hungarian-288,2026-08-04,69.1,81.1,46.4,97.0,126.2,81.3,7225,63,0
hungarian-288,2026-08-05,74.1,80.1,42.2,96.3,140.2,91.8,3213,21,0
hungarian-288,2026-08-06,73.1,86.0,32.1,96.1,137.5,83.5,6758,57,0
hungarian-288,2026-08-07,60.8,67.8,52.6,95.6,146.1,96.3,3771,31,0
hungarian-289,2026-08-01,73.5,76.5,34.1,96.0,129.7,78.6,2769,21,0
hungarian-289,2026-08-02,74.6,86.7,31.2,96.8,141.9,95.6,6387,58,0
hungarian-289,2026-08-03,77.3,87.6,34.5,94.8,132.7,84.0,3692,37,0
hungarian-289,2026-08-04,69.5,88.4,34.5,95.8,152.6,101.3,7947,71,1
hungarian-289,2026-08-05,69.8,81.2,37.9,97.3,138.7,84.7,6281,52,1
hungarian-289,2026-08-06,77.4,84.9,41.4,96.7,118.9,72.1,4815,36,1
hungarian-289,2026-08-07,74.0,79.5,49.5,94.2,137.0,82.6,1553,18,1
hungarian-290,2026-08-01,73.5,87.6,31.0,96.5,148.8,95.8,6669,48,0
hungarian-290,2026-08-02,61.4,71.6,41.1,94.0,131.8,81.1,4890,50,0
hungarian-290,2026-08-03,75.9,85.9,35.3,96.0,138.2,83.0,7223,62,1
hungarian-290,2026-08-04,63.0,67.9,49.9,95.1,135.1,82.3,4879,46,0
hungarian-290,2026-08-05,71.1,76.8,29.9,95.0,152.5,101.1,3341,28,0
hungarian-290,2026-08-06,73.3,80.5,39.9,96.6,134.8,91.5,4255,45,0
hungarian-290,2026-08-07,64.9,73.5,40.5,97.2,126.9,76.6,5830,52,0
hungarian-291,2026-08-01,73.1,79.5,42.6,96.5,138.0,90.4,5611,52,0
hungarian-291,2026-08-02,73.3,87.3,36.7,94.0,132.0,89.0,6051,68,0
hungarian-291,2026-08-03,71.2,86.5,37.4,96.8,148.9,97.8,6012,54,0
hungarian-291,2026-08-04,72.1,73.6,35.4,93.9,149.2,91.6,778,12,1
hungarian-291,2026-08-05,72.2,89.0,26.5,96.0,129.7,87.9,6605,62,1
hungarian-291,2026-08-06,68.0,72.0,42.5,95.2,135.0,82.8,4818,41,0
hungarian-291,2026-08-07,70.4,75.5,42.3,96.5,147.6,97.6,4419,34,1
hungarian-292,2026-08-01,68.9,79.1,39.2,97.5,134.2,85.9,4210,31,0
hungarian-292,2026-08-02,69.2,73.5,32.2,94.8,147.4,97.1,2265,25,0
hungarian-292,2026-08-03,64.8,78.3,38.5,95.6,144.2,88.0,4995,44,0
hungarian-292,2026-08-04,75.6,83.8,41.7,96.9,129.1,83.4,5561,44,0
hungarian-292,2026-08-05,70.6,78.2,33.7,96.5,133.4,89.6,4146,39,0
hungarian-292,2026-08-06,72.3,83.5,34.9,97.0,125.7,85.0,3175,34,0
hungarian-292,2026-08-07,70.4,74.1,35.8,96.6,129.3,79.0,4390,34,0
hungarian-293,2026-08-01,72.9,77.4,29.8,96.1,132.9,86.3,4679,48,0
hungarian-293,2026-08-02,74.8,81.2,34.8,95.5,137.4,90.2,2686,27,0
hungarian-293,2026-08-03,71.6,72.1,36.4,97.7,141.9,95.8,4081,31,0
hungarian-293,2026-08-04,72.9,75.4,46.1,97.0,128.4,84.3,3175,15,0
hungarian-293,2026-08-05,71.4,80.0,25.8,95.2,135.8,82.3,4535,44,1
hungarian-293,2026-08-06,68.7,72.0,30.5,94.7,144.2,86.7,0,2,1
hungarian-293,2026-08-07,74.4,82.3,34.3,93.9,156.3,100.3,5227,44,0
hungarian-294,2026-08-01,73.0,83.1,25.2,97.7,148.0,90.7,4294,35,1
hungarian-294,2026-08-02,71.9,85.0,24.8,94.4,140.8,86.2,6684,65,0
hungarian-294,2026-08-03,68.9,81.7,42.0,95.9,145.9,93.1,3531,27,0
hungarian-294,2026-08-04,72.4,77.9,43.4,95.7,143.4,95.0,4519,39,0
hungarian-294,2026-08-05,70.9,83.6,38.1,95.7,125.0,76.6,5697,63,1
hungarian-294,2026-08-06,75.4,82.3,41.7,97.0,143.4,91.8,6066,54,0
hungarian-294,2026-08-07,72.3,80.6,34.5,98.5,139.4,92.1,3822,37,0
switzerland-001,2026-08-01,64.5,78.6,41.8,95.2,130.2,87.3,5132,53,1
switzerland-001,2026-08-02,64.7,71.0,44.8,95.9,131.7,87.2,4146,37,1
switzerland-001,2026-08-03,68.9,73.7,44.5,96.1,128.7,82.9,4742,37,0
switzerland-001,2026-08-04,63.4,71.6,31.5,96.5,143.7,89.6,5165,38,0
switzerland-001,2026-08-05,68.2,76.4,38.7,93.7,145.6,92.4,5394,48,1
switzerland-001,2026-08-06,65.6,72.7,48.1,96.3,119.9,73.3,4137,31,0
switzerland-001,2026-08-07,70.0,81.1,48.1,94.6,138.9,83.6,4979,44,0
switzerland-002,2026-08-01,77.3,88.2,56.3,96.1,130.7,85.1,4863,44,0
switzerland-002,2026-08-02,71.4,86.5,51.8,96.6,131.6,87.2,8283,75,0
switzerland-002,2026-08-03,70.1,77.3,36.3,96.9,136.4,92.2,3957,37,0
switzerland-002,2026-08-04,68.5,79.1,43.1,95.9,137.2,91.7,3943,33,1
switzerland-002,2026-08-05,68.9,85.2,44.7,93.6,140.9,93.4,6454,52,0
switzerland-002,2026-08-06,70.0,69.6,52.3,96.1,140.1,87.9,1852,10,0
switzerland-002,2026-08-07,70.6,80.9,42.3,96.0,122.1,74.1,6018,51,0
switzerland-003,2026-08-01,75.6,88.0,43.8,97.8,136.7,84.4,7795,74,0
switzerland-003,2026-08-02,67.5,78.2,46.4,96.1,143.3,90.6,3404,41,0
switzerland-003,2026-08-03,64.5,70.8,51.6,95.0,140.2,88.8,4730,39,0
switzerland-003,2026-08-04,69.9,73.7,47.0,96.7,125.5,78.9,4122,41,0
switzerland-003,2026-08-05,66.9,73.5,48.8,96.7,121.6,78.4,4908,43,0
switzerland-003,2026-08-06,64.3,72.0,47.4,95.4,142.8,96.8,4765,44,1
switzerland-003,2026-08-07,68.0,79.7,51.2,95.6,153.2,96.1,6578,59,0
switzerland-004,2026-08-01,69.4,83.3,45.4,96.4,149.0,90.9,9179,96,0
switzerland-004,2026-08-02,74.6,94.4,51.0,97.7,136.6,87.1,8203,77,0
switzerland-004,2026-08-03,64.3,88.1,43.8,97.3,147.8,90.1,8608,76,1
switzerland-004,2026-08-04,71.9,79.7,40.0,96.5,125.5,83.5,5187,44,0
switzerland-004,2026-08-05,76.7,83.2,38.9,95.0,133.3,90.6,2911,31,0
switzerland-004,2026-08-06,61.4,69.3,39.0,94.6,133.1,84.0,6095,52,1
switzerland-004,2026-08-07,70.6,77.2,39.0,95.1,125.2,84.6,5040,40,0
switzerland-005,2026-08-01,68.3,82.3,33.0,93.7,150.3,92.8,6277,62,0
switzerland-005,2026-08-02,64.5,77.1,58.2,95.6,130.3,86.0,5863,56,0
switzerland-005,2026-08-03,69.6,85.7,47.3,95.3,146.8,93.9,8642,71,0
switzerland-005,2026-08-04,66.9,74.8,50.2,95.8,157.1,104.1,4512,43,0
switzerland-005,2026-08-05,68.3,70.8,46.2,96.2,134.5,82.5,2519,23,0
switzerland-005,2026-08-06,66.1,75.6,38.0,95.8,136.8,90.7,5028,53,0
switzerland-005,2026-08-07,68.1,76.0,43.3,92.7,144.6,97.1,3690,28,0
switzerland-006,2026-08-01,66.9,75.3,32.1,96.1,136.6,92.2,4751,42,0
switzerland-006,2026-08-02,74.8,85.8,55.8,97.3,150.1,93.0,6498,64,0
switzerland-006,2026-08-03,63.9,70.9,61.9,95.0,141.7,92.0,6591,49,0
switzerland-006,2026-08-04,72.0,86.2,41.5,96.1,120.5,77.1,5084,50,0
switzerland-006,2026-08-05,70.0,87.1,45.2,95.7,142.1,91.8,5863,51,0
switzerland-006,2026-08-06,72.4,73.7,57.3,95.1,134.6,81.4,2141,15,0
switzerland-006,2026-08-07,68.3,85.3,43.0,94.8,136.9,84.7,8160,72,1
switzerland-007,2026-08-01,58.1,72.5,64.1,97.2,108.4,66.0,6473,56,0
switzerland-007,2026-08-02,60.2,73.4,49.2,96.3,123.3,82.1,8420,74,0
switzerland-007,2026-08-03,54.4,67.7,61.7,96.1,110.3,70.7,9014,83,0
switzerland-007,2026-08-04,59.4,68.8,45.8,98.4,110.0,68.2,6233,58,0
switzerland-007,2026-08-05,60.2,72.2,67.8,98.5,126.3,77.6,6855,65,0
switzerland-007,2026-08-06,59.9,74.1,65.9,97.8,126.6,77.1,5135,51,0
switzerland-007,2026-08-07,62.7,70.5,47.9,96.9,120.5,75.4,5211,48,0
switzerland-008,2026-08-01,67.8,78.9,32.7,95.8,133.6,83.7,4862,43,0
switzerland-008,2026-08-02,61.7,72.7,33.4,96.9,127.6,85.7,9229,87,0
switzerland-008,2026-08-03,70.0,71.7,45.9,96.3,142.0,93.8,3098,29,0
switzerland-008,2026-08-04,68.0,76.8,42.5,95.3,136.8,88.4,4543,43,0
switzerland-008,2026-08-05,66.4,74.0,61.5,97.2,140.3,89.8,4581,43,0
switzerland-008,2026-08-06,64.6,78.9,60.3,97.2,135.6,83.7,6907,61,0
switzerland-008,2026-08-07,67.5,76.3,50.0,97.9,127.8,79.0,7606,62,0
switzerland-009,2026-08-01,77.8,83.8,36.2,95.6,134.8,88.2,2584,27,0
switzerland-009,2026-08-02,68.9,71.7,55.1,95.5,124.1,81.8,1807,15,0
switzerland-009,2026-08-03,63.2,71.7,33.5,97.0,146.2,93.9,4089,28,1
switzerland-009,2026-08-04,58.2,68.3,23.6,96.1,136.1,90.7,5705,50,0
switzerland-009,2026-08-05,69.4,80.9,37.6,95.2,116.9,73.8,7210,63,0
switzerland-009,2026-08-06,73.5,87.1,56.8,98.3,134.3,82.8,4826,46,0
switzerland-009,2026-08-07,70.5,86.8,36.6,95.9,132.3,86.3,9423,88,0
switzerland-010,2026-08-01,68.7,76.3,36.0,96.1,112.0,75.2,5527,44,0
switzerland-010,2026-08-02,74.2,90.4,38.7,96.5,120.3,81.0,6180,63,0
switzerland-010,2026-08-03,65.8,84.8,53.8,95.7,137.8,82.8,9351,81,1
switzerland-010,2026-08-04,71.7,82.9,55.9,94.0,133.2,86.1,6567,63,0
switzerland-010,2026-08-05,70.3,73.6,32.8,96.3,126.4,85.4,3392,28,0
switzerland-010,2026-08-06,75.0,79.7,49.7,95.5,129.4,82.3,3669,33,0
switzerland-010,2026-08-07,72.7,80.6,37.6,97.0,153.5,99.1,5613,56,0
switzerland-011,2026-08-01,66.7,70.8,59.6,95.3,140.2,93.8,5291,42,1
switzerland-011,2026-08-02,64.8,82.5,36.4,95.1,144.5,88.8,7961,68,0
switzerland-011,2026-08-03,66.7,75.8,36.7,95.3,133.4,84.7,6091,42,0
switzerland-011,2026-08-04,67.1,81.1,37.1,96.9,138.8,86.2,4387,43,0
switzerland-011,2026-08-05,63.4,66.2,36.6,96.6,130.3,79.4,4051,37,0
switzerland-011,2026-08-06,70.1,82.2,38.7,95.0,143.4,93.2,5985,58,0
switzerland-011,2026-08-07,65.2,78.6,35.9,95.5,163.9,100.3,6926,66,0
switzerland-012,2026-08-01,62.4,69.6,44.1,96.4,143.7,97.2,3682,28,0
switzerland-012,2026-08-02,66.1,85.4,57.2,96.3,135.6,91.0,7304,68,0
switzerland-012,2026-08-03,63.7,71.2,36.0,96.6,130.6,79.3,4921,50,0
switzerland-012,2026-08-04,75.4,92.3,37.4,96.5,136.9,83.0,7941,77,0
switzerland-012,2026-08-05,64.8,69.3,41.6,94.9,134.3,91.1,5617,38,1
switzerland-012,2026-08-06,67.7,82.1,48.2,94.8,137.9,83.5,7051,60,0
switzerland-012,2026-08-07,60.8,73.7,42.3,94.2,126.8,76.7,5510,51,0
switzerland-013,2026-08-01,72.7,94.6,32.9,97.1,105.1,69.1,8009,76,0
switzerland-013,2026-08-02,73.2,83.6,42.6,96.2,124.3,74.9,6211,53,1
switzerland-013,2026-08-03,68.5,82.1,49.2,97.0,141.7,92.9,7337,63,0
switzerland-013,2026-08-04,64.5,73.0,30.5,94.6,118.7,73.1,4639,49,0
switzerland-013,2026-08-05,70.7,75.9,40.0,95.2,129.5,81.4,3047,19,1
switzerland-013,2026-08-06,76.3,90.1,40.3,95.9,141.8,96.4,6192,54,0
switzerland-013,2026-08-07,70.8,87.6,38.7,96.4,132.5,83.8,8740,78,0
switzerland-014,2026-08-01,71.6,84.2,22.1,95.3,123.9,77.7,5416,54,1
switzerland-014,2026-08-02,65.2,80.9,45.6,97.4,121.7,79.3,6222,57,1
switzerland-014,2026-08-03,71.7,84.1,48.1,96.8,135.1,90.7,7367,63,0
switzerland-014,2026-08-04,73.0,86.5,51.4,95.1,133.4,90.5,7520,75,0
switzerland-014,2026-08-05,74.7,83.7,41.9,96.0,143.4,90.7,4450,38,0
switzerland-014,2026-08-06,76.6,90.9,44.8,95.9,142.7,94.9,8139,75,0
switzerland-014,2026-08-07,72.6,80.4,39.3,95.9,119.7,80.6,4561,43,0
switzerland-015,2026-08-01,68.5,76.8,29.6,95.0,144.0,93.3,6070,52,0
switzerland-015,2026-08-02,71.5,80.1,44.7,94.3,145.4,92.5,6239,50,0
switzerland-015,2026-08-03,68.1,91.4,39.6,94.9,137.8,89.3,10410,99,0
switzerland-015,2026-08-04,62.4,70.4,38.8,97.8,157.3,96.8,4484,43,0
switzerland-015,2026-08-05,72.7,90.4,62.9,97.3,151.8,97.1,7474,63,1
switzerland-015,2026-08-06,72.6,90.2,35.3,95.5,131.4,82.0,6266,64,0
switzerland-015,2026-08-07,72.1,79.1,44.9,95.9,143.5,89.3,4505,40,0
switzerland-016,2026-08-01,69.9,80.0,30.8,96.5,147.6,96.1,7243,66,0
switzerland-016,2026-08-02,60.5,76.6,41.3,95.2,149.2,100.1,10139,92,0
switzerland-016,2026-08-03,74.6,77.0,34.5,95.6,146.1,98.5,4442,38,0
switzerland-016,2026-08-04,73.3,84.8,48.2,96.4,136.7,82.6,8182,65,0
switzerland-016,2026-08-05,70.2,79.2,41.2,95.5,139.9,91.8,5280,50,0
switzerland-016,2026-08-06,71.1,76.9,27.1,94.3,136.2,82.5,4553,44,0
switzerland-016,2026-08-07,76.8,81.6,50.9,97.2,124.9,83.8,3256,29,0
switzerland-017,2026-08-01,72.2,77.3,39.1,97.7,135.8,88.2,2278,31,0
switzerland-017,2026-08-02,70.2,79.5,52.5,94.1,147.0,92.2,5551,52,0
switzerland-017,2026-08-03,72.5,88.9,43.2,96.3,139.3,88.4,8227,74,0
switzerland-017,2026-08-04,74.4,83.9,42.0,95.9,145.9,96.1,5035,42,0
switzerland-017,2026-08-05,70.2,84.4,35.5,96.0,137.9,89.8,7533,71,0
switzerland-017,2026-08-06,69.3,83.9,46.2,95.7,137.7,91.1,5958,61,0
switzerland-017,2026-08-07,63.6,88.5,44.7,97.2,120.1,80.6,9811,87,0
switzerland-018,2026-08-01,57.9,70.1,52.9,96.2,106.3,68.1,7910,68,0
switzerland-018,2026-08-02,64.4,77.7,56.4,97.9,106.8,68.4,7537,66,0
switzerland-018,2026-08-03,55.2,62.5,71.9,98.5,118.0,72.0,3228,39,0
switzerland-018,2026-08-04,56.7,66.3,56.0,97.2,123.7,82.9,5989,49,0
switzerland-018,2026-08-05,57.2,70.2,57.3,97.9,135.0,88.1,7715,60,0
switzerland-018,2026-08-06,59.3,78.7,62.3,98.0,108.4,72.0,7580,75,0
switzerland-018,2026-08-07,54.8,73.0,61.7,95.9,133.2,85.1,9410,83,0
switzerland-019,2026-08-01,70.7,80.3,39.4,94.0,128.5,78.2,5248,48,0
switzerland-019,2026-08-02,70.8,80.9,36.9,93.7,142.8,87.1,3309,28,0
switzerland-019,2026-08-03,72.2,78.6,74.8,96.6,136.4,86.9,6803,58,0
switzerland-019,2026-08-04,73.6,79.9,37.8,97.6,148.8,101.0,4903,34,0
switzerland-019,2026-08-05,61.2,66.5,45.3,97.2,118.2,75.9,5373,47,0
switzerland-019,2026-08-06,65.2,74.0,24.6,94.6,140.1,93.0,4018,39,0
switzerland-019,2026-08-07,72.7,80.9,49.6,95.9,133.6,82.4,4127,36,0
switzerland-020,2026-08-01,69.6,78.6,40.9,97.6,143.0,90.2,3849,31,0
switzerland-020,2026-08-02,80.3,86.3,39.9,94.6,137.4,93.1,4650,34,1
switzerland-020,2026-08-03,68.3,85.1,33.5,95.5,128.9,85.1,7003,65,0
switzerland-020,2026-08-04,71.9,77.3,43.1,97.2,129.2,80.6,3861,32,0
switzerland-020,2026-08-05,66.3,78.5,32.6,95.4,136.2,85.4,5880,51,1
switzerland-020,2026-08-06,77.7,84.9,41.1,94.8,133.8,89.7,3769,41,0
switzerland-020,2026-08-07,71.4,78.1,32.9,97.0,142.6,92.9,6469,56,1
switzerland-021,2026-08-01,68.8,86.3,23.5,94.9,124.9,77.3,7759,73,0
switzerland-021,2026-08-02,75.1,84.0,40.0,97.5,124.9,76.3,3515,38,0
switzerland-021,2026-08-03,65.2,71.0,35.0,94.2,139.3,92.3,6720,61,0
switzerland-021,2026-08-04,71.1,76.9,43.5,93.8,135.2,85.1,3361,27,0
switzerland-021,2026-08-05,62.9,70.7,40.7,95.6,127.6,81.8,4733,43,0
switzerland-021,2026-08-06,70.6,73.5,46.4,97.6,135.9,91.9,2773,28,0
switzerland-021,2026-08-07,81.9,83.6,38.1,94.3,141.9,89.3,2997,36,0
switzerland-022,2026-08-01,72.0,82.4,47.9,95.9,140.0,92.1,7556,65,0
switzerland-022,2026-08-02,72.6,83.6,44.5,95.3,141.7,85.8,5805,53,1
switzerland-022,2026-08-03,66.7,81.5,45.2,96.0,128.9,84.9,8759,79,0
switzerland-022,2026-08-04,75.2,82.2,47.9,96.8,135.5,90.6,3877,36,0
switzerland-022,2026-08-05,63.5,61.8,54.8,97.6,125.6,82.1,2683,24,0
switzerland-022,2026-08-06,68.8,75.9,49.1,97.7,151.2,96.8,3110,34,0
switzerland-022,2026-08-07,72.3,78.0,30.4,97.1,142.2,89.3,1253,13,0
switzerland-023,2026-08-01,68.8,75.4,28.9,94.6,137.4,88.1,4912,52,0
switzerland-023,2026-08-02,77.6,80.5,37.3,96.1,134.4,85.2,1660,14,0
switzerland-023,2026-08-03,72.2,86.7,46.1,96.5,152.0,98.8,7391,65,0
switzerland-023,2026-08-04,69.9,76.7,48.9,96.3,125.2,82.2,4461,38,0
switzerland-023,2026-08-05,75.1,81.6,38.5,95.8,117.6,78.2,3655,34,0
switzerland-023,2026-08-06,71.4,79.6,39.3,93.5,146.0,89.9,4931,46,1
switzerland-023,2026-08-07,79.5,86.7,45.8,96.9,133.4,90.7,2893,25,0
switzerland-024,2026-08-01,74.4,92.3,42.2,96.2,129.5,79.4,8838,81,0
switzerland-024,2026-08-02,66.2,71.1,38.7,95.8,116.9,75.8,3682,36,0
switzerland-024,2026-08-03,69.7,77.9,55.2,95.8,135.5,91.6,3708,33,0
switzerland-024,2026-08-04,71.0,86.0,39.0,96.8,137.6,86.3,6065,58,1
switzerland-024,2026-08-05,75.2,86.2,38.5,94.6,133.0,89.5,6035,53,0
switzerland-024,2026-08-06,76.7,84.7,42.1,97.1,134.4,86.8,3237,28,0
switzerland-024,2026-08-07,75.5,90.4,54.5,95.1,155.1,96.1,8687,78,1
switzerland-025,2026-08-01,67.8,71.8,51.5,95.3,131.2,79.4,3999,32,0
switzerland-025,2026-08-02,66.5,82.7,52.2,95.8,139.6,87.7,8959,85,0
switzerland-025,2026-08-03,72.3,78.1,47.9,96.1,136.8,88.0,1949,18,0
switzerland-025,2026-08-04,75.4,75.2,48.7,95.5,140.2,87.0,1663,14,1
switzerland-025,2026-08-05,73.7,74.6,37.7,95.1,138.4,88.3,1404,13,0
switzerland-025,2026-08-06,70.5,83.5,36.7,96.6,134.1,85.4,7618,74,0
switzerland-025,2026-08-07,75.8,90.9,47.7,97.4,139.6,90.1,7850,69,0
switzerland-026,2026-08-01,64.9,66.4,42.7,96.7,133.3,83.5,4584,42,0
switzerland-026,2026-08-02,71.4,87.6,40.7,95.9,124.3,81.6,7967,69,0
switzerland-026,2026-08-03,71.2,86.0,35.2,95.7,133.7,82.8,8694,80,0
switzerland-026,2026-08-04,65.7,61.6,50.3,94.5,132.8,81.1,542,0,0
switzerland-026,2026-08-05,72.3,80.8,47.0,95.3,132.6,86.3,3775,36,0
switzerland-026,2026-08-06,73.8,72.0,39.8,96.3,147.4,89.6,2965,26,0
switzerland-026,2026-08-07,74.6,78.0,41.9,96.1,134.7,82.9,4351,40,0
switzerland-027,2026-08-01,68.3,79.5,43.2,96.1,126.4,83.3,7171,57,1
switzerland-027,2026-08-02,63.0,65.3,21.8,95.2,124.9,80.5,2861,25,1
switzerland-027,2026-08-03,72.0,80.7,45.1,94.3,131.1,87.9,6040,51,0
switzerland-027,2026-08-04,70.1,78.6,56.1,96.3,137.1,91.4,3001,26,0
switzerland-027,2026-08-05,70.6,78.7,32.8,94.3,140.7,86.6,6027,55,0
switzerland-027,2026-08-06,66.1,72.5,40.5,95.9,150.6,100.0,2836,23,1
switzerland-027,2026-08-07,74.8,80.3,37.1,94.9,133.4,83.5,3019,17,0
switzerland-028,2026-08-01,69.7,81.9,45.5,96.1,122.7,79.6,7895,74,0
switzerland-028,2026-08-02,67.6,85.2,39.6,97.4,129.9,81.1,7063,62,0
switzerland-028,2026-08-03,75.9,89.1,41.8,96.7,135.2,90.6,5979,58,0
switzerland-028,2026-08-04,72.3,79.6,33.5,95.5,140.9,90.1,4807,53,0
switzerland-028,2026-08-05,73.0,77.0,40.4,97.4,131.0,82.3,4850,40,0
switzerland-028,2026-08-06,75.8,81.2,34.9,96.5,137.9,88.1,6961,60,0
switzerland-028,2026-08-07,71.5,80.5,34.0,95.1,122.7,73.9,3649,37,1
switzerland-029,2026-08-01,73.3,87.2,37.9,95.7,136.3,83.1,6384,56,0
switzerland-029,2026-08-02,72.3,81.2,36.1,95.6,127.1,83.3,4127,35,0
switzerland-029,2026-08-03,72.7,86.9,37.9,96.0,147.0,96.9,7286,67,0
switzerland-029,2026-08-04,72.8,79.7,31.7,96.4,130.1,80.0,4949,39,0
switzerland-029,2026-08-05,62.2,73.9,40.1,95.0,149.1,93.2,5559,55,0
switzerland-029,2026-08-06,68.9,82.4,35.9,95.5,136.8,86.0,7078,74,0
switzerland-029,2026-08-07,70.7,78.3,33.9,95.6,137.5,91.1,6316,54,0
switzerland-030,2026-08-01,68.6,80.0,35.8,95.9,124.9,78.2,6642,57,0
switzerland-030,2026-08-02,72.2,78.1,53.4,95.8,147.7,89.3,3054,36,0
switzerland-030,2026-08-03,71.2,77.7,48.5,95.2,136.6,90.0,4336,44,0
switzerland-030,2026-08-04,68.3,74.8,33.5,96.8,140.4,95.1,5231,44,0
switzerland-030,2026-08-05,77.8,86.0,30.9,95.0,126.8,78.2,5104,49,0
switzerland-030,2026-08-06,70.2,80.3,26.0,96.9,136.7,91.8,5686,44,0
switzerland-030,2026-08-07,70.8,71.5,47.5,96.6,135.4,84.1,570,1,0
switzerland-031,2026-08-01,66.1,74.7,42.2,97.3,130.5,86.7,6484,54,0
switzerland-031,2026-08-02,66.9,76.4,33.5,98.0,131.9,89.4,3340,31,0
switzerland-031,2026-08-03,71.1,87.6,34.7,96.1,143.7,96.0,9212,88,1
switzerland-031,2026-08-04,79.0,86.1,35.6,95.5,147.3,98.0,5039,46,0
switzerland-031,2026-08-05,71.7,85.0,43.9,95.3,126.4,84.2,6130,53,0
switzerland-031,2026-08-06,78.6,85.2,43.7,94.6,131.1,79.4,5737,50,0
switzerland-031,2026-08-07,75.4,84.6,37.6,96.2,128.3,84.9,4313,42,0
switzerland-032,2026-08-01,69.9,79.1,22.7,97.6,118.2,72.5,5247,46,0
switzerland-032,2026-08-02,74.0,83.3,27.9,96.3,130.9,85.6,4460,39,0
switzerland-032,2026-08-03,75.1,85.6,46.8,96.3,143.1,92.7,2636,29,0
switzerland-032,2026-08-04,79.0,91.4,52.6,95.7,134.7,90.6,4056,50,0
switzerland-032,2026-08-05,65.8,74.1,40.4,94.8,143.8,96.1,7670,67,0
switzerland-032,2026-08-06,71.5,76.5,37.9,97.4,140.4,92.0,4732,45,0
switzerland-032,2026-08-07,68.4,81.6,49.0,96.1,143.0,94.8,8431,68,0
switzerland-033,2026-08-01,63.2,74.6,30.2,97.2,136.7,85.8,5387,52,0
switzerland-033,2026-08-02,69.6,84.9,46.8,94.8,136.2,82.5,4902,42,1
switzerland-033,2026-08-03,72.0,81.4,30.6,94.0,143.4,92.5,5892,45,0
switzerland-033,2026-08-04,72.0,83.7,53.9,96.8,142.2,88.2,5926,50,1
switzerland-033,2026-08-05,68.1,79.9,44.9,93.8,132.1,88.1,7384,69,0
switzerland-033,2026-08-06,72.6,76.1,50.9,96.9,145.4,87.4,3252,22,0
switzerland-033,2026-08-07,69.4,78.5,43.0,95.2,131.2,79.6,6560,58,1
switzerland-034,2026-08-01,74.9,88.0,43.5,95.8,127.1,81.4,7713,65,0
switzerland-034,2026-08-02,70.2,74.0,37.4,94.6,142.6,91.2,2381,16,0
switzerland-034,2026-08-03,65.9,81.5,42.9,95.9,128.8,82.4,5544,59,1
switzerland-034,2026-08-04,74.7,77.4,39.4,94.2,119.4,78.1,2343,22,0
switzerland-034,2026-08-05,73.2,88.1,43.9,95.1,141.6,90.1,6460,64,0
switzerland-034,2026-08-06,73.7,80.4,26.1,94.2,141.2,85.5,2963,27,1
switzerland-034,2026-08-07,70.0,77.8,43.3,96.1,138.0,89.4,5123,44,0
switzerland-035,2026-08-01,71.3,60.0,31.5,96.0,133.7,85.9,1672,19,0
switzerland-035,2026-08-02,74.1,60.0,30.2,95.7,132.2,83.6,6343,55,1
switzerland-035,2026-08-03,71.6,60.0,33.7,96.2,145.9,93.3,2795,19,0
switzerland-035,2026-08-04,62.6,60.0,32.6,95.6,134.2,85.2,3507,36,0
switzerland-035,2026-08-05,70.1,60.0,42.4,96.0,140.4,90.6,6178,54,0
switzerland-035,2026-08-06,82.2,60.0,30.8,97.3,144.4,89.4,6259,54,1
switzerland-035,2026-08-07,70.0,60.0,34.9,96.3,128.9,84.6,6898,64,0
switzerland-036,2026-08-01,62.9,75.2,45.7,96.7,127.2,83.3,8753,71,0
switzerland-036,2026-08-02,75.2,81.6,37.6,95.6,139.0,88.8,4457,41,0
switzerland-036,2026-08-03,70.8,83.8,39.1,96.6,142.2,93.5,7714,70,0
switzerland-036,2026-08-04,79.4,95.0,57.3,97.9,138.1,88.9,7863,70,0
switzerland-036,2026-08-05,79.1,86.7,49.9,95.9,150.7,90.4,4197,36,0
switzerland-036,2026-08-06,69.3,77.5,26.9,95.2,139.1,94.0,6825,64,0
switzerland-036,2026-08-07,70.6,77.1,46.1,95.4,126.0,81.9,3857,29,0
switzerland-037,2026-08-01,69.5,69.0,38.1,95.1,132.6,87.7,1470,18,0
switzerland-037,2026-08-02,75.6,87.4,42.6,96.1,121.9,80.2,4745,42,0
switzerland-037,2026-08-03,74.0,75.7,33.8,97.2,131.9,83.1,2885,14,0
switzerland-037,2026-08-04,65.2,82.8,31.2,94.6,136.1,90.7,6952,64,0
switzerland-037,2026-08-05,80.1,80.4,38.1,95.5,158.9,96.8,4140,29,0
switzerland-037,2026-08-06,74.0,90.6,27.4,95.7,145.3,93.5,5880,59,0
switzerland-037,2026-08-07,73.5,79.2,35.9,95.9,123.6,81.3,4374,46,0
switzerland-038,2026-08-01,71.5,81.7,28.0,95.9,143.2,91.8,4358,38,0
switzerland-038,2026-08-02,74.5,86.3,30.0,96.6,123.4,76.9,4951,45,0
switzerland-038,2026-08-03,71.4,81.7,40.5,95.7,143.7,89.5,4091,43,0
switzerland-038,2026-08-04,68.1,71.1,36.3,96.4,117.3,79.4,4095,30,1
switzerland-038,2026-08-05,69.6,84.0,34.8,94.6,135.3,91.9,7761,79,0
switzerland-038,2026-08-06,75.0,89.4,42.8,97.9,156.5,98.4,7220,64,0
switzerland-038,2026-08-07,74.5,80.4,46.1,95.4,128.7,83.3,3565,41,0
switzerland-039,2026-08-01,70.8,85.1,25.7,94.5,145.5,89.7,9670,87,0
switzerland-039,2026-08-02,61.7,77.3,35.4,95.8,125.9,82.9,7881,72,0
switzerland-039,2026-08-03,66.3,69.1,36.1,93.5,127.4,82.1,1465,16,1
switzerland-039,2026-08-04,74.2,84.5,24.9,94.7,147.3,92.5,6366,60,0
switzerland-039,2026-08-05,72.5,83.5,49.0,96.4,145.9,91.2,6245,53,0
switzerland-039,2026-08-06,69.4,84.0,29.9,96.4,136.0,87.2,6317,63,0
switzerland-039,2026-08-07,69.5,78.5,35.3,96.5,134.0,83.7,3666,42,1
switzerland-040,2026-08-01,69.6,77.4,53.4,94.7,130.9,85.8,5566,47,0
switzerland-040,2026-08-02,72.0,81.9,50.5,96.6,146.5,94.0,6063,47,0
switzerland-040,2026-08-03,78.8,82.0,50.5,95.7,129.9,78.4,4604,48,0
switzerland-040,2026-08-04,74.8,81.2,30.1,95.3,141.9,94.4,2387,16,0
switzerland-040,2026-08-05,72.5,79.1,29.8,96.4,134.8,88.0,4274,41,0
switzerland-040,2026-08-06,70.5,80.6,38.3,96.3,132.8,81.1,5470,52,0
switzerland-040,2026-08-07,71.9,80.0,43.4,94.7,125.4,83.2,4788,32,0
switzerland-041,2026-08-01,62.3,69.6,28.8,95.7,121.5,74.7,5426,52,0
switzerland-041,2026-08-02,69.1,80.8,36.2,96.4,136.9,91.2,5340,46,0
switzerland-041,2026-08-03,72.1,78.3,48.4,95.8,136.3,91.4,4856,42,0
switzerland-041,2026-08-04,72.1,79.3,47.3,96.8,141.0,93.9,5124,41,0
switzerland-041,2026-08-05,69.7,69.3,42.6,96.9,121.9,80.6,0,0,0
switzerland-041,2026-08-06,77.6,89.6,45.2,95.0,128.3,82.9,7837,66,0
switzerland-041,2026-08-07,66.7,75.5,40.4,96.2,117.5,71.3,5549,50,0
switzerland-042,2026-08-01,55.9,59.2,50.9,98.0,117.7,74.4,5226,43,0
switzerland-042,2026-08-02,59.8,63.2,59.3,97.4,133.9,81.3,3473,33,0
switzerland-042,2026-08-03,52.6,64.1,53.5,98.2,128.7,82.5,7197,62,0
switzerland-042,2026-08-04,58.7,68.2,50.5,95.9,129.3,86.0,5016,49,0
switzerland-042,2026-08-05,65.1,81.2,52.5,95.9,131.6,89.3,12628,112,0
switzerland-042,2026-08-06,61.3,83.8,57.3,97.8,110.8,69.7,10708,89,0
switzerland-042,2026-08-07,62.2,73.4,51.5,99.8,116.8,77.8,8403,72,0
switzerland-043,2026-08-01,74.2,77.3,52.3,98.0,120.9,76.0,3223,24,0
switzerland-043,2026-08-02,67.2,73.9,18.7,97.4,145.1,88.6,3256,35,1
switzerland-043,2026-08-03,64.9,75.1,41.6,95.6,139.4,90.7,6142,56,0
switzerland-043,2026-08-04,75.3,89.3,49.7,94.8,147.1,98.0,6825,58,0
switzerland-043,2026-08-05,72.4,81.7,37.3,95.9,133.3,86.4,4895,33,1
switzerland-043,2026-08-06,74.2,85.2,44.4,96.0,130.4,86.1,6156,52,1
switzerland-043,2026-08-07,73.4,80.3,38.3,97.3,143.8,88.9,2046,14,0
switzerland-044,2026-08-01,74.1,84.3,32.7,96.5,123.8,77.4,3010,17,1
switzerland-044,2026-08-02,72.1,86.9,22.7,96.6,145.5,94.7,6691,66,0
switzerland-044,2026-08-03,67.1,79.8,51.2,96.1,138.3,93.8,3942,41,0
switzerland-044,2026-08-04,73.9,88.7,42.7,95.9,126.7,81.9,7456,67,0
switzerland-044,2026-08-05,72.7,76.2,40.5,96.7,130.6,83.1,3762,35,0
switzerland-044,2026-08-06,69.1,80.4,37.9,96.7,138.2,89.8,6522,58,1
switzerland-044,2026-08-07,74.5,80.5,27.8,96.6,126.6,82.6,7070,65,0
switzerland-045,2026-08-01,74.0,83.4,18.1,96.6,146.4,93.4,4655,44,0
switzerland-045,2026-08-02,74.7,92.4,48.8,96.7,133.0,86.8,7425,73,0
switzerland-045,2026-08-03,73.3,78.5,42.9,97.0,142.1,88.0,1799,19,0
switzerland-045,2026-08-04,77.9,85.1,30.6,97.5,144.8,88.7,3454,32,0
switzerland-045,2026-08-05,69.2,78.7,42.6,95.6,148.4,100.8,3627,33,0
switzerland-045,2026-08-06,66.3,80.4,44.6,95.4,139.3,92.7,6520,57,0
switzerland-045,2026-08-07,69.8,76.8,41.0,94.9,153.7,92.9,4070,35,0
switzerland-046,2026-08-01,68.1,86.8,34.7,96.0,151.4,98.2,7952,72,0
switzerland-046,2026-08-02,74.5,82.0,43.9,95.4,154.0,101.8,6097,58,1
switzerland-046,2026-08-03,72.5,79.1,36.8,96.0,150.9,91.5,2806,22,0
switzerland-046,2026-08-04,74.1,81.3,45.0,96.3,132.8,89.6,2818,24,0
switzerland-046,2026-08-05,71.8,81.8,29.3,98.6,130.1,86.1,6895,62,0
switzerland-046,2026-08-06,66.3,77.4,51.6,96.3,135.2,90.3,3016,27,0
switzerland-046,2026-08-07,73.1,80.0,40.8,98.4,133.5,89.1,4372,36,0
switzerland-047,2026-08-01,73.9,77.0,19.1,96.1,132.1,85.3,2757,23,1
switzerland-047,2026-08-02,65.1,70.1,38.5,95.2,122.8,76.8,3696,33,0
switzerland-047,2026-08-03,68.1,78.0,23.9,97.1,149.2,99.7,4028,43,0
switzerland-047,2026-08-04,69.2,78.2,36.3,96.1,140.8,85.9,4462,47,0
switzerland-047,2026-08-05,70.8,75.9,36.8,94.6,128.5,82.0,2119,20,0
switzerland-047,2026-08-06,73.2,88.6,52.8,96.2,149.6,97.9,7865,71,0
switzerland-047,2026-08-07,72.3,79.6,39.4,93.9,136.2,82.2,2659,19,0
switzerland-048,2026-08-01,59.2,69.4,57.1,97.4,134.1,89.3,6608,66,0
switzerland-048,2026-08-02,62.2,77.7,67.9,96.3,117.1,78.9,8634,79,0
switzerland-048,2026-08-03,55.7,72.8,56.5,99.0,111.6,73.2,6575,58,0
switzerland-048,2026-08-04,57.2,71.5,61.9,96.9,130.6,82.6,8116,65,0
switzerland-048,2026-08-05,60.7,79.5,45.8,97.7,130.0,80.6,9404,82,0
switzerland-048,2026-08-06,65.5,79.4,57.5,97.3,123.3,77.4,7012,69,0
switzerland-048,2026-08-07,58.8,68.7,55.4,96.3,115.3,77.1,5425,45,0
switzerland-049,2026-08-01,72.2,78.0,44.3,94.5,144.5,97.2,4530,50,0
switzerland-049,2026-08-02,76.4,85.5,31.9,95.3,134.4,86.0,5164,51,0
switzerland-049,2026-08-03,77.5,90.0,40.8,96.5,132.4,88.6,6099,59,0
switzerland-049,2026-08-04,69.7,84.0,41.5,97.5,143.7,90.4,7473,61,0
switzerland-049,2026-08-05,67.4,69.9,35.1,97.8,132.9,84.8,2444,24,0
switzerland-049,2026-08-06,66.2,77.1,38.7,96.8,133.7,87.4,6691,56,1
switzerland-049,2026-08-07,74.0,88.6,32.5,94.8,138.2,85.4,5964,59,0
switzerland-050,2026-08-01,69.5,74.5,30.4,94.4,148.5,94.1,1976,24,0
switzerland-050,2026-08-02,70.8,86.9,31.0,96.4,142.5,91.5,7409,72,0
switzerland-050,2026-08-03,66.8,75.5,46.9,93.8,136.9,86.4,4163,37,0
switzerland-050,2026-08-04,75.4,95.2,42.0,95.8,130.3,86.1,8844,76,0
switzerland-050,2026-08-05,68.4,75.4,33.0,96.9,138.2,88.4,4446,40,0
switzerland-050,2026-08-06,67.4,83.8,33.3,95.0,142.9,97.2,8324,76,0
switzerland-050,2026-08-07,71.8,78.4,38.3,96.1,142.4,94.6,3259,33,0
switzerland-051,2026-08-01,69.9,77.2,49.6,95.8,133.0,88.8,4022,30,0
switzerland-051,2026-08-02,70.4,80.0,31.3,97.5,131.4,80.9,4607,41,0
switzerland-051,2026-08-03,75.3,85.0,56.8,94.3,139.8,94.4,8662,79,0
switzerland-051,2026-08-04,72.9,80.6,43.4,95.3,140.7,90.2,3836,36,1
switzerland-051,2026-08-05,72.0,84.6,42.2,94.8,150.3,95.4,6670,61,1
switzerland-051,2026-08-06,63.3,63.9,32.8,96.7,155.0,94.6,657,4,0
switzerland-051,2026-08-07,72.0,81.9,27.1,97.0,142.9,86.3,6340,54,1
switzerland-052,2026-08-01,60.8,69.8,62.3,95.7,133.9,88.5,6497,59,0
switzerland-052,2026-08-02,58.5,70.6,39.8,96.1,109.4,68.7,4888,44,0
switzerland-052,2026-08-03,60.8,79.1,52.7,97.7,143.0,95.0,8402,87,0
switzerland-052,2026-08-04,63.9,84.7,58.7,96.5,113.8,74.3,8787,84,0
switzerland-052,2026-08-05,64.2,80.0,59.3,97.4,121.1,75.8,6925,62,0
switzerland-052,2026-08-06,62.6,75.8,71.5,97.7,133.3,89.4,5147,44,0
switzerland-052,2026-08-07,60.1,76.6,55.0,97.1,134.7,84.6,7210,68,1
switzerland-053,2026-08-01,68.5,77.9,33.7,96.4,141.5,96.0,4214,34,1
switzerland-053,2026-08-02,70.2,77.3,33.0,96.8,146.7,93.8,1914,19,0
switzerland-053,2026-08-03,64.8,73.5,41.7,95.6,126.7,78.7,6315,64,0
switzerland-053,2026-08-04,79.9,84.2,51.6,92.5,157.6,102.2,846,3,1
switzerland-053,2026-08-05,69.7,76.8,37.5,96.5,132.8,79.9,6614,56,0
switzerland-053,2026-08-06,68.4,73.5,32.2,94.3,140.1,92.0,3538,28,0
switzerland-053,2026-08-07,75.9,87.2,29.9,95.5,131.1,83.5,4584,51,0
switzerland-054,2026-08-01,70.7,81.0,29.5,96.0,131.9,84.0,6824,62,0
switzerland-054,2026-08-02,72.2,84.9,48.3,96.4,136.6,91.0,4935,45,0
switzerland-054,2026-08-03,68.5,82.0,33.6,95.7,148.4,91.9,4946,42,0
switzerland-054,2026-08-04,73.0,87.3,44.8,94.7,156.2,103.9,7262,68,1
switzerland-054,2026-08-05,76.0,88.6,37.9,95.6,139.1,89.3,5637,56,1
switzerland-054,2026-08-06,69.4,81.8,39.6,94.3,130.8,80.7,6593,59,0
switzerland-054,2026-08-07,74.7,79.4,35.4,95.0,141.5,94.7,3339,29,0
switzerland-055,2026-08-01,68.2,78.1,35.7,95.6,126.7,80.9,6023,58,0
switzerland-055,2026-08-02,63.0,76.2,26.9,95.2,137.9,89.1,4638,44,0
switzerland-055,2026-08-03,72.2,81.6,36.4,97.1,155.0,98.2,4117,38,0
switzerland-055,2026-08-04,75.5,77.9,39.1,97.2,129.2,82.5,4293,39,0
switzerland-055,2026-08-05,77.1,83.0,41.3,96.1,128.5,81.7,4248,39,0
switzerland-055,2026-08-06,78.0,83.0,41.6,96.3,137.2,89.6,4622,42,0
switzerland-055,2026-08-07,68.3,78.4,34.8,95.7,154.5,98.2,4758,41,0
switzerland-056,2026-08-01,65.3,78.9,40.9,98.4,133.6,86.8,6707,61,0
switzerland-056,2026-08-02,58.7,75.9,57.8,96.0,112.4,73.6,8051,79,0
switzerland-056,2026-08-03,67.3,77.7,51.3,97.2,123.7,76.0,7035,56,0
switzerland-056,2026-08-04,62.6,81.0,51.1,98.0,109.8,74.0,10382,91,0
switzerland-056,2026-08-05,61.2,65.1,46.4,99.5,127.7,83.4,5742,52,0
switzerland-056,2026-08-06,60.1,75.5,57.8,97.9,132.9,87.0,8492,82,0
switzerland-056,2026-08-07,63.6,77.4,54.4,96.7,122.4,76.6,7326,75,0
switzerland-057,2026-08-01,67.6,70.9,54.1,94.8,156.9,100.8,932,15,0
switzerland-057,2026-08-02,74.7,87.6,42.0,96.4,148.5,92.4,6124,53,0
switzerland-057,2026-08-03,67.7,72.1,35.0,95.7,146.6,95.0,6923,59,0
switzerland-057,2026-08-04,70.9,75.8,40.2,95.9,127.4,80.2,2807,26,0
switzerland-057,2026-08-05,65.1,76.5,32.4,98.0,144.0,96.7,3177,34,0
switzerland-057,2026-08-06,67.9,75.9,38.9,96.4,142.6,96.4,3206,29,0
switzerland-057,2026-08-07,69.6,74.9,31.8,95.5,153.6,97.6,4371,43,0
switzerland-058,2026-08-01,64.6,78.0,38.2,96.1,139.7,93.0,5364,48,0
switzerland-058,2026-08-02,66.4,76.0,30.0,95.4,139.9,87.3,4643,56,0
switzerland-058,2026-08-03,71.6,79.9,19.2,96.2,148.3,98.5,5416,49,0
switzerland-058,2026-08-04,70.4,76.6,31.5,96.4,135.5,88.1,5796,48,1
switzerland-058,2026-08-05,81.5,87.6,34.7,96.8,126.5,81.5,4615,50,0
switzerland-058,2026-08-06,75.8,76.5,49.4,96.4,144.3,89.0,2573,17,1
switzerland-058,2026-08-07,67.3,77.0,38.7,95.7,133.2,83.3,3228,36,0
switzerland-059,2026-08-01,77.0,82.0,27.8,97.3,141.2,91.8,2623,21,0
switzerland-059,2026-08-02,74.5,82.0,35.1,96.0,120.3,78.6,7366,70,0
switzerland-059,2026-08-03,67.8,76.8,27.6,98.3,137.5,93.0,6484,59,0
switzerland-059,2026-08-04,67.8,82.0,41.5,95.0,134.3,87.8,7473,55,0
switzerland-059,2026-08-05,71.7,82.0,40.0,96.3,145.8,89.6,8621,82,0
switzerland-059,2026-08-06,69.8,70.9,47.0,97.8,147.3,92.7,910,8,0
switzerland-059,2026-08-07,77.2,82.0,46.3,96.2,124.5,79.6,5076,48,1
switzerland-060,2026-08-01,65.1,69.6,15.3,95.1,150.6,102.3,2084,11,0
switzerland-060,2026-08-02,77.6,93.1,42.6,96.9,130.9,87.3,8584,78,0
switzerland-060,2026-08-03,65.7,68.0,27.9,95.1,123.5,80.0,548,1,1
switzerland-060,2026-08-04,70.9,80.3,42.8,97.7,158.7,98.5,4447,38,0
switzerland-060,2026-08-05,71.5,89.4,36.0,95.1,117.3,79.6,7578,75,1
switzerland-060,2026-08-06,69.0,81.5,49.6,94.9,138.6,94.1,5178,45,0
switzerland-060,2026-08-07,72.9,79.3,48.8,93.5,141.5,89.4,4581,42,0
switzerland-061,2026-08-01,73.7,85.7,38.3,96.1,137.2,90.6,5097,41,1
switzerland-061,2026-08-02,70.5,81.4,39.8,95.9,149.4,100.7,5122,51,0
switzerland-061,2026-08-03,75.7,87.2,21.4,92.5,144.5,97.1,5633,58,1
switzerland-061,2026-08-04,75.3,79.4,30.9,95.8,140.5,94.5,4355,37,0
switzerland-061,2026-08-05,79.4,84.2,34.5,96.2,124.8,80.9,3404,25,0
switzerland-061,2026-08-06,73.6,76.4,24.6,97.1,146.7,95.7,1975,13,0
switzerland-061,2026-08-07,68.0,77.7,45.0,96.2,139.4,88.2,4660,42,1
switzerland-062,2026-08-01,74.1,83.7,48.3,96.0,126.1,85.4,4513,37,0
switzerland-062,2026-08-02,67.0,70.9,42.0,97.9,141.2,90.6,1950,27,0
switzerland-062,2026-08-03,72.6,84.2,44.7,97.2,132.2,79.5,4955,49,0
switzerland-062,2026-08-04,75.8,82.3,25.8,96.4,140.2,88.4,4505,41,0
switzerland-062,2026-08-05,77.6,86.8,45.4,95.5,129.6,80.7,5160,39,0
switzerland-062,2026-08-06,63.2,73.3,29.4,97.2,141.6,90.0,6278,54,0
switzerland-062,2026-08-07,72.2,88.9,44.8,95.5,144.1,93.7,6897,60,0
switzerland-063,2026-08-01,73.1,74.7,38.9,95.5,133.5,87.2,2797,22,0
switzerland-063,2026-08-02,74.5,85.5,46.8,95.7,131.0,85.0,5442,56,0
switzerland-063,2026-08-03,72.1,82.4,38.7,97.0,155.5,93.7,5970,53,0
switzerland-063,2026-08-04,70.7,81.5,37.7,96.6,138.8,83.7,5181,42,1
switzerland-063,2026-08-05,67.5,79.8,40.3,96.5,130.5,85.5,6096,65,0
switzerland-063,2026-08-06,69.7,74.4,40.6,96.0,147.1,97.6,5804,51,1
switzerland-063,2026-08-07,65.2,74.2,35.4,95.9,138.2,84.4,5022,47,0
switzerland-064,2026-08-01,70.9,75.9,26.5,94.6,144.4,92.2,2732,18,0
switzerland-064,2026-08-02,68.5,70.6,39.7,93.4,131.8,88.8,4347,44,0
switzerland-064,2026-08-03,74.1,78.9,39.8,96.5,140.4,90.7,3507,43,1
switzerland-064,2026-08-04,75.0,86.1,27.8,97.8,163.1,99.9,5467,40,0
switzerland-064,2026-08-05,66.9,67.5,37.2,96.5,125.1,77.2,1919,15,0
switzerland-064,2026-08-06,74.9,84.8,38.6,96.6,137.3,87.1,4846,41,1
switzerland-064,2026-08-07,71.0,73.1,44.8,97.0,135.8,84.8,2609,22,0
switzerland-065,2026-08-01,75.2,84.4,40.7,96.4,139.7,88.3,7072,56,0
switzerland-065,2026-08-02,78.4,90.3,33.5,95.7,126.9,76.7,6184,64,1
switzerland-065,2026-08-03,72.6,83.7,23.4,97.2,127.4,84.3,5448,52,0
switzerland-065,2026-08-04,74.0,72.4,43.0,97.8,128.6,84.7,2125,10,0
switzerland-065,2026-08-05,70.6,87.2,43.1,96.6,132.9,85.4,8529,80,0
switzerland-065,2026-08-06,71.1,78.8,52.3,95.8,139.8,94.9,3764,31,0
switzerland-065,2026-08-07,72.5,79.0,31.4,94.9,128.2,80.0,5095,45,0
switzerland-066,2026-08-01,71.0,80.4,28.0,96.1,154.8,99.4,2280,28,0
switzerland-066,2026-08-02,72.1,75.3,30.0,95.1,148.8,100.6,3253,16,0
switzerland-066,2026-08-03,69.5,77.3,34.4,96.4,131.5,83.0,4682,31,0
switzerland-066,2026-08-04,67.2,67.4,30.5,96.2,138.9,92.8,5695,45,0
switzerland-066,2026-08-05,74.8,78.7,34.7,96.7,129.5,77.9,3252,33,0
switzerland-066,2026-08-06,70.3,82.1,42.7,95.5,150.5,91.5,4327,40,1
switzerland-066,2026-08-07,68.6,73.5,36.9,95.3,139.9,90.5,5581,41,0
switzerland-067,2026-08-01,71.7,75.5,24.2,95.1,145.5,87.7,349,0,1
switzerland-067,2026-08-02,73.9,82.6,40.8,95.0,140.4,92.9,5102,44,0
switzerland-067,2026-08-03,74.8,80.2,24.8,95.2,144.6,89.9,4038,28,0
switzerland-067,2026-08-04,74.2,79.9,32.2,94.2,126.0,84.9,5105,40,0
switzerland-067,2026-08-05,76.7,88.5,38.5,95.7,132.9,80.6,4340,44,0
switzerland-067,2026-08-06,70.3,78.6,32.9,94.4,138.0,87.0,2430,33,0
switzerland-067,2026-08-07,80.5,92.3,32.3,96.8,139.3,94.1,4303,46,0
switzerland-068,2026-08-01,64.1,73.4,38.7,94.8,143.3,93.1,3813,31,0
switzerland-068,2026-08-02,75.3,82.4,39.0,95.9,134.5,88.1,4117,35,0
switzerland-068,2026-08-03,66.2,65.8,40.3,95.9,136.5,82.9,1749,17,0
switzerland-068,2026-08-04,68.2,78.3,40.7,95.4,132.9,82.1,5696,55,0
switzerland-068,2026-08-05,72.4,74.5,25.6,96.4,135.8,90.9,4206,29,0
switzerland-068,2026-08-06,72.0,75.7,29.6,96.5,137.5,85.9,4988,51,0
switzerland-068,2026-08-07,69.8,75.9,30.1,95.6,130.5,83.2,6434,59,1
switzerland-069,2026-08-01,74.4,85.0,24.4,96.2,144.1,92.1,5423,45,0
switzerland-069,2026-08-02,76.5,84.7,34.4,95.4,132.0,80.2,3608,38,0
switzerland-069,2026-08-03,69.9,82.6,25.2,96.0,138.9,84.3,4924,47,0
switzerland-069,2026-08-04,81.9,94.8,36.3,96.6,133.0,85.0,3306,39,0
switzerland-069,2026-08-05,76.4,89.8,40.0,95.6,137.3,90.1,5559,58,0
switzerland-069,2026-08-06,75.3,89.0,22.3,95.6,135.9,83.4,8097,74,1
switzerland-069,2026-08-07,75.6,79.5,34.7,95.5,147.1,90.6,3183,21,0
switzerland-070,2026-08-01,67.3,76.8,27.6,97.0,144.6,92.5,3709,40,0
switzerland-070,2026-08-02,71.9,89.1,31.5,96.3,147.6,93.7,6392,64,0
switzerland-070,2026-08-03,72.3,78.0,41.6,94.9,127.0,81.3,4121,36,0
switzerland-070,2026-08-04,70.6,84.8,40.6,96.5,123.6,76.2,5991,55,0
switzerland-070,2026-08-05,76.0,81.0,20.9,96.8,140.4,90.2,3348,29,0
switzerland-070,2026-08-06,73.9,81.2,48.5,94.6,143.2,92.3,3900,35,0
switzerland-070,2026-08-07,67.9,70.4,44.7,96.1,144.1,93.0,1406,15,0
switzerland-071,2026-08-01,69.2,75.3,43.4,94.9,142.4,89.9,4585,36,0
switzerland-071,2026-08-02,78.4,94.3,51.6,96.5,141.0,93.0,8336,78,1
switzerland-071,2026-08-03,71.8,81.6,39.0,95.2,133.1,83.9,4051,39,1
switzerland-071,2026-08-04,74.4,83.9,36.9,92.2,130.9,80.5,3355,34,0
switzerland-071,2026-08-05,70.1,67.9,36.0,96.0,144.4,95.0,3543,27,0
switzerland-071,2026-08-06,66.5,77.3,32.9,95.5,142.8,94.7,1820,18,0
switzerland-071,2026-08-07,75.2,78.4,34.4,95.5,133.7,90.0,2820,26,1
switzerland-072,2026-08-01,69.7,82.7,46.0,96.1,106.8,66.5,6490,57,0
switzerland-072,2026-08-02,73.2,80.9,36.2,95.4,143.9,92.0,5557,51,0
switzerland-072,2026-08-03,70.4,78.4,40.4,96.8,147.6,99.8,6610,53,0
switzerland-072,2026-08-04,66.7,74.5,48.2,95.0,128.6,77.3,3522,43,0
switzerland-072,2026-08-05,69.3,71.9,22.7,95.3,132.3,83.0,1984,18,0
switzerland-072,2026-08-06,72.9,80.6,42.0,97.2,117.0,77.7,2397,18,0
switzerland-072,2026-08-07,70.5,78.1,29.3,97.6,118.1,78.3,3306,21,0
switzerland-073,2026-08-01,70.8,79.3,35.0,95.2,123.4,76.6,3448,35,0
switzerland-073,2026-08-02,73.0,79.9,40.3,95.6,154.4,98.8,4635,44,0
switzerland-073,2026-08-03,74.8,85.6,41.5,96.6,138.3,84.1,6548,54,0
switzerland-073,2026-08-04,67.1,75.5,41.5,95.2,132.2,79.6,5934,65,0
switzerland-073,2026-08-05,73.5,79.0,29.8,96.8,137.5,93.1,4372,42,0
switzerland-073,2026-08-06,65.8,69.3,29.9,94.6,146.2,91.2,2627,28,0
switzerland-073,2026-08-07,75.1,79.1,33.6,96.9,137.7,83.9,5525,48,1
switzerland-074,2026-08-01,69.1,76.8,46.7,94.6,150.0,100.8,5551,43,0
switzerland-074,2026-08-02,81.0,94.0,30.1,97.2,149.5,92.7,3751,43,0
switzerland-074,2026-08-03,70.7,78.4,28.7,96.5,139.6,89.7,2393,21,0
switzerland-074,2026-08-04,70.9,77.8,34.7,94.5,133.0,80.1,5960,50,0
switzerland-074,2026-08-05,70.9,80.3,28.9,96.8,143.1,90.4,4187,39,0
switzerland-074,2026-08-06,73.1,81.1,30.7,95.5,137.5,93.2,2879,25,0
switzerland-074,2026-08-07,71.0,89.1,37.8,97.1,155.2,99.6,8370,78,0
switzerland-075,2026-08-01,74.4,82.2,42.8,95.3,115.5,76.3,4433,47,1
switzerland-075,2026-08-02,67.9,80.5,30.6,98.7,124.7,81.6,4722,52,0
switzerland-075,2026-08-03,71.1,77.5,24.5,95.6,137.9,84.1,4434,43,0
switzerland-075,2026-08-04,72.2,84.9,26.0,96.2,140.0,90.1,7604,63,0
switzerland-075,2026-08-05,66.5,74.9,31.4,97.6,133.3,87.8,4726,47,1
switzerland-075,2026-08-06,63.5,70.4,40.2,96.2,147.0,96.4,4275,43,0
switzerland-075,2026-08-07,71.0,81.0,32.5,97.2,126.2,84.7,5273,52,0
switzerland-076,2026-08-01,72.4,79.2,36.6,96.1,144.9,87.4,2816,26,0
switzerland-076,2026-08-02,68.6,74.7,39.9,95.7,140.7,85.2,4795,45,0
switzerland-076,2026-08-03,66.4,76.5,39.9,93.6,136.7,87.9,6102,54,0
switzerland-076,2026-08-04,76.4,82.4,46.6,94.7,137.2,86.4,2358,17,1
switzerland-076,2026-08-05,71.4,79.6,38.0,95.3,121.0,75.7,4602,44,0
switzerland-076,2026-08-06,76.3,80.4,44.6,96.2,128.8,84.7,2746,19,0
switzerland-076,2026-08-07,73.4,91.5,34.9,97.0,131.5,89.1,6562,59,0
switzerland-077,2026-08-01,72.8,76.6,34.5,95.6,137.8,88.3,4244,37,1
switzerland-077,2026-08-02,66.2,67.0,38.9,96.1,137.9,89.5,3265,26,0
switzerland-077,2026-08-03,75.0,75.6,46.2,97.6,135.2,84.8,1588,8,0
switzerland-077,2026-08-04,68.3,84.5,34.9,96.9,132.5,81.1,8174,65,0
switzerland-077,2026-08-05,77.7,85.6,43.3,95.3,139.0,84.4,3878,35,0
switzerland-077,2026-08-06,78.9,84.6,32.1,97.1,141.4,86.1,4549,41,0
switzerland-077,2026-08-07,68.3,75.0,31.3,95.1,150.1,95.5,5020,48,0
switzerland-078,2026-08-01,71.4,73.2,34.6,96.7,144.4,87.1,2066,19,0
switzerland-078,2026-08-02,73.6,87.3,31.8,96.3,161.9,109.3,7195,67,0
switzerland-078,2026-08-03,74.7,85.7,42.2,96.1,127.5,78.9,5605,45,0
switzerland-078,2026-08-04,71.9,71.9,44.9,96.3,139.5,86.6,3279,25,0
switzerland-078,2026-08-05,81.3,89.5,23.3,94.8,132.0,86.5,5259,44,0
switzerland-078,2026-08-06,70.8,77.0,34.8,95.9,157.1,94.3,4397,27,0
switzerland-078,2026-08-07,75.0,86.6,36.4,96.8,133.5,84.2,5991,49,0
switzerland-079,2026-08-01,72.2,80.3,47.9,96.5,124.2,83.9,3590,36,1
switzerland-079,2026-08-02,75.2,77.2,33.5,95.5,135.5,90.7,3116,33,0
switzerland-079,2026-08-03,75.8,76.8,41.2,96.2,137.4,89.7,2574,19,0
switzerland-079,2026-08-04,80.0,86.7,21.5,97.1,128.1,78.8,2905,20,0
switzerland-079,2026-08-05,71.8,79.8,56.9,96.0,139.8,88.6,3326,27,1
switzerland-079,2026-08-06,77.9,84.3,29.5,96.6,142.0,90.0,3220,24,0
switzerland-079,2026-08-07,70.3,72.5,40.1,97.2,136.0,82.3,2410,18,0
switzerland-080,2026-08-01,72.7,83.3,33.1,96.7,132.4,81.9,6467,63,1
switzerland-080,2026-08-02,75.6,77.4,33.7,95.3,132.6,88.0,2685,38,0
switzerland-080,2026-08-03,75.1,78.6,29.8,95.6,142.8,87.8,4282,43,0
switzerland-080,2026-08-04,74.7,79.1,51.0,95.0,129.0,81.5,4870,40,0
switzerland-080,2026-08-05,74.8,86.3,32.6,97.2,138.0,83.4,5276,45,0
switzerland-080,2026-08-06,70.5,71.5,31.9,96.4,144.9,89.3,3054,28,1
switzerland-080,2026-08-07,64.5,72.0,43.3,95.8,128.7,87.5,5338,49,1
switzerland-081,2026-08-01,68.2,63.0,33.2,97.5,158.4,101.6,5552,52,0
switzerland-081,2026-08-02,63.5,63.0,38.8,97.9,148.8,98.4,4601,40,0
switzerland-081,2026-08-03,73.0,63.0,26.4,96.6,137.9,93.0,6573,51,1
switzerland-081,2026-08-04,70.6,63.0,26.3,95.3,129.4,79.5,5454,51,0
switzerland-081,2026-08-05,71.1,63.0,49.2,96.7,137.2,83.6,5796,51,0
switzerland-081,2026-08-06,70.6,63.0,32.2,95.4,132.4,79.8,7965,77,0
switzerland-081,2026-08-07,70.5,63.0,32.3,97.8,141.9,89.2,5134,42,0
switzerland-082,2026-08-01,77.5,81.8,29.3,95.4,146.6,88.7,4380,26,1
switzerland-082,2026-08-02,70.2,76.4,39.7,96.0,149.0,93.9,4340,32,0
switzerland-082,2026-08-03,76.6,88.0,30.3,95.6,133.2,81.3,8354,58,0
switzerland-082,2026-08-04,70.7,82.7,39.5,97.2,136.8,88.3,6458,61,0
switzerland-082,2026-08-05,76.6,87.6,34.8,96.3,144.0,88.2,6913,57,0
switzerland-082,2026-08-06,68.5,79.2,42.2,96.2,151.2,96.5,5905,56,0
switzerland-082,2026-08-07,73.8,80.7,51.4,96.1,138.0,84.6,5114,40,1
switzerland-083,2026-08-01,69.2,72.5,41.7,96.0,132.6,87.6,4332,39,0
switzerland-083,2026-08-02,67.0,80.7,28.1,95.3,129.9,86.4,8086,77,1
switzerland-083,2026-08-03,72.5,84.5,30.4,97.3,157.3,106.8,7367,64,0
switzerland-083,2026-08-04,78.9,88.3,37.5,96.4,146.9,93.6,5695,56,0
switzerland-083,2026-08-05,80.0,88.1,26.9,95.5,136.3,91.8,3467,33,0
switzerland-083,2026-08-06,75.0,82.7,31.9,95.6,149.3,91.5,3800,39,0
switzerland-083,2026-08-07,70.8,77.2,44.2,96.6,141.4,87.6,5208,46,0
switzerland-084,2026-08-01,75.7,70.0,44.8,94.9,131.1,88.5,3993,39,0
switzerland-084,2026-08-02,67.4,70.0,39.3,93.9,147.8,99.1,5524,51,0
switzerland-084,2026-08-03,74.2,70.0,41.0,95.2,141.7,85.7,4998,40,0
switzerland-084,2026-08-04,78.2,70.0,32.9,96.4,147.6,90.9,3519,36,0
switzerland-084,2026-08-05,70.4,70.0,25.1,94.0,124.2,80.8,5938,66,0
switzerland-084,2026-08-06,72.8,70.0,40.5,97.0,147.9,92.3,4901,48,0
switzerland-084,2026-08-07,81.3,70.0,34.5,96.5,114.3,76.3,6810,54,1
switzerland-085,2026-08-01,67.8,72.1,38.8,97.0,142.4,93.7,2863,25,0
switzerland-085,2026-08-02,71.8,79.6,20.5,96.8,145.1,87.4,5503,48,0
switzerland-085,2026-08-03,79.1,86.8,34.7,94.3,139.2,94.6,5176,47,0
switzerland-085,2026-08-04,75.1,83.9,34.2,94.1,150.3,94.2,2357,28,0
switzerland-085,2026-08-05,67.9,76.9,27.6,95.6,150.4,102.1,5028,48,0
switzerland-085,2026-08-06,66.9,73.6,37.5,96.9,134.9,81.9,4037,37,0
switzerland-085,2026-08-07,74.9,83.1,34.4,96.1,128.8,81.0,3773,33,0
switzerland-086,2026-08-01,71.0,79.2,11.3,96.5,141.4,91.3,4779,49,0
switzerland-086,2026-08-02,73.9,77.6,40.2,96.4,143.8,92.8,4383,44,1
switzerland-086,2026-08-03,79.3,85.4,29.5,95.9,152.0,102.0,3229,35,1
switzerland-086,2026-08-04,65.0,70.6,33.9,96.7,135.6,82.6,3865,32,0
switzerland-086,2026-08-05,79.6,91.2,37.3,94.3,140.1,88.3,6880,61,0
switzerland-086,2026-08-06,68.6,83.8,41.3,96.1,135.0,89.9,7175,67,0
switzerland-086,2026-08-07,74.3,81.7,26.4,94.4,153.4,101.6,4872,53,0
switzerland-087,2026-08-01,65.7,67.4,30.7,96.1,152.0,102.4,118,15,1
switzerland-087,2026-08-02,75.1,86.6,34.9,95.8,129.5,80.7,4430,33,0
switzerland-087,2026-08-03,81.3,97.8,31.4,95.4,144.8,90.0,6481,66,0
switzerland-087,2026-08-04,76.2,86.3,30.5,97.1,145.8,94.0,3846,34,1
switzerland-087,2026-08-05,72.9,76.9,33.6,95.6,129.0,83.0,2898,26,0
switzerland-087,2026-08-06,71.5,78.7,26.9,97.0,132.1,82.8,4558,47,0
switzerland-087,2026-08-07,71.2,86.1,36.0,95.9,147.8,100.2,7023,71,0
switzerland-088,2026-08-01,72.7,80.7,33.9,97.8,138.6,88.6,4930,45,1
switzerland-088,2026-08-02,76.5,92.7,29.1,97.0,152.5,95.0,6904,68,0
switzerland-088,2026-08-03,72.4,74.2,33.9,98.1,139.4,88.1,2663,19,0
switzerland-088,2026-08-04,67.2,79.1,29.6,94.1,152.1,102.1,5288,42,0
switzerland-088,2026-08-05,73.2,82.7,31.1,96.6,146.1,91.1,5925,58,0
switzerland-088,2026-08-06,71.1,88.5,14.8,95.5,134.5,89.3,6238,57,0
switzerland-088,2026-08-07,64.9,74.7,37.1,95.5,129.7,81.9,3319,26,0
switzerland-089,2026-08-01,71.8,74.9,47.7,95.7,128.4,85.4,4586,33,1
switzerland-089,2026-08-02,77.4,77.0,45.2,96.7,139.5,94.2,5429,58,0
switzerland-089,2026-08-03,72.3,77.0,32.8,96.5,132.6,79.8,5752,54,0
switzerland-089,2026-08-04,70.8,76.2,34.3,95.3,150.7,93.8,1817,9,0
switzerland-089,2026-08-05,71.3,77.0,43.9,95.8,128.7,79.4,5859,63,0
switzerland-089,2026-08-06,72.0,77.0,35.3,94.0,139.7,89.8,7921,77,0
switzerland-089,2026-08-07,78.5,77.0,35.1,96.3,124.5,81.0,5749,50,0
switzerland-090,2026-08-01,74.5,79.0,48.7,96.7,151.8,97.0,3507,29,0
switzerland-090,2026-08-02,80.0,86.3,35.2,96.5,127.5,77.1,3992,42,0
switzerland-090,2026-08-03,76.7,82.9,31.2,97.4,149.8,90.2,2941,30,0
switzerland-090,2026-08-04,73.2,82.4,34.7,95.1,125.9,76.7,5268,35,0
switzerland-090,2026-08-05,71.7,74.0,43.1,95.7,143.3,88.4,694,5,0
switzerland-090,2026-08-06,72.2,73.8,36.9,96.8,138.4,86.8,2698,16,0
switzerland-090,2026-08-07,70.1,68.0,40.1,95.0,134.3,80.8,3528,29,0
switzerland-091,2026-08-01,72.4,83.1,27.3,97.8,132.4,89.5,2998,32,0
switzerland-091,2026-08-02,78.2,83.7,30.1,97.7,137.7,83.7,3962,37,0
switzerland-091,2026-08-03,75.0,77.0,38.2,96.7,137.9,87.5,2083,18,0
switzerland-091,2026-08-04,64.6,69.7,22.8,96.5,124.8,75.1,3234,24,0
switzerland-091,2026-08-05,75.1,85.7,26.1,95.1,149.6,90.6,5388,46,1
switzerland-091,2026-08-06,77.5,82.1,31.3,94.8,129.9,80.9,4531,41,0
switzerland-091,2026-08-07,70.8,80.9,30.3,95.8,145.5,93.2,3753,32,0
switzerland-092,2026-08-01,74.4,73.4,36.1,98.3,143.7,93.6,4366,41,0
switzerland-092,2026-08-02,67.8,86.2,29.2,94.6,132.9,85.4,6330,63,0
switzerland-092,2026-08-03,72.0,81.6,41.1,95.1,130.8,87.0,4669,32,0
switzerland-092,2026-08-04,76.1,85.6,22.3,95.3,133.1,89.3,4669,46,1
switzerland-092,2026-08-05,81.7,93.1,32.8,95.1,122.5,73.9,5973,48,0
switzerland-092,2026-08-06,65.8,77.1,39.9,95.7,129.4,87.4,6418,52,1
switzerland-092,2026-08-07,72.6,67.1,30.8,95.9,147.9,96.9,1259,0,1
switzerland-093,2026-08-01,70.0,81.4,30.9,95.9,139.4,89.3,6743,52,1
switzerland-093,2026-08-02,68.0,81.0,38.8,96.4,139.4,84.9,6419,59,0
switzerland-093,2026-08-03,70.9,86.1,23.1,97.3,129.8,78.8,6400,59,0
switzerland-093,2026-08-04,70.0,79.7,41.9,95.1,127.8,79.5,3097,37,0
switzerland-093,2026-08-05,69.0,73.4,37.3,97.2,142.4,93.9,2098,17,0
switzerland-093,2026-08-06,77.1,84.0,38.8,96.2,144.3,94.9,3788,29,0
switzerland-093,2026-08-07,73.4,76.9,33.2,96.6,129.0,79.0,2759,20,0
switzerland-094,2026-08-01,69.7,78.3,20.3,95.1,136.3,87.1,5383,45,0
switzerland-094,2026-08-02,72.1,86.3,32.7,95.6,146.0,88.1,6255,62,1
switzerland-094,2026-08-03,67.5,72.7,32.8,95.3,132.7,85.2,5547,47,0
switzerland-094,2026-08-04,79.8,97.7,38.9,95.0,151.4,98.5,8785,81,0
switzerland-094,2026-08-05,79.0,87.4,31.0,97.4,134.1,84.7,4701,47,0
switzerland-094,2026-08-06,78.4,92.1,34.9,95.0,148.8,101.1,6019,50,0
switzerland-094,2026-08-07,70.4,81.9,38.1,96.6,134.1,80.8,6399,63,0
switzerland-095,2026-08-01,67.6,82.4,36.6,96.8,141.1,95.5,7900,61,0
switzerland-095,2026-08-02,74.9,81.1,28.3,95.8,142.4,94.2,1456,21,0
switzerland-095,2026-08-03,73.4,85.7,48.0,95.3,131.0,83.0,5517,45,0
switzerland-095,2026-08-04,69.5,81.2,38.5,96.3,139.0,93.7,5812,57,0
switzerland-095,2026-08-05,74.0,89.1,44.1,96.6,136.8,82.1,7683,73,1
switzerland-095,2026-08-06,70.9,82.0,37.2,97.9,145.6,89.7,4534,38,0
switzerland-095,2026-08-07,73.8,83.9,42.8,96.6,120.8,77.9,4479,43,0
switzerland-096,2026-08-01,76.0,72.0,38.0,95.9,144.6,97.4,5831,48,0
switzerland-096,2026-08-02,71.9,72.0,39.6,97.5,130.6,80.9,6640,59,0
switzerland-096,2026-08-03,78.1,72.0,12.6,97.4,129.7,83.1,3219,36,1
switzerland-096,2026-08-04,77.5,72.0,40.4,95.7,130.8,80.9,6980,65,1
switzerland-096,2026-08-05,65.3,72.0,32.0,95.7,148.6,90.2,6581,68,1
switzerland-096,2026-08-06,75.0,72.0,41.5,93.8,142.8,93.0,4175,48,1
switzerland-096,2026-08-07,72.6,72.0,36.5,96.6,147.8,97.0,4959,46,1
switzerland-097,2026-08-01,76.6,91.4,30.9,98.6,148.4,89.9,7403,71,0
switzerland-097,2026-08-02,75.7,94.3,45.7,95.4,123.3,79.7,7851,71,1
switzerland-097,2026-08-03,71.1,80.6,51.6,95.6,137.5,86.2,4162,41,0
switzerland-097,2026-08-04,70.6,71.3,21.3,95.2,133.1,89.3,3217,21,0
switzerland-097,2026-08-05,75.8,85.5,30.5,95.6,145.3,89.0,6819,61,1
switzerland-097,2026-08-06,71.8,79.5,28.2,96.9,152.8,96.6,2877,33,0
switzerland-097,2026-08-07,71.4,82.2,43.6,94.9,128.9,81.0,3132,33,0
switzerland-098,2026-08-01,69.5,72.0,39.6,97.4,142.8,97.1,5235,40,1
switzerland-098,2026-08-02,73.3,72.0,24.9,96.2,144.4,88.3,800,7,0
switzerland-098,2026-08-03,73.1,72.0,31.6,96.6,141.6,89.8,2711,25,0
switzerland-098,2026-08-04,65.3,72.0,31.4,96.5,146.1,95.0,796,10,1
switzerland-098,2026-08-05,71.3,72.0,41.0,96.8,149.6,91.0,1927,15,0
switzerland-098,2026-08-06,74.5,72.0,33.5,95.6,137.6,86.5,3382,30,0
switzerland-098,2026-08-07,71.9,72.0,48.0,97.2,135.2,84.1,6868,59,0
switzerland-099,2026-08-01,75.8,78.0,43.1,96.3,137.5,87.8,4931,50,0
switzerland-099,2026-08-02,76.2,78.0,52.2,94.4,141.8,92.8,7479,65,0
switzerland-099,2026-08-03,74.7,78.0,33.7,96.0,142.8,95.4,4488,45,0
switzerland-099,2026-08-04,80.6,78.0,40.5,95.6,145.3,91.2,5746,53,0
switzerland-099,2026-08-05,75.8,78.0,26.7,96.5,147.7,88.7,1508,10,0
switzerland-099,2026-08-06,64.7,78.0,35.2,94.5,140.6,84.5,8933,78,0
switzerland-099,2026-08-07,72.3,76.8,35.5,96.0,133.1,85.6,3947,30,1
switzerland-100,2026-08-01,73.8,81.3,37.7,95.8,133.1,81.6,6063,52,0
switzerland-100,2026-08-02,72.5,85.7,43.4,96.7,140.0,88.0,4577,48,0
switzerland-100,2026-08-03,74.5,85.6,35.1,96.0,147.7,96.9,4166,46,0
switzerland-100,2026-08-04,68.3,79.3,30.7,96.3,139.6,92.0,6007,59,0
switzerland-100,2026-08-05,81.3,98.7,46.4,95.8,130.1,83.5,8864,87,0
switzerland-100,2026-08-06,77.9,84.5,19.0,97.1,141.1,86.8,4804,45,0
switzerland-100,2026-08-07,71.9,79.4,40.6,95.7,124.7,81.6,2936,20,0
switzerland-101,2026-08-01,69.3,79.2,24.0,95.9,128.1,80.0,4766,44,0
switzerland-101,2026-08-02,73.5,89.6,44.4,93.9,142.9,92.4,7167,69,1
switzerland-101,2026-08-03,74.3,79.0,37.2,93.6,141.3,95.5,2094,22,0
switzerland-101,2026-08-04,71.5,79.8,35.6,96.3,114.7,72.7,4795,31,1
switzerland-101,2026-08-05,73.5,80.3,40.0,95.6,140.4,95.1,4739,33,0
switzerland-101,2026-08-06,76.8,92.0,31.5,95.0,131.2,81.1,5160,53,0
switzerland-101,2026-08-07,69.9,75.2,33.2,96.6,127.4,84.3,5367,43,0
switzerland-102,2026-08-01,81.5,86.0,31.8,96.3,134.6,81.1,3514,30,1
switzerland-102,2026-08-02,66.9,70.8,39.3,97.1,146.1,90.7,2988,22,1
switzerland-102,2026-08-03,71.0,77.6,43.9,96.9,151.4,92.9,2982,27,0
switzerland-102,2026-08-04,74.6,81.7,46.9,95.8,147.3,90.3,4811,47,0
switzerland-102,2026-08-05,74.9,82.7,21.1,96.5,129.8,78.7,3926,42,1
switzerland-102,2026-08-06,76.7,86.0,36.5,95.9,136.4,83.7,8883,72,0
switzerland-102,2026-08-07,77.6,81.2,26.8,94.2,151.5,96.4,3756,34,0
switzerland-103,2026-08-01,73.3,78.4,27.1,95.2,151.7,100.3,5746,52,0
switzerland-103,2026-08-02,77.5,82.8,48.9,94.1,111.6,72.3,3561,25,0
switzerland-103,2026-08-03,68.1,75.9,33.5,96.6,141.6,85.2,5438,40,0
switzerland-103,2026-08-04,71.7,81.6,27.6,95.3,137.4,92.5,7388,73,1
switzerland-103,2026-08-05,75.8,85.0,44.6,95.0,141.6,91.8,5137,43,1
switzerland-103,2026-08-06,66.7,66.2,59.0,96.1,159.2,103.4,1695,17,1
switzerland-103,2026-08-07,65.7,74.1,21.6,95.1,135.1,87.9,2774,25,0
switzerland-104,2026-08-01,72.9,88.8,36.9,94.6,148.6,97.3,7433,71,0
switzerland-104,2026-08-02,73.2,79.4,27.9,95.1,155.8,101.7,2633,26,0
switzerland-104,2026-08-03,69.6,73.9,40.1,96.9,142.9,95.8,3231,31,0
switzerland-104,2026-08-04,77.7,81.5,26.0,94.1,151.8,97.1,3938,30,0
switzerland-104,2026-08-05,72.8,81.0,37.1,96.8,134.2,82.8,5316,52,0
switzerland-104,2026-08-06,73.2,80.7,43.2,95.5,158.3,101.9,4414,38,0
switzerland-104,2026-08-07,75.9,80.3,34.1,97.9,136.1,81.8,3858,44,0
switzerland-105,2026-08-01,74.6,88.4,24.8,98.6,131.9,80.5,7626,67,0
switzerland-105,2026-08-02,73.1,81.2,42.5,95.6,116.4,74.6,4708,43,0
switzerland-105,2026-08-03,72.4,82.5,48.0,96.0,146.1,98.8,4070,31,1
switzerland-105,2026-08-04,74.8,80.7,36.6,96.3,119.1,76.0,4805,39,0
switzerland-105,2026-08-05,69.1,82.3,24.0,96.0,123.1,81.8,3393,30,0
switzerland-105,2026-08-06,75.0,81.9,35.6,96.6,138.3,89.5,5828,56,0
switzerland-105,2026-08-07,71.3,84.6,27.0,95.4,139.7,87.3,6361,62,0
switzerland-106,2026-08-01,72.1,82.8,31.9,95.2,136.4,91.9,7367,66,0
switzerland-106,2026-08-02,65.3,82.6,42.2,94.6,146.2,93.5,5898,55,0
switzerland-106,2026-08-03,69.3,77.7,34.5,97.5,141.9,85.2,4899,39,1
switzerland-106,2026-08-04,78.6,81.3,40.2,94.7,137.7,84.6,2828,20,0
switzerland-106,2026-08-05,77.5,87.8,35.7,98.5,134.2,89.4,2598,31,0
switzerland-106,2026-08-06,66.4,72.9,39.5,95.2,144.3,93.5,5080,44,1
switzerland-106,2026-08-07,73.1,74.2,32.2,96.7,157.4,105.8,1344,4,0
switzerland-107,2026-08-01,73.9,74.7,37.9,95.9,148.9,96.3,2759,27,0
switzerland-107,2026-08-02,72.2,84.8,35.1,96.3,142.8,92.4,4656,43,0
switzerland-107,2026-08-03,73.3,79.3,29.8,95.5,144.3,94.0,1446,18,0
switzerland-107,2026-08-04,78.7,88.5,35.4,96.3,149.3,92.3,3960,35,0
switzerland-107,2026-08-05,70.5,75.2,30.4,96.5,139.6,94.5,2338,21,0
switzerland-107,2026-08-06,71.5,82.6,40.2,96.4,143.3,94.9,7470,62,0
switzerland-107,2026-08-07,78.4,88.1,30.9,95.2,139.3,92.2,6748,59,0
switzerland-108,2026-08-01,72.1,83.2,54.0,96.4,145.9,97.7,4797,47,0
switzerland-108,2026-08-02,73.6,81.1,30.7,96.4,141.3,86.1,6441,55,0
switzerland-108,2026-08-03,69.2,74.9,29.8,95.0,137.6,87.0,4814,42,0
switzerland-108,2026-08-04,75.1,86.0,29.1,95.1,127.3,77.6,6435,63,0
switzerland-108,2026-08-05,76.0,78.3,35.1,96.9,146.1,89.2,4117,36,0
switzerland-108,2026-08-06,80.7,92.4,26.9,94.1,148.6,94.0,5098,45,0
switzerland-108,2026-08-07,71.4,86.8,38.6,97.1,135.3,83.8,6557,53,0
switzerland-109,2026-08-01,70.8,67.0,39.0,97.0,141.4,86.1,4081,35,0
switzerland-109,2026-08-02,70.9,67.0,21.7,95.4,139.4,87.0,1409,17,0
switzerland-109,2026-08-03,79.8,67.0,40.3,97.0,145.0,92.6,6140,54,0
switzerland-109,2026-08-04,72.9,67.0,24.7,95.2,139.1,84.7,1830,16,0
switzerland-109,2026-08-05,77.2,67.0,26.7,95.7,141.8,85.7,3563,38,0
switzerland-109,2026-08-06,72.7,67.0,39.4,98.0,138.0,91.1,3772,31,0
switzerland-109,2026-08-07,70.4,67.0,27.5,92.8,153.0,100.7,5717,47,1
switzerland-110,2026-08-01,66.1,79.5,61.6,97.7,134.2,84.4,5362,53,0
switzerland-110,2026-08-02,66.7,82.6,50.3,97.2,130.0,87.6,8349,71,0
switzerland-110,2026-08-03,62.8,77.8,50.6,98.5,126.6,77.6,9316,82,0
switzerland-110,2026-08-04,62.6,68.9,44.0,97.2,128.7,83.4,5268,39,0
switzerland-110,2026-08-05,72.1,84.6,63.5,98.8,114.8,71.3,4584,50,0
switzerland-110,2026-08-06,65.0,79.7,39.6,97.4,124.9,77.8,8528,77,0
switzerland-110,2026-08-07,69.7,85.8,46.2,97.6,146.8,92.0,6788,64,0
switzerland-111,2026-08-01,78.2,85.7,30.2,96.5,144.2,86.6,5132,42,0
switzerland-111,2026-08-02,71.7,82.5,42.6,96.4,143.3,88.5,5126,46,1
switzerland-111,2026-08-03,71.9,77.2,31.0,96.9,135.1,84.0,956,7,0
switzerland-111,2026-08-04,77.1,88.7,41.2,97.3,137.4,85.0,8595,78,0
switzerland-111,2026-08-05,75.4,86.8,20.2,95.2,137.5,86.9,7783,74,0
switzerland-111,2026-08-06,72.1,77.1,26.1,96.0,125.4,77.0,2691,17,0
switzerland-111,2026-08-07,77.4,82.8,40.0,95.5,148.7,96.4,3033,30,0
switzerland-112,2026-08-01,73.2,85.7,43.7,97.3,144.6,91.4,5443,45,0
switzerland-112,2026-08-02,81.4,90.0,26.7,95.1,145.7,93.2,6876,71,1
switzerland-112,2026-08-03,71.6,75.3,34.9,95.9,139.8,94.9,2089,18,0
switzerland-112,2026-08-04,69.3,73.7,30.8,95.4,120.5,81.9,1859,8,1
switzerland-112,2026-08-05,72.4,79.8,30.9,97.1,135.8,87.6,2450,23,0
switzerland-112,2026-08-06,67.5,74.7,30.8,97.6,149.0,100.0,4511,42,0
switzerland-112,2026-08-07,75.6,82.7,24.2,95.5,136.7,86.2,4990,46,0
switzerland-113,2026-08-01,73.7,82.8,44.9,97.4,131.2,79.4,3753,35,0
switzerland-113,2026-08-02,71.4,84.7,46.4,95.6,147.4,94.4,4387,43,0
switzerland-113,2026-08-03,71.7,83.3,45.0,96.5,142.3,93.1,5084,58,0
switzerland-113,2026-08-04,75.4,80.1,36.7,95.6,137.5,86.1,2942,23,0
switzerland-113,2026-08-05,74.0,85.6,33.7,94.9,156.0,99.7,6700,53,0
switzerland-113,2026-08-06,76.7,82.4,35.7,96.5,134.3,86.9,3351,32,0
switzerland-113,2026-08-07,69.6,83.2,33.1,97.4,143.7,86.7,5230,44,0
switzerland-114,2026-08-01,74.5,91.2,38.3,96.9,129.8,80.5,8483,85,1
switzerland-114,2026-08-02,72.5,88.9,35.6,95.5,136.7,82.5,7488,65,0
switzerland-114,2026-08-03,71.6,82.9,35.9,94.7,147.0,97.1,3468,27,1
switzerland-114,2026-08-04,73.5,73.2,39.8,95.2,151.2,99.8,1969,15,0
switzerland-114,2026-08-05,70.6,83.9,25.6,96.3,141.4,92.8,6556,59,0
switzerland-114,2026-08-06,76.6,85.8,36.1,97.0,138.2,87.3,3935,42,0
switzerland-114,2026-08-07,76.4,92.2,29.1,97.1,145.8,91.4,6329,62,0
switzerland-115,2026-08-01,71.2,82.4,23.3,95.2,147.8,97.5,4387,38,0
switzerland-115,2026-08-02,72.5,80.1,43.0,95.9,139.0,86.7,4929,43,0
switzerland-115,2026-08-03,74.1,80.5,28.9,95.0,143.0,86.4,3752,29,0
switzerland-115,2026-08-04,75.6,91.6,28.1,96.7,145.6,89.3,5938,61,0
switzerland-115,2026-08-05,71.5,79.2,28.6,96.6,136.5,84.0,3093,29,0
switzerland-115,2026-08-06,71.9,76.9,17.3,93.6,145.6,93.6,4725,50,0
switzerland-115,2026-08-07,69.5,79.8,15.5,95.4,146.5,88.2,6264,58,0
switzerland-116,2026-08-01,75.7,90.4,20.2,92.8,144.8,87.1,7239,69,0
switzerland-116,2026-08-02,70.7,81.6,30.2,97.0,145.4,88.2,4607,37,0
switzerland-116,2026-08-03,74.7,82.4,36.9,96.5,137.0,90.9,2777,23,1
switzerland-116,2026-08-04,76.2,86.1,40.1,95.6,130.7,83.9,4275,42,1
switzerland-116,2026-08-05,65.9,65.4,26.1,95.9,145.6,91.7,1464,8,0
switzerland-116,2026-08-06,71.0,72.9,25.3,96.0,150.1,99.4,2867,25,0
switzerland-116,2026-08-07,79.8,89.9,19.7,96.2,134.2,88.7,4261,32,0
switzerland-117,2026-08-01,72.2,70.6,33.0,95.1,139.8,86.3,127,0,0
switzerland-117,2026-08-02,72.1,82.3,27.8,95.9,147.0,98.1,5140,41,1
switzerland-117,2026-08-03,69.6,84.4,23.6,94.6,136.4,91.8,7039,68,0
switzerland-117,2026-08-04,75.7,81.5,35.7,97.3,141.3,89.3,3634,33,0
switzerland-117,2026-08-05,77.6,84.5,44.0,96.0,144.5,91.6,4112,38,0
switzerland-117,2026-08-06,76.2,84.7,36.2,96.9,141.5,93.0,6363,54,1
switzerland-117,2026-08-07,67.1,74.3,30.4,96.6,137.6,91.9,6667,65,0
switzerland-118,2026-08-01,73.2,69.2,45.5,95.4,140.2,87.1,2691,16,0
switzerland-118,2026-08-02,67.4,64.4,18.9,96.6,128.7,79.6,0,1,0
switzerland-118,2026-08-03,73.8,82.5,32.8,95.5,139.0,90.2,2929,21,0
switzerland-118,2026-08-04,65.0,79.9,34.2,95.2,141.1,89.3,7052,62,0
switzerland-118,2026-08-05,68.6,79.4,33.6,95.2,130.6,79.2,5848,66,0
switzerland-118,2026-08-06,75.3,85.4,27.9,97.4,161.3,101.1,7491,65,0
switzerland-118,2026-08-07,77.6,86.2,31.3,96.7,143.5,94.0,5325,56,0
switzerland-119,2026-08-01,74.2,80.1,24.9,95.0,145.2,91.1,4527,46,0
switzerland-119,2026-08-02,69.5,76.9,32.9,96.5,153.8,98.0,4995,52,1
switzerland-119,2026-08-03,68.4,80.3,36.7,95.3,146.1,89.2,7566,72,0
switzerland-119,2026-08-04,77.4,81.9,23.2,97.2,139.5,88.6,3971,33,0
switzerland-119,2026-08-05,73.1,87.1,56.4,96.2,134.1,85.4,6544,58,0
switzerland-119,2026-08-06,76.9,92.0,34.4,97.2,149.0,96.5,6723,60,0
switzerland-119,2026-08-07,79.0,78.2,30.0,94.5,146.8,92.0,3322,29,0
switzerland-120,2026-08-01,69.2,79.0,35.9,96.3,141.9,94.6,4758,44,0
switzerland-120,2026-08-02,78.2,86.1,24.4,96.4,152.7,92.9,1908,12,1
switzerland-120,2026-08-03,69.4,74.7,34.7,93.3,133.2,88.8,2605,22,0
switzerland-120,2026-08-04,72.1,80.4,36.1,97.4,132.2,88.9,4135,41,0
switzerland-120,2026-08-05,68.1,76.6,22.7,96.2,137.1,92.5,4213,50,0
switzerland-120,2026-08-06,79.5,93.7,38.2,95.2,143.0,93.3,7950,74,0
switzerland-120,2026-08-07,72.8,86.0,36.2,96.7,144.9,97.2,5832,49,1
switzerland-121,2026-08-01,69.9,77.6,57.4,98.0,127.4,82.5,7462,51,0
switzerland-121,2026-08-02,65.7,79.4,54.7,99.0,133.5,89.5,6790,67,0
switzerland-121,2026-08-03,62.6,75.4,56.6,97.1,133.6,88.4,6532,61,0
switzerland-121,2026-08-04,67.3,79.6,57.4,96.7,120.8,76.2,7784,73,0
switzerland-121,2026-08-05,62.0,71.1,54.4,97.8,126.2,83.8,6674,61,0
switzerland-121,2026-08-06,69.2,83.2,55.9,97.8,124.2,79.6,6198,56,0
switzerland-121,2026-08-07,70.2,75.1,34.4,98.3,131.8,87.3,4321,35,0
switzerland-122,2026-08-01,72.7,86.8,21.2,98.2,156.0,100.2,4129,46,0
switzerland-122,2026-08-02,75.7,88.4,29.2,95.7,141.0,87.5,4569,42,1
switzerland-122,2026-08-03,78.6,90.3,22.1,96.2,151.9,94.6,3620,34,0
switzerland-122,2026-08-04,77.0,84.0,38.4,95.6,158.1,105.8,6159,61,0
switzerland-122,2026-08-05,74.4,86.5,25.4,96.6,116.9,74.3,3873,32,0
switzerland-122,2026-08-06,68.2,78.4,34.4,96.4,140.9,92.6,4568,46,0
switzerland-122,2026-08-07,73.4,74.6,22.2,96.8,145.2,89.2,3079,30,0
switzerland-123,2026-08-01,72.0,79.4,34.3,95.5,130.4,79.9,5222,48,0
switzerland-123,2026-08-02,71.6,73.5,37.1,97.6,150.9,102.3,4571,40,0
switzerland-123,2026-08-03,78.0,79.7,31.8,96.1,136.9,89.8,1931,13,0
switzerland-123,2026-08-04,71.3,76.9,38.8,95.2,149.8,93.7,3841,27,0
switzerland-123,2026-08-05,72.7,79.4,32.3,96.9,141.4,88.7,2906,24,0
switzerland-123,2026-08-06,81.5,85.3,33.2,96.0,148.4,99.4,1742,10,0
switzerland-123,2026-08-07,73.3,76.7,29.4,95.0,127.7,84.1,887,11,0
va-001,2026-08-01,67.7,73.8,43.5,96.4,134.4,88.6,4887,46,1
va-001,2026-08-02,66.9,74.6,50.9,95.2,140.6,87.7,4602,41,0
va-001,2026-08-03,70.3,73.9,38.0,95.0,136.0,82.9,1286,5,0
va-001,2026-08-04,76.0,86.4,37.3,96.3,131.5,79.0,5098,57,0
va-001,2026-08-05,72.7,80.1,28.6,96.9,157.0,97.7,3410,33,1
va-001,2026-08-06,76.2,88.3,26.7,97.3,147.0,91.9,5440,54,0
va-001,2026-08-07,73.7,76.2,33.3,96.3,140.7,94.5,4313,39,1
va-002,2026-08-01,61.7,79.2,54.0,98.1,116.7,74.9,8369,83,0
va-002,2026-08-02,58.9,73.3,65.6,97.9,129.9,87.3,9082,92,0
va-002,2026-08-03,64.1,82.4,79.8,96.5,124.7,78.9,9285,86,0
va-002,2026-08-04,59.9,66.3,54.7,98.0,116.6,70.0,5101,46,0
va-002,2026-08-05,56.0,74.7,58.7,98.4,115.9,76.2,9101,87,0
va-002,2026-08-06,57.8,79.7,56.2,97.4,105.7,69.2,9946,91,0
va-002,2026-08-07,59.1,72.3,56.5,98.5,128.1,84.3,7670,70,0
va-003,2026-08-01,70.0,71.6,34.7,95.8,135.1,87.4,2236,22,0
va-003,2026-08-02,69.7,71.7,39.0,93.7,140.8,88.7,3028,28,0
va-003,2026-08-03,67.7,75.9,51.7,96.9,141.5,94.1,4279,37,0
va-003,2026-08-04,73.6,81.9,38.0,95.8,142.3,95.3,2860,35,0
va-003,2026-08-05,71.7,79.2,54.5,96.1,149.6,98.8,5071,45,0
va-003,2026-08-06,72.7,76.0,41.9,96.9,152.0,94.5,2055,17,1
va-003,2026-08-07,78.0,79.9,44.3,95.9,161.1,102.0,4293,33,0
va-004,2026-08-01,76.1,83.4,42.9,95.1,138.9,89.4,1339,21,0
va-004,2026-08-02,76.8,91.7,20.7,95.8,149.3,91.1,6336,64,0
va-004,2026-08-03,74.3,87.7,23.6,96.5,144.7,87.0,7090,65,0
va-004,2026-08-04,68.2,75.9,48.1,97.3,145.6,89.0,5616,47,1
va-004,2026-08-05,68.5,81.1,35.1,94.9,143.9,88.8,8954,76,0
va-004,2026-08-06,75.3,82.3,36.3,97.1,143.8,88.8,5304,42,0
va-004,2026-08-07,75.4,87.3,37.7,95.6,157.9,97.7,5720,55,0
va-005,2026-08-01,60.3,71.8,57.0,98.7,127.3,83.4,6923,71,0
va-005,2026-08-02,64.3,70.8,60.7,97.1,132.1,84.3,4237,32,0
va-005,2026-08-03,65.4,82.8,60.6,95.9,130.9,86.3,9292,90,0
va-005,2026-08-04,63.3,78.5,61.0,98.0,144.4,95.6,10557,86,0
va-005,2026-08-05,67.0,80.4,42.3,98.6,133.9,90.0,6697,56,0
va-005,2026-08-06,67.1,78.6,64.0,97.3,139.6,86.8,7962,66,0
va-005,2026-08-07,69.4,74.5,49.2,98.2,127.0,84.3,4238,29,0
va-006,2026-08-01,60.5,74.7,53.1,99.6,141.1,90.6,6920,66,0
va-006,2026-08-02,65.0,76.9,52.4,96.9,130.4,82.0,7266,55,0
va-006,2026-08-03,69.0,84.0,52.2,97.5,130.8,79.3,8809,83,0
va-006,2026-08-04,62.2,74.8,50.3,96.4,122.6,74.7,6340,56,0
va-006,2026-08-05,65.3,76.0,53.1,97.3,132.9,86.4,6059,52,0
va-006,2026-08-06,65.8,76.6,57.0,96.1,128.8,87.1,7568,66,0
va-006,2026-08-07,63.3,74.9,41.9,96.0,128.4,83.1,7415,60,0
va-007,2026-08-01,73.0,82.1,36.1,95.6,137.0,89.6,5651,54,0
va-007,2026-08-02,67.8,74.2,32.1,94.6,130.3,85.7,3369,33,0
va-007,2026-08-03,72.8,81.9,17.0,96.6,120.3,75.4,4408,42,1
va-007,2026-08-04,79.3,89.7,49.6,96.0,139.6,90.9,3450,33,0
va-007,2026-08-05,72.8,84.8,45.4,96.4,144.2,96.5,5813,57,0
va-007,2026-08-06,75.3,77.2,25.2,94.8,147.7,96.6,3213,23,0
va-007,2026-08-07,68.8,74.6,43.8,95.5,143.8,86.9,5601,54,0
va-008,2026-08-01,62.1,78.4,49.0,98.4,119.9,77.5,7847,70,0
va-008,2026-08-02,62.5,75.8,47.1,97.4,121.0,72.8,6992,64,0
va-008,2026-08-03,57.7,61.1,57.3,96.0,100.1,63.9,5285,45,0
va-008,2026-08-04,63.6,79.3,55.2,96.3,121.3,75.5,7404,67,0
va-008,2026-08-05,68.3,78.7,50.9,98.2,131.8,86.8,7768,67,0
va-008,2026-08-06,63.4,76.2,40.7,97.5,123.3,82.5,5834,58,0
va-008,2026-08-07,67.8,78.4,68.6,97.3,118.6,72.5,4413,33,0
va-009,2026-08-01,69.3,82.3,60.3,94.6,144.8,96.2,7980,69,0
va-009,2026-08-02,81.1,81.3,30.3,96.5,139.3,84.0,765,5,0
va-009,2026-08-03,81.3,88.2,40.4,96.9,136.5,82.8,4272,35,0
va-009,2026-08-04,66.0,68.7,45.4,95.9,136.3,83.8,3919,31,1
va-009,2026-08-05,70.9,82.6,41.2,95.6,140.3,85.8,5467,45,0
va-009,2026-08-06,72.9,87.4,25.6,95.9,147.3,96.3,6680,59,0
va-009,2026-08-07,70.9,78.0,36.3,96.9,134.3,82.4,5191,48,0
va-010,2026-08-01,72.4,78.3,37.9,95.2,127.6,77.5,6117,60,0
va-010,2026-08-02,71.2,81.5,45.0,95.8,144.2,92.8,3538,35,0
va-010,2026-08-03,77.3,77.4,27.5,93.7,139.3,93.7,2046,8,0
va-010,2026-08-04,78.2,79.1,35.3,96.7,141.1,85.8,3169,28,0
va-010,2026-08-05,77.2,83.1,42.2,95.9,125.8,83.1,3555,36,0
va-010,2026-08-06,81.4,91.2,41.6,97.1,134.6,87.1,6695,68,0
va-010,2026-08-07,69.1,74.8,39.1,97.1,135.9,84.9,1252,6,0
va-011,2026-08-01,65.9,82.2,51.7,97.2,124.4,77.0,9631,84,0
va-011,2026-08-02,54.3,76.1,62.0,99.2,131.1,78.9,10491,97,0
va-011,2026-08-03,63.3,81.1,53.6,98.3,114.4,74.9,5619,53,0
va-011,2026-08-04,66.8,72.4,61.9,95.2,123.1,79.1,3395,29,0
va-011,2026-08-05,58.3,71.2,65.3,93.9,126.7,84.4,7106,71,0
va-011,2026-08-06,62.1,72.4,51.6,96.9,122.6,78.2,5646,45,0
va-011,2026-08-07,57.2,71.2,46.1,97.7,130.3,87.6,7540,71,0
va-012,2026-08-01,74.4,84.1,29.8,94.9,151.2,99.9,6713,55,0
va-012,2026-08-02,75.2,79.2,30.7,95.4,156.6,102.4,5997,48,0
va-012,2026-08-03,63.6,68.4,31.6,95.2,130.7,81.3,2919,20,0
va-012,2026-08-04,65.7,74.1,37.2,96.5,143.0,91.7,3745,37,0
va-012,2026-08-05,71.7,74.9,36.0,94.9,136.8,85.7,3330,31,0
va-012,2026-08-06,75.1,76.9,45.0,94.8,147.6,91.5,835,0,0
va-012,2026-08-07,70.1,77.5,34.9,96.4,140.7,85.8,3351,30,0
va-013,2026-08-01,77.3,90.0,31.1,96.7,131.4,82.9,5587,55,0
va-013,2026-08-02,72.7,74.8,38.9,98.2,147.4,88.9,2220,15,0
va-013,2026-08-03,69.3,76.5,39.7,96.1,142.9,88.9,3611,27,0
va-013,2026-08-04,68.7,71.6,36.3,99.4,137.9,88.1,31,0,1
va-013,2026-08-05,70.5,76.4,34.3,97.0,159.0,99.1,3776,33,0
va-013,2026-08-06,72.4,75.9,32.4,94.8,147.3,94.7,3531,32,0
va-013,2026-08-07,75.8,82.1,38.3,95.5,142.6,95.6,2889,25,0
va-014,2026-08-01,66.4,72.9,35.5,96.0,122.9,75.3,5524,57,0
va-014,2026-08-02,65.7,71.1,45.4,95.8,133.6,88.7,2907,29,1
va-014,2026-08-03,70.7,78.4,27.0,95.2,141.7,85.5,5236,52,0
va-014,2026-08-04,76.2,84.5,21.2,97.1,142.9,94.6,4102,32,0
va-014,2026-08-05,75.5,85.5,34.8,96.2,137.3,86.2,5731,52,0
va-014,2026-08-06,65.3,66.3,31.3,97.3,133.7,82.2,2889,19,0
va-014,2026-08-07,71.2,72.4,29.9,95.4,142.1,91.4,1275,7,0
va-015,2026-08-01,72.8,83.4,42.9,94.6,142.2,88.1,4995,45,0
va-015,2026-08-02,68.5,71.7,36.8,94.3,142.1,85.8,2023,19,0
va-015,2026-08-03,77.5,84.8,43.0,97.2,135.2,90.9,4455,35,1
va-015,2026-08-04,71.5,79.5,35.8,96.1,146.5,92.7,2606,27,1
va-015,2026-08-05,67.7,78.0,35.2,96.3,128.9,81.1,4646,48,0
va-015,2026-08-06,71.5,89.0,31.0,95.6,145.0,89.2,8631,68,0
va-015,2026-08-07,73.0,78.7,29.7,97.2,141.0,95.5,3160,26,0
va-016,2026-08-01,64.2,83.2,56.2,97.2,133.4,81.7,10193,89,0
va-016,2026-08-02,67.2,78.1,58.5,97.8,126.2,77.2,5873,45,0
va-016,2026-08-03,65.7,75.7,50.1,96.5,138.4,93.6,5685,48,0
va-016,2026-08-04,68.9,85.4,41.6,100.0,116.2,76.6,8852,79,0
va-016,2026-08-05,64.4,76.5,46.7,98.2,127.4,79.6,7653,71,0
va-016,2026-08-06,65.1,79.4,61.3,97.4,134.1,89.4,9230,85,0
va-016,2026-08-07,62.3,66.6,56.6,96.9,120.3,80.1,4500,37,0
va-017,2026-08-01,69.9,75.2,38.7,94.9,134.0,80.4,3137,37,0
va-017,2026-08-02,68.0,75.3,27.3,95.3,160.7,105.3,4072,46,0
va-017,2026-08-03,71.3,75.6,42.4,95.9,153.6,92.4,6276,47,0
va-017,2026-08-04,71.5,73.2,21.9,97.2,138.2,90.5,3753,38,1
va-017,2026-08-05,75.2,84.0,38.9,95.7,124.6,76.7,3933,34,0
va-017,2026-08-06,71.1,84.0,29.6,96.6,132.6,89.8,6622,59,1
va-017,2026-08-07,70.5,81.9,20.9,96.3,142.7,95.5,6232,66,0
va-018,2026-08-01,67.9,76.6,47.6,95.1,144.0,87.0,6784,67,0
va-018,2026-08-02,71.6,82.5,41.2,95.7,131.5,83.4,6000,49,0
va-018,2026-08-03,69.0,84.1,49.9,97.0,126.8,84.6,6805,54,1
va-018,2026-08-04,68.3,81.5,40.2,97.4,116.6,75.4,7555,67,0
va-018,2026-08-05,73.6,91.6,34.3,96.0,134.9,86.9,10220,89,0
va-018,2026-08-06,68.7,77.7,31.5,94.5,146.4,91.5,5572,46,0
va-018,2026-08-07,70.5,78.3,42.8,95.5,128.9,79.0,6871,63,0
va-019,2026-08-01,65.4,79.5,53.7,99.1,126.2,84.8,7684,74,0
va-019,2026-08-02,67.1,83.8,59.6,98.8,129.7,86.4,7135,65,0
va-019,2026-08-03,65.7,82.4,35.6,96.7,122.7,76.4,7140,72,0
va-019,2026-08-04,59.9,75.9,44.8,97.4,133.2,81.8,6162,55,0
va-019,2026-08-05,65.8,74.4,56.4,97.2,125.8,83.3,6309,54,0
va-019,2026-08-06,61.4,70.1,53.8,98.3,124.1,78.4,5944,56,0
va-019,2026-08-07,60.3,75.3,66.0,96.9,127.2,86.2,9255,82,0
va-020,2026-08-01,72.8,79.9,56.8,97.3,99.3,66.4,5724,47,0
va-020,2026-08-02,62.6,72.1,41.1,97.3,117.8,72.4,6279,49,0
va-020,2026-08-03,57.7,70.9,37.6,97.8,122.7,77.6,8317,65,0
va-020,2026-08-04,62.0,73.9,41.9,96.8,121.2,78.7,7643,69,0
va-020,2026-08-05,60.7,72.9,65.1,97.2,116.7,73.1,7138,59,0
va-020,2026-08-06,61.1,75.4,52.9,98.5,120.4,74.8,7774,64,0
va-020,2026-08-07,66.6,79.4,44.4,96.5,124.8,78.8,7009,61,0
va-021,2026-08-01,75.1,89.8,47.7,95.4,140.6,90.9,4925,46,0
va-021,2026-08-02,68.2,73.6,32.7,96.9,143.2,94.0,146,0,0
va-021,2026-08-03,73.9,82.4,26.0,95.6,143.9,97.6,3595,34,1
va-021,2026-08-04,76.4,87.9,43.5,94.2,153.5,100.3,5236,46,0
va-021,2026-08-05,71.4,76.4,48.8,93.9,132.8,88.2,4771,46,0
va-021,2026-08-06,77.1,86.4,24.0,95.8,134.0,83.4,5572,51,1
va-021,2026-08-07,71.8,79.7,35.7,97.5,127.9,79.7,3169,38,0
va-022,2026-08-01,72.4,85.7,22.2,95.4,145.8,91.3,6540,58,0
va-022,2026-08-02,82.3,87.1,29.0,97.5,130.4,84.1,3477,28,1
va-022,2026-08-03,75.1,87.1,43.7,93.9,138.7,84.0,6224,63,1
va-022,2026-08-04,66.9,67.3,49.4,97.3,122.4,77.9,2593,21,1
va-022,2026-08-05,73.2,88.6,49.0,95.1,148.3,100.4,5894,63,0
va-022,2026-08-06,68.8,73.8,39.8,97.5,133.3,83.8,2313,17,0
va-022,2026-08-07,73.4,82.3,29.0,95.9,139.7,85.7,6073,62,0
va-023,2026-08-01,67.5,80.4,20.2,97.0,158.1,101.8,7939,68,0
va-023,2026-08-02,69.5,72.8,41.5,95.7,133.5,89.7,737,13,0
va-023,2026-08-03,70.4,82.4,36.7,96.9,137.5,84.6,5135,46,0
va-023,2026-08-04,68.2,78.0,33.8,96.0,138.0,83.6,5540,49,0
va-023,2026-08-05,75.3,80.2,34.6,95.8,128.0,81.1,5138,47,0
va-023,2026-08-06,69.5,76.8,45.1,96.3,143.9,95.0,3512,29,0
va-023,2026-08-07,75.2,88.9,35.3,96.3,143.1,88.1,4080,41,1
va-024,2026-08-01,53.7,65.9,42.3,97.6,118.9,78.0,5591,52,0
va-024,2026-08-02,63.1,72.6,41.6,98.0,132.7,80.9,6578,53,0
va-024,2026-08-03,57.9,68.9,47.7,97.8,146.8,92.4,6125,64,0
va-024,2026-08-04,66.4,70.1,46.6,98.0,127.4,79.9,2626,22,0
va-024,2026-08-05,69.2,80.2,44.8,98.0,130.8,80.4,6098,57,0
va-024,2026-08-06,71.2,84.2,42.3,97.0,121.0,81.6,5484,57,1
va-024,2026-08-07,61.2,71.0,47.5,98.0,128.3,83.6,4508,52,0
va-025,2026-08-01,67.2,82.2,35.3,97.9,135.7,87.2,6655,65,0
va-025,2026-08-02,67.1,73.0,32.0,94.4,135.2,84.4,4183,39,0
va-025,2026-08-03,69.6,80.6,37.8,96.4,125.1,84.4,5610,53,1
va-025,2026-08-04,69.9,78.5,41.6,97.1,132.8,84.9,6269,54,0
va-025,2026-08-05,69.8,82.4,47.8,95.5,129.9,77.9,5918,55,0
va-025,2026-08-06,76.1,82.7,24.8,95.2,137.6,91.7,4577,36,0
va-025,2026-08-07,69.4,77.6,31.0,95.5,147.2,93.9,4274,41,0
va-026,2026-08-01,74.9,85.6,30.5,97.6,133.2,89.5,6828,65,0
va-026,2026-08-02,68.5,83.4,44.0,94.9,147.9,89.5,8972,74,0
va-026,2026-08-03,71.3,80.3,36.6,95.7,145.0,89.7,3598,40,0
va-026,2026-08-04,70.8,74.7,27.0,95.8,130.6,84.5,4233,32,0
va-026,2026-08-05,77.8,93.8,35.8,95.9,138.2,83.2,7576,67,1
va-026,2026-08-06,80.8,86.4,22.3,96.8,134.7,84.7,5625,42,0
va-026,2026-08-07,76.7,79.9,36.8,96.2,138.6,85.1,2814,25,0
va-027,2026-08-01,69.6,76.3,32.5,96.5,123.7,80.8,4038,36,0
va-027,2026-08-02,76.3,84.5,35.4,96.7,143.4,92.1,2915,22,0
va-027,2026-08-03,72.0,79.3,33.9,97.7,129.2,79.1,6083,48,0
va-027,2026-08-04,74.8,82.5,34.9,94.6,123.2,78.0,2497,26,1
va-027,2026-08-05,70.3,84.0,44.3,96.7,128.1,79.0,6451,59,0
va-027,2026-08-06,68.4,76.3,42.1,95.3,123.3,78.4,4810,52,1
va-027,2026-08-07,79.6,97.8,29.7,96.7,130.6,81.4,9382,89,1
va-028,2026-08-01,72.0,79.4,30.7,94.5,120.1,76.5,4718,48,0
va-028,2026-08-02,65.9,83.1,28.8,93.6,159.4,100.6,5074,48,1
va-028,2026-08-03,68.8,85.2,51.3,94.8,150.9,101.2,5555,43,0
va-028,2026-08-04,69.9,76.0,39.6,95.4,143.1,88.3,5037,42,1
va-028,2026-08-05,76.3,79.4,32.4,95.8,143.1,90.1,3113,29,0
va-028,2026-08-06,77.0,92.1,16.5,95.1,137.2,92.3,6970,54,0
va-028,2026-08-07,71.8,81.0,23.5,95.4,148.5,99.5,4449,35,0
va-029,2026-08-01,71.2,77.7,35.9,95.4,130.9,80.7,3839,25,0
va-029,2026-08-02,70.6,90.4,36.4,95.2,127.7,78.1,8355,80,0
va-029,2026-08-03,71.4,73.5,35.1,97.4,146.5,88.0,835,1,0
va-029,2026-08-04,71.7,85.7,41.6,97.1,131.2,84.8,7855,78,0
va-029,2026-08-05,75.2,80.9,36.8,95.8,122.7,79.7,3703,27,0
va-029,2026-08-06,70.5,78.5,19.0,95.9,140.7,90.6,3656,27,0
va-029,2026-08-07,69.4,80.8,24.6,96.2,130.2,78.8,5239,58,1
va-030,2026-08-01,72.3,83.0,31.7,94.9,130.1,87.5,5232,38,0
va-030,2026-08-02,64.6,73.7,45.1,97.7,121.8,79.1,6686,58,0
va-030,2026-08-03,70.3,79.5,33.4,96.4,152.0,95.8,4152,36,0
va-030,2026-08-04,71.9,84.2,29.5,94.8,120.5,74.0,6941,53,0
va-030,2026-08-05,67.7,84.4,39.8,97.3,151.5,94.1,4873,46,0
va-030,2026-08-06,76.5,84.1,32.3,95.2,153.9,97.0,5404,51,0
va-030,2026-08-07,69.4,82.5,39.7,96.4,132.6,84.7,4950,45,0
va-031,2026-08-01,69.8,89.3,39.6,94.5,135.6,92.2,8337,80,0
va-031,2026-08-02,70.1,84.4,50.5,95.1,146.5,92.7,4236,41,0
va-031,2026-08-03,73.2,80.1,37.9,96.8,150.0,97.3,4816,38,0
va-031,2026-08-04,64.6,72.1,26.8,95.4,143.0,96.5,3486,33,0
va-031,2026-08-05,75.6,78.1,29.1,95.3,144.5,88.7,4461,32,0
va-031,2026-08-06,72.5,88.3,32.3,95.5,153.2,100.6,5897,57,0
va-031,2026-08-07,66.3,73.0,28.5,96.7,155.7,95.4,3857,41,0
va-032,2026-08-01,74.0,73.7,24.7,95.3,154.5,102.7,1152,13,1
va-032,2026-08-02,78.1,81.0,23.5,95.5,143.9,93.7,3237,17,1
va-032,2026-08-03,77.8,88.3,26.3,96.5,149.1,90.0,6272,57,0
va-032,2026-08-04,67.0,64.1,19.9,96.6,149.6,92.4,0,4,1
va-032,2026-08-05,75.0,87.3,36.1,95.8,152.6,98.8,3863,36,0
va-032,2026-08-06,76.1,84.3,34.4,97.1,146.9,94.7,5141,46,0
va-032,2026-08-07,77.6,89.4,33.4,95.0,133.5,85.0,5559,50,0
va-033,2026-08-01,72.5,77.4,34.4,97.0,127.3,83.4,2435,26,0
va-033,2026-08-02,72.3,84.8,29.1,94.6,151.3,94.3,6950,55,0
va-033,2026-08-03,83.0,94.7,20.4,97.8,139.8,89.6,5700,47,0
va-033,2026-08-04,73.2,81.3,36.2,97.9,145.9,91.4,5990,51,0
va-033,2026-08-05,69.2,76.5,34.6,96.7,157.2,101.1,1994,11,1
va-033,2026-08-06,67.1,69.0,26.2,96.8,141.0,89.7,4580,36,0
va-033,2026-08-07,73.7,87.2,24.7,97.0,131.0,87.4,4641,45,0
va-034,2026-08-01,77.7,79.1,38.5,95.4,144.1,90.6,1977,15,0
va-034,2026-08-02,77.8,83.2,37.6,95.7,142.0,96.1,1094,12,0
va-034,2026-08-03,67.4,75.2,41.9,97.5,160.8,106.8,6770,56,0
va-034,2026-08-04,63.9,78.7,38.2,97.4,144.4,95.9,4910,42,0
va-034,2026-08-05,75.4,85.8,37.2,95.4,147.7,95.1,5141,49,0
va-034,2026-08-06,66.7,82.7,37.5,98.1,146.1,96.5,6437,58,0
va-034,2026-08-07,68.5,77.6,38.9,96.4,142.2,93.1,6016,56,1
va-035,2026-08-01,70.5,73.7,38.8,95.7,147.2,89.7,2012,28,0
va-035,2026-08-02,74.0,80.5,31.8,95.9,134.7,83.9,3753,33,0
va-035,2026-08-03,69.9,84.4,30.2,95.5,140.6,85.7,7290,66,0
va-035,2026-08-04,68.9,74.2,29.4,95.3,123.7,83.1,4842,36,0
va-035,2026-08-05,76.7,95.3,27.8,98.2,128.6,79.4,8298,70,1
va-035,2026-08-06,70.4,78.6,27.6,97.3,147.5,91.0,5000,48,0
va-035,2026-08-07,71.1,80.2,33.9,94.4,125.6,81.5,5558,54,0
va-036,2026-08-01,71.4,78.6,50.2,95.0,139.9,94.9,3659,31,0
va-036,2026-08-02,67.3,79.6,28.5,95.8,131.3,88.7,6404,55,0
va-036,2026-08-03,68.4,81.0,31.2,96.3,155.9,98.0,4441,44,0
va-036,2026-08-04,72.7,80.9,42.8,96.5,149.6,95.6,5591,51,0
va-036,2026-08-05,72.6,83.2,43.4,96.2,141.9,91.8,6763,57,0
va-036,2026-08-06,76.9,71.3,27.1,94.9,138.4,89.4,1953,13,0
va-036,2026-08-07,76.7,80.9,45.1,96.4,136.2,88.2,3332,23,0
va-037,2026-08-01,69.5,88.8,26.9,95.6,143.0,87.4,9520,85,0
va-037,2026-08-02,75.1,78.8,31.6,96.0,154.4,97.8,2420,16,0
va-037,2026-08-03,73.1,81.7,25.0,98.0,152.4,94.9,2036,26,0
va-037,2026-08-04,77.5,83.7,31.3,95.0,140.7,92.7,2776,27,0
va-037,2026-08-05,71.1,77.7,24.5,95.5,133.9,82.8,4492,39,0
va-037,2026-08-06,72.4,87.7,39.1,96.2,145.5,94.5,8731,73,1
va-037,2026-08-07,71.5,71.7,30.2,96.5,142.9,94.2,1539,11,0
va-038,2026-08-01,59.1,70.5,51.8,95.8,111.3,71.6,6524,55,0
va-038,2026-08-02,61.9,66.4,51.6,96.1,127.3,79.9,5741,56,0
va-038,2026-08-03,58.1,72.0,48.5,98.9,119.6,78.7,6425,57,0
va-038,2026-08-04,63.4,76.2,49.5,95.9,111.7,71.5,10033,91,0
va-038,2026-08-05,59.5,77.5,48.8,96.6,129.9,78.6,9819,87,0
va-038,2026-08-06,66.8,78.6,43.4,97.9,126.6,85.3,7082,72,0
va-038,2026-08-07,59.5,67.9,50.9,97.8,121.1,78.4,6968,62,0
va-039,2026-08-01,72.3,90.6,49.0,95.4,146.2,95.6,8139,79,1
va-039,2026-08-02,80.1,86.5,52.3,95.6,140.2,90.6,1315,17,0
va-039,2026-08-03,63.7,80.0,38.6,94.9,124.5,82.5,7237,64,0
va-039,2026-08-04,67.0,76.4,31.5,97.1,133.7,85.0,4126,41,0
va-039,2026-08-05,75.2,80.2,18.7,94.9,134.6,88.1,2261,20,0
va-039,2026-08-06,72.1,78.7,31.0,95.8,147.5,92.1,978,11,0
va-039,2026-08-07,77.9,90.4,40.1,94.8,132.4,88.1,5169,46,0
va-040,2026-08-01,56.4,68.1,42.2,98.1,120.4,72.3,8003,77,0
va-040,2026-08-02,62.1,80.0,46.8,97.6,124.2,77.9,10776,98,0
va-040,2026-08-03,64.7,73.5,48.5,99.8,111.3,67.5,4141,37,0
va-040,2026-08-04,64.5,76.0,57.3,97.1,128.8,77.8,6283,54,0
va-040,2026-08-05,57.8,69.7,49.8,97.7,140.8,94.7,5557,45,0
va-040,2026-08-06,57.7,63.6,61.7,97.8,114.3,71.7,3118,25,0
va-040,2026-08-07,64.3,82.4,43.2,97.2,137.9,91.3,8403,79,0
va-041,2026-08-01,75.9,80.0,23.0,97.5,123.2,76.8,4642,39,0
va-041,2026-08-02,76.1,80.0,34.1,95.7,151.0,98.9,4654,41,0
va-041,2026-08-03,76.2,80.0,21.3,95.0,136.7,91.7,4236,38,1
va-041,2026-08-04,68.9,78.0,40.9,96.7,131.0,85.4,4725,51,0
va-041,2026-08-05,76.0,79.2,37.6,96.9,124.0,77.6,2348,25,0
va-041,2026-08-06,80.0,80.0,34.1,94.5,148.3,98.4,7179,65,0
va-041,2026-08-07,75.0,80.0,17.9,95.9,142.2,92.8,4397,43,1
va-042,2026-08-01,68.8,77.3,43.4,95.4,125.0,83.5,5494,45,0
va-042,2026-08-02,68.9,84.6,43.4,95.8,146.0,95.8,4829,47,0
va-042,2026-08-03,73.7,84.9,28.3,96.0,133.0,83.7,7635,70,0
va-042,2026-08-04,73.4,88.5,28.1,92.9,133.9,86.1,8084,71,0
va-042,2026-08-05,63.6,68.6,42.5,94.7,121.9,81.2,3541,31,1
va-042,2026-08-06,63.5,73.3,40.2,95.5,136.1,91.5,5956,49,0
va-042,2026-08-07,75.0,85.7,43.1,96.1,122.7,81.6,6140,55,0
va-043,2026-08-01,69.6,75.8,32.7,97.2,122.5,81.8,1313,13,0
va-043,2026-08-02,75.2,86.0,26.6,96.4,132.5,83.5,5634,49,0
va-043,2026-08-03,74.0,86.0,50.0,96.5,132.8,85.3,6301,62,0
va-043,2026-08-04,69.1,74.7,36.3,96.6,148.5,96.4,6298,64,1
va-043,2026-08-05,75.9,80.0,23.6,95.5,144.5,90.3,4075,38,0
va-043,2026-08-06,74.8,86.0,42.5,96.4,151.8,95.9,8054,73,1
va-043,2026-08-07,70.4,83.3,28.7,95.1,134.5,86.0,8008,71,0
va-044,2026-08-01,55.9,76.2,53.4,97.1,115.4,74.0,9224,80,0
va-044,2026-08-02,63.5,79.1,56.4,98.0,124.6,77.9,9004,86,0
va-044,2026-08-03,54.8,65.7,55.3,97.8,110.1,68.1,6169,57,0
va-044,2026-08-04,67.4,83.2,62.1,97.0,123.8,76.7,7715,82,0
va-044,2026-08-05,59.3,73.4,56.6,98.0,109.1,71.1,5386,56,0
va-044,2026-08-06,52.5,67.3,63.8,97.5,140.7,91.0,8973,78,0
va-044,2026-08-07,61.3,80.0,54.2,96.1,137.9,82.7,8593,73,0
va-045,2026-08-01,72.5,78.8,38.0,96.3,139.4,84.2,5587,49,0
va-045,2026-08-02,75.3,83.4,41.7,97.3,151.3,92.8,5247,49,0
va-045,2026-08-03,77.6,86.0,44.6,96.6,136.3,89.6,4622,38,0
va-045,2026-08-04,70.1,75.5,36.8,98.5,138.5,83.2,3409,39,0
va-045,2026-08-05,69.3,82.3,43.8,95.9,133.4,84.6,7301,65,0
va-045,2026-08-06,73.2,76.9,27.5,93.3,121.7,80.5,2984,26,0
va-045,2026-08-07,69.7,71.7,44.0,96.2,152.6,99.4,1472,8,1
va-046,2026-08-01,70.9,76.6,27.8,95.4,138.7,87.5,2663,25,1
va-046,2026-08-02,70.4,75.2,39.6,97.3,136.0,86.1,5478,43,0
va-046,2026-08-03,74.4,84.0,27.2,96.0,121.9,75.0,7232,61,0
va-046,2026-08-04,73.6,83.8,32.2,95.7,132.5,87.3,6618,51,0
va-046,2026-08-05,73.0,78.4,39.5,95.6,145.9,96.1,4366,29,0
va-046,2026-08-06,74.8,77.9,18.2,96.3,136.2,85.2,3706,38,0
va-046,2026-08-07,69.3,73.1,30.3,98.7,131.5,84.7,2581,21,1
va-047,2026-08-01,78.9,79.1,44.8,95.1,146.4,95.5,2607,20,0
va-047,2026-08-02,69.1,82.0,45.9,96.1,135.4,90.0,7974,72,0
va-047,2026-08-03,74.9,82.1,27.7,96.0,122.7,77.3,5385,51,0
va-047,2026-08-04,73.6,85.2,45.6,96.1,134.0,90.4,5052,46,0
va-047,2026-08-05,68.9,82.5,34.4,97.1,156.0,105.6,7767,68,0
va-047,2026-08-06,71.0,76.5,33.4,95.4,139.3,93.7,3583,39,0
va-047,2026-08-07,72.7,82.0,45.5,95.2,144.2,87.9,2225,15,0
va-048,2026-08-01,61.9,65.6,53.7,99.2,108.5,71.2,4720,35,0
va-048,2026-08-02,58.5,63.9,50.2,96.6,114.8,75.0,7802,67,0
va-048,2026-08-03,64.4,79.8,54.2,96.2,129.7,78.9,6801,61,0
va-048,2026-08-04,62.4,80.7,63.8,96.3,137.2,86.2,9949,86,0
va-048,2026-08-05,63.6,76.7,59.4,98.4,109.7,71.9,7868,70,0
va-048,2026-08-06,66.0,74.4,49.0,97.9,108.9,66.4,5772,52,0
va-048,2026-08-07,61.3,70.9,65.3,98.0,113.7,73.2,5828,55,0
va-049,2026-08-01,75.5,77.6,30.1,95.6,168.4,112.3,3524,28,0
va-049,2026-08-02,72.2,75.7,39.4,94.4,134.5,81.2,2713,29,0
va-049,2026-08-03,76.1,86.2,45.6,96.2,130.5,86.1,6792,60,1
va-049,2026-08-04,75.5,78.1,35.4,96.0,134.4,83.9,5482,40,0
va-049,2026-08-05,76.5,78.2,44.9,96.8,137.6,89.2,3519,30,0
va-049,2026-08-06,69.2,71.1,47.9,97.3,139.6,94.1,3732,21,0
va-049,2026-08-07,74.4,87.8,32.5,96.7,134.8,88.9,6151,52,0
va-050,2026-08-01,57.8,69.7,64.3,98.0,118.8,76.5,8037,65,0
va-050,2026-08-02,62.1,76.0,59.0,96.9,108.7,67.3,8942,86,0
va-050,2026-08-03,57.3,70.5,59.9,100.0,128.9,79.2,7330,64,0
va-050,2026-08-04,61.3,73.0,42.6,95.8,138.8,88.6,10352,90,0
va-050,2026-08-05,70.8,83.3,48.3,99.3,123.9,76.8,6437,54,0
va-050,2026-08-06,60.8,80.5,65.5,97.1,140.3,86.6,11444,99,0
va-050,2026-08-07,60.6,72.6,63.7,96.5,117.1,75.6,7631,68,0
va-051,2026-08-01,67.7,73.9,19.8,95.4,157.4,100.1,3476,33,0
va-051,2026-08-02,75.5,83.4,38.5,96.1,151.4,95.7,5350,48,0
va-051,2026-08-03,74.7,79.7,47.2,96.4,143.1,95.7,3926,29,0
va-051,2026-08-04,69.2,73.2,36.4,96.7,148.9,92.0,4141,33,0
va-051,2026-08-05,64.2,68.5,34.1,96.0,128.6,79.0,5035,46,1
va-051,2026-08-06,74.9,84.0,31.1,97.7,142.1,92.6,6229,51,1
va-051,2026-08-07,68.8,80.4,34.2,96.6,140.8,94.3,5112,45,0
va-052,2026-08-01,64.4,76.0,62.5,97.1,119.9,75.2,5186,45,0
va-052,2026-08-02,61.2,76.0,49.6,97.5,128.1,86.4,6121,54,0
va-052,2026-08-03,60.9,75.1,51.5,97.6,112.1,75.6,7595,79,0
va-052,2026-08-04,63.9,82.9,61.5,96.9,135.9,86.6,9440,92,0
va-052,2026-08-05,61.5,82.5,34.4,97.8,124.6,80.6,8391,70,0
va-052,2026-08-06,58.1,66.2,43.0,95.3,132.9,80.0,5327,45,0
va-052,2026-08-07,56.6,69.4,43.6,98.0,120.7,77.7,5944,61,0
va-053,2026-08-01,75.1,78.7,39.2,95.2,150.3,94.0,2968,16,0
va-053,2026-08-02,69.4,76.3,27.0,95.7,149.7,101.5,3514,26,0
va-053,2026-08-03,71.7,80.5,33.1,96.8,149.8,96.6,5720,58,1
va-053,2026-08-04,82.4,95.4,19.9,95.5,130.4,87.8,7273,68,0
va-053,2026-08-05,71.9,77.2,36.1,96.6,155.5,93.7,5076,56,0
va-053,2026-08-06,70.1,76.0,32.6,96.6,148.6,96.8,5889,49,0
va-053,2026-08-07,72.2,76.0,46.5,98.1,134.3,91.2,2224,16,0
va-054,2026-08-01,57.1,72.9,68.9,98.2,140.1,92.4,9445,85,0
va-054,2026-08-02,59.4,76.2,53.5,98.4,106.6,70.2,7861,70,0
va-054,2026-08-03,60.2,68.7,48.5,99.0,110.9,71.1,4616,44,0
va-054,2026-08-04,58.7,75.8,55.0,97.8,106.8,67.7,7443,73,0
va-054,2026-08-05,66.1,80.7,52.1,94.4,137.2,84.0,7493,68,0
va-054,2026-08-06,61.0,73.4,49.4,97.6,116.3,73.2,7640,74,0
va-054,2026-08-07,55.4,71.4,44.1,96.2,133.0,90.4,7981,71,0
va-055,2026-08-01,71.6,74.7,46.8,97.5,149.6,96.5,1545,13,0
va-055,2026-08-02,71.9,83.2,17.1,97.5,141.8,94.9,5318,49,0
va-055,2026-08-03,75.5,91.0,27.6,95.9,153.6,98.8,5524,45,0
va-055,2026-08-04,66.7,82.8,46.4,94.9,143.7,94.0,8738,80,0
va-055,2026-08-05,69.9,77.3,32.0,95.8,132.8,81.9,4082,39,1
va-055,2026-08-06,68.8,74.4,39.6,97.4,130.9,79.9,5960,54,1
va-055,2026-08-07,65.7,70.4,25.8,94.7,136.0,88.3,2506,24,0
va-056,2026-08-01,71.0,81.8,31.9,96.8,129.4,83.7,6202,56,0
va-056,2026-08-02,78.8,83.9,32.3,96.0,141.1,94.1,5319,44,1
va-056,2026-08-03,67.8,80.0,14.3,95.0,137.3,85.6,4524,42,0
va-056,2026-08-04,75.5,86.1,35.0,96.8,125.1,83.2,2739,18,0
va-056,2026-08-05,77.7,92.5,38.1,94.6,136.5,86.1,5126,48,0
va-056,2026-08-06,76.6,78.2,40.2,97.4,135.6,88.1,3323,23,0
va-056,2026-08-07,71.7,76.6,37.6,96.3,144.5,90.8,2835,16,0
va-057,2026-08-01,72.4,86.3,39.8,95.5,135.6,90.3,5253,50,0
va-057,2026-08-02,71.8,78.2,38.5,95.6,142.0,95.3,5720,57,1
va-057,2026-08-03,71.5,83.9,43.1,96.3,126.6,77.2,8524,73,0
va-057,2026-08-04,71.2,78.7,47.3,96.3,134.9,89.8,2340,28,0
va-057,2026-08-05,72.1,85.6,36.8,94.2,124.7,75.0,4691,42,0
va-057,2026-08-06,68.6,78.0,38.1,94.6,138.9,84.3,5495,49,1
va-057,2026-08-07,74.6,89.0,54.0,96.7,135.3,83.2,5714,59,0
va-058,2026-08-01,74.6,76.0,37.0,97.0,142.0,89.8,2648,28,1
va-058,2026-08-02,70.5,81.9,30.4,96.6,139.2,86.0,4418,38,0
va-058,2026-08-03,80.4,88.9,42.1,95.7,135.5,86.0,5349,44,0
va-058,2026-08-04,75.6,86.7,36.6,95.5,137.1,86.9,5338,42,0
va-058,2026-08-05,71.0,72.1,40.0,96.4,129.8,88.2,281,8,1
va-058,2026-08-06,78.5,82.0,31.8,95.6,142.1,93.6,4177,35,1
va-058,2026-08-07,75.8,80.4,40.7,95.8,139.8,89.7,1604,9,0
va-059,2026-08-01,59.6,70.8,61.5,96.3,121.1,75.1,6393,54,0
va-059,2026-08-02,57.2,73.3,53.6,98.5,122.0,75.0,5353,58,0
va-059,2026-08-03,67.8,79.1,48.3,97.3,116.2,78.8,5840,50,0
va-059,2026-08-04,62.6,79.4,44.6,96.8,140.1,87.6,9446,94,0
va-059,2026-08-05,59.4,66.7,60.8,98.3,106.7,67.7,5343,46,0
va-059,2026-08-06,60.3,78.9,42.3,96.7,123.8,82.1,9037,84,0
va-059,2026-08-07,66.3,81.0,60.8,100.0,133.0,86.6,6047,56,0
va-060,2026-08-01,77.6,89.3,32.2,95.8,143.7,87.1,5645,45,0
va-060,2026-08-02,72.6,82.7,37.8,96.0,143.0,96.0,4296,30,1
va-060,2026-08-03,79.1,86.1,33.7,97.2,148.4,90.0,4903,38,0
va-060,2026-08-04,72.2,79.6,25.8,95.7,112.7,72.4,5046,41,0
va-060,2026-08-05,76.7,92.4,44.0,96.3,138.7,92.3,8059,75,0
va-060,2026-08-06,72.8,79.8,28.8,96.5,140.5,90.2,5798,43,0
va-060,2026-08-07,69.5,72.2,34.4,95.1,154.1,97.8,3390,22,0
va-061,2026-08-01,58.9,69.3,76.7,95.8,123.5,81.8,6931,53,0
va-061,2026-08-02,64.2,82.5,60.3,98.7,104.6,66.4,11888,113,0
va-061,2026-08-03,57.2,67.2,52.9,99.5,131.6,84.1,6002,54,0
va-061,2026-08-04,58.3,75.3,53.5,96.7,119.7,77.6,7914,68,0
va-061,2026-08-05,61.4,82.4,54.3,99.3,137.5,92.0,9529,95,0
va-061,2026-08-06,60.0,70.6,70.1,98.3,127.9,81.7,5566,50,0
va-061,2026-08-07,54.0,69.3,64.4,96.7,116.1,73.4,6965,62,0
va-062,2026-08-01,71.9,79.8,30.1,95.9,131.5,82.8,3026,38,0
va-062,2026-08-02,75.7,87.4,25.0,95.3,143.3,93.5,6617,46,0
va-062,2026-08-03,68.2,82.3,21.1,95.4,153.8,100.6,7671,69,0
va-062,2026-08-04,66.6,75.1,33.7,94.6,131.8,87.1,7020,63,0
va-062,2026-08-05,73.4,87.9,29.9,96.1,137.7,86.8,6892,67,0
va-062,2026-08-06,70.7,85.7,41.0,97.3,128.0,83.0,3326,33,0
va-062,2026-08-07,74.9,85.4,32.4,96.4,133.9,84.1,3373,32,0
va-063,2026-08-01,78.2,91.8,32.4,95.4,141.6,92.2,6930,55,0
va-063,2026-08-02,73.8,81.5,43.6,95.4,131.0,80.1,3609,34,0
va-063,2026-08-03,73.4,85.4,41.4,95.9,134.2,82.6,5401,51,0
va-063,2026-08-04,70.9,77.2,31.4,95.9,142.8,96.2,5169,48,1
va-063,2026-08-05,75.0,82.6,29.6,96.1,139.0,86.2,6131,56,0
va-063,2026-08-06,70.3,78.2,25.4,96.7,127.8,79.6,5438,49,0
va-063,2026-08-07,69.3,77.3,27.7,95.9,133.6,87.8,4389,36,0
va-064,2026-08-01,77.5,81.3,41.8,94.9,118.7,76.8,4050,28,0
va-064,2026-08-02,69.9,81.4,38.9,95.4,131.4,81.1,4895,45,0
va-064,2026-08-03,70.7,80.0,45.0,95.6,147.4,97.0,4402,41,0
va-064,2026-08-04,65.6,67.6,40.3,95.8,134.7,90.3,4427,37,0
va-064,2026-08-05,75.7,81.4,30.8,96.6,126.6,82.9,3344,32,0
va-064,2026-08-06,75.0,88.8,40.6,96.3,140.9,87.9,7220,65,0
va-064,2026-08-07,68.4,82.6,51.8,96.0,138.6,92.0,7024,69,0
va-065,2026-08-01,71.8,86.3,35.4,95.5,129.9,78.7,7513,72,0
va-065,2026-08-02,73.9,85.4,37.6,95.6,142.3,87.2,6102,51,0
va-065,2026-08-03,73.6,83.3,53.6,95.8,123.3,74.8,3660,36,0
va-065,2026-08-04,73.6,80.3,51.3,95.2,138.1,84.6,2752,14,1
va-065,2026-08-05,71.4,79.3,39.4,94.8,131.2,88.0,4076,30,0
va-065,2026-08-06,73.0,82.6,36.4,97.0,141.9,92.9,6956,60,1
va-065,2026-08-07,63.1,59.2,31.1,96.4,126.5,78.4,831,3,0
va-066,2026-08-01,76.7,81.5,30.0,94.6,130.7,82.6,3152,25,0
va-066,2026-08-02,67.1,72.1,21.5,94.7,135.0,83.8,4458,46,0
va-066,2026-08-03,71.0,80.9,47.9,95.9,136.4,87.6,4724,41,0
va-066,2026-08-04,77.8,83.9,30.9,97.8,145.8,91.4,4468,39,0
va-066,2026-08-05,66.6,82.6,44.9,96.6,124.9,78.0,5167,54,0
va-066,2026-08-06,73.0,76.0,36.4,95.5,150.3,97.6,2074,16,0
va-066,2026-08-07,79.2,94.7,26.9,94.7,138.0,88.9,5365,56,0
va-067,2026-08-01,71.5,82.6,31.5,96.4,134.1,81.2,5134,39,1
va-067,2026-08-02,76.0,89.9,34.5,97.3,121.8,81.2,6688,62,1
va-067,2026-08-03,70.2,75.4,33.2,96.9,124.9,77.8,4616,45,0
va-067,2026-08-04,68.2,82.3,21.5,96.8,135.7,84.7,6423,56,0
va-067,2026-08-05,72.4,78.2,25.6,96.5,139.1,91.2,4735,33,0
va-067,2026-08-06,75.2,83.8,37.2,96.7,139.9,93.6,4837,46,1
va-067,2026-08-07,66.2,74.3,33.3,95.9,130.1,78.9,3570,33,0
va-068,2026-08-01,67.1,75.2,32.9,98.1,151.3,102.3,5358,43,0
va-068,2026-08-02,72.1,85.4,24.4,97.0,114.6,76.3,6442,70,0
va-068,2026-08-03,72.9,75.9,40.4,95.9,128.1,79.9,4863,39,1
va-068,2026-08-04,75.8,82.3,40.4,95.9,145.0,88.1,5223,48,0
va-068,2026-08-05,70.8,87.1,29.8,95.5,123.4,78.4,7677,65,0
va-068,2026-08-06,72.4,68.0,25.6,95.4,143.5,88.1,3529,29,0
va-068,2026-08-07,75.0,79.8,38.9,96.9,134.8,85.9,3344,29,0
va-069,2026-08-01,72.5,80.9,32.7,95.3,136.6,87.1,5994,49,0
va-069,2026-08-02,75.8,81.8,29.2,93.6,143.0,93.7,4507,45,0
va-069,2026-08-03,70.4,79.7,41.4,96.1,140.3,89.2,5900,58,0
va-069,2026-08-04,75.9,81.8,51.2,96.4,140.5,91.5,4376,43,0
va-069,2026-08-05,67.3,73.0,38.8,96.9,147.8,94.7,5260,45,0
va-069,2026-08-06,73.8,81.9,40.9,95.9,141.9,93.8,5580,55,1
va-069,2026-08-07,72.8,78.5,38.6,97.5,121.5,79.8,4336,35,0
va-070,2026-08-01,75.2,75.4,25.9,97.2,146.2,89.5,974,2,0
va-070,2026-08-02,77.0,85.3,10.9,95.2,147.5,91.7,3798,26,1
va-070,2026-08-03,77.6,85.3,45.9,97.3,139.7,94.3,3645,42,0
va-070,2026-08-04,75.1,82.1,30.9,95.7,150.7,99.5,3823,30,1
va-070,2026-08-05,75.6,91.5,54.6,96.5,156.2,97.5,5871,59,1
va-070,2026-08-06,73.3,89.8,41.3,95.0,154.5,102.5,6897,67,1
va-070,2026-08-07,77.4,82.5,23.6,96.6,123.0,78.8,3879,38,0
va-071,2026-08-01,64.0,78.6,64.4,97.5,144.9,89.0,8423,78,0
va-071,2026-08-02,58.4,69.0,38.4,97.4,121.7,75.9,4950,47,0
va-071,2026-08-03,66.2,73.6,54.8,97.6,128.1,79.5,4764,41,0
va-071,2026-08-04,60.7,57.3,56.4,97.2,131.7,84.2,2918,19,0
va-071,2026-08-05,60.7,68.6,56.2,98.3,123.6,78.3,7192,62,0
va-071,2026-08-06,63.7,79.8,66.6,96.3,109.5,73.0,7917,76,0
va-071,2026-08-07,65.4,73.3,51.3,98.6,141.9,94.5,6742,54,1
va-072,2026-08-01,65.6,75.8,30.1,97.1,140.5,89.0,2581,23,0
va-072,2026-08-02,70.3,68.6,41.0,95.1,145.0,94.2,543,6,0
va-072,2026-08-03,75.8,81.5,41.3,94.8,143.2,93.2,5660,51,0
va-072,2026-08-04,62.7,65.6,37.8,96.4,132.2,84.7,3156,34,0
va-072,2026-08-05,67.1,79.3,38.2,97.0,119.8,74.6,7846,71,0
va-072,2026-08-06,70.1,83.4,52.0,96.8,146.6,93.8,7330,66,0
va-072,2026-08-07,69.3,76.6,34.9,95.0,122.1,73.6,3361,27,0
va-073,2026-08-01,67.5,75.8,52.7,97.7,123.9,82.7,5987,59,0
va-073,2026-08-02,71.5,81.4,57.0,96.1,117.2,73.6,6909,61,0
va-073,2026-08-03,69.2,78.4,45.9,96.9,131.9,89.2,5067,46,0
va-073,2026-08-04,65.4,82.0,53.3,95.5,133.5,90.0,8200,84,0
va-073,2026-08-05,69.0,94.1,44.8,99.4,122.3,75.3,11008,101,0
va-073,2026-08-06,63.1,74.5,28.1,98.5,130.0,87.2,7815,71,0
va-073,2026-08-07,62.7,72.8,57.4,97.2,122.3,74.0,5158,44,0
va-074,2026-08-01,67.1,69.2,43.7,95.9,144.7,96.1,4015,27,0
va-074,2026-08-02,73.0,83.1,36.5,95.0,112.7,70.3,6624,65,0
va-074,2026-08-03,74.1,89.3,41.8,95.4,136.6,84.3,8064,73,0
va-074,2026-08-04,76.7,98.8,43.3,96.3,132.3,87.4,7683,71,0
va-074,2026-08-05,68.2,84.0,34.1,95.3,145.5,98.4,8134,72,1
va-074,2026-08-06,78.0,77.9,27.5,96.6,127.0,77.9,2692,21,1
va-074,2026-08-07,68.2,76.2,39.8,96.0,123.0,78.5,4165,31,0
va-075,2026-08-01,71.3,78.3,34.2,95.3,139.6,89.2,4457,43,1
va-075,2026-08-02,71.5,83.8,24.5,95.6,136.0,84.1,5277,36,0
va-075,2026-08-03,79.1,78.6,29.7,94.5,130.3,84.5,1305,4,1
va-075,2026-08-04,76.7,92.0,35.9,96.4,136.7,83.8,7445,60,0
va-075,2026-08-05,74.1,80.2,32.4,96.4,133.5,83.9,5866,47,0
va-075,2026-08-06,75.7,81.3,27.1,95.3,150.8,92.5,2797,27,1
va-075,2026-08-07,76.3,77.0,30.0,96.8,129.4,87.9,2591,15,1
va-076,2026-08-01,72.1,77.1,22.3,97.0,135.2,91.7,3469,41,0
va-076,2026-08-02,73.4,79.0,42.4,95.6,133.8,84.8,4619,44,0
va-076,2026-08-03,79.5,89.5,33.3,96.8,142.5,88.2,4627,39,1
va-076,2026-08-04,81.2,87.8,38.1,95.7,141.3,86.5,3788,41,0
va-076,2026-08-05,74.0,73.6,36.0,97.0,144.0,92.8,4020,33,0
va-076,2026-08-06,77.0,79.7,27.8,95.7,153.0,100.2,2540,24,1
va-076,2026-08-07,81.2,83.4,21.4,95.3,147.0,91.2,1627,23,0
va-077,2026-08-01,72.8,88.4,56.4,95.6,128.2,84.1,9028,82,0
va-077,2026-08-02,62.8,65.7,34.2,94.2,133.3,83.0,522,5,0
va-077,2026-08-03,65.0,74.1,49.2,97.9,140.1,90.4,4656,44,0
va-077,2026-08-04,69.3,73.6,42.6,96.4,129.9,86.3,4765,45,1
va-077,2026-08-05,71.0,87.6,35.2,97.4,147.6,89.1,8456,81,0
va-077,2026-08-06,69.5,83.9,42.1,95.6,122.8,75.7,7119,51,0
va-077,2026-08-07,70.2,79.2,41.4,97.0,136.8,87.5,6801,62,0
va-078,2026-08-01,63.2,67.4,42.0,95.6,131.5,80.8,2893,26,0
va-078,2026-08-02,72.5,81.8,53.0,96.4,149.2,98.1,6565,50,0
va-078,2026-08-03,82.9,90.4,30.4,94.5,112.1,72.6,5401,54,0
va-078,2026-08-04,71.1,78.6,34.5,96.2,149.8,96.1,3185,31,0
va-078,2026-08-05,75.5,84.4,20.1,96.4,144.1,95.0,2510,27,0
va-078,2026-08-06,68.6,77.5,40.0,96.3,121.6,81.7,5429,53,0
va-078,2026-08-07,71.7,81.0,52.1,96.7,139.5,94.6,2803,33,1
va-079,2026-08-01,71.1,86.5,37.0,94.7,135.0,91.2,6118,53,0
va-079,2026-08-02,69.7,82.1,25.0,96.6,135.2,89.7,5176,50,0
va-079,2026-08-03,63.6,80.2,42.9,95.2,142.0,85.5,8814,90,0
va-079,2026-08-04,67.7,76.2,37.4,95.5,129.2,78.7,5587,50,0
va-079,2026-08-05,72.1,77.4,37.0,96.3,124.4,79.9,4123,32,0
va-079,2026-08-06,76.0,82.6,36.0,95.1,127.0,77.9,4796,43,0
va-079,2026-08-07,74.3,84.3,14.0,96.1,146.0,96.9,5821,51,0
va-080,2026-08-01,74.1,78.3,29.2,97.1,153.1,101.4,2491,15,0
va-080,2026-08-02,75.0,90.3,37.8,95.4,122.3,74.9,7571,70,1
va-080,2026-08-03,70.0,76.8,35.6,96.5,131.9,80.2,6926,60,1
va-080,2026-08-04,70.7,78.5,35.3,95.2,140.8,88.4,4544,33,1
va-080,2026-08-05,74.2,82.4,41.6,95.5,137.7,91.3,4943,45,1
va-080,2026-08-06,69.2,77.1,34.9,96.6,135.4,82.2,1543,14,0
va-080,2026-08-07,75.2,82.2,14.4,96.4,130.5,87.4,3962,34,0
va-081,2026-08-01,75.0,69.0,49.1,98.1,138.2,86.1,4855,44,0
va-081,2026-08-02,69.2,69.0,42.7,96.7,141.4,95.0,5456,51,0
va-081,2026-08-03,57.0,67.8,70.4,97.8,137.9,83.7,6965,62,0
va-081,2026-08-04,58.0,65.0,63.6,98.0,123.2,76.9,6520,50,0
va-081,2026-08-05,61.0,69.0,59.1,98.1,119.7,79.6,8423,77,0
va-081,2026-08-06,59.7,69.0,57.1,99.2,122.8,76.9,10947,97,0
va-081,2026-08-07,60.6,69.0,64.1,95.8,130.1,83.3,6062,53,0
va-082,2026-08-01,71.1,83.2,34.4,95.2,159.1,101.5,5609,48,0
va-082,2026-08-02,73.4,81.3,30.6,96.3,154.7,94.4,4255,39,0
va-082,2026-08-03,69.9,77.0,41.2,97.2,159.9,98.6,4940,49,0
va-082,2026-08-04,77.1,85.3,43.1,97.7,134.1,82.6,4342,33,0
va-082,2026-08-05,75.1,75.3,36.1,97.0,144.7,93.1,0,0,0
va-082,2026-08-06,72.2,82.8,30.6,95.2,130.2,79.2,6688,54,0
va-082,2026-08-07,72.1,83.9,40.6,97.1,143.0,93.6,7097,63,0
va-083,2026-08-01,72.6,68.7,31.0,95.6,139.4,94.2,909,7,0
va-083,2026-08-02,75.2,85.6,30.2,96.7,144.1,93.4,6616,61,0
va-083,2026-08-03,65.5,78.3,34.5,96.7,134.9,88.6,4712,48,1
va-083,2026-08-04,81.9,94.0,40.2,97.2,141.8,95.5,6502,54,0
va-083,2026-08-05,75.2,83.8,34.9,96.2,140.8,92.0,5707,44,0
va-083,2026-08-06,74.6,77.3,29.5,97.3,140.4,89.8,2746,23,0
va-083,2026-08-07,69.1,72.0,19.1,95.4,146.0,89.0,4938,41,1
va-084,2026-08-01,75.6,89.3,34.2,96.0,137.9,85.1,7035,63,0
va-084,2026-08-02,74.8,87.6,43.7,96.2,143.0,89.2,5958,59,1
va-084,2026-08-03,74.0,81.5,41.5,95.6,144.5,89.5,5331,42,0
va-084,2026-08-04,70.4,77.1,26.7,94.6,137.9,83.6,3728,38,0
va-084,2026-08-05,75.1,85.9,22.3,97.7,144.6,94.7,4220,40,1
va-084,2026-08-06,69.6,75.6,27.0,95.6,141.8,95.2,3804,37,0
va-084,2026-08-07,76.8,90.5,39.0,94.8,127.8,81.5,4629,47,0
va-085,2026-08-01,81.2,95.9,35.1,97.1,135.4,90.5,3994,35,0
va-085,2026-08-02,69.4,79.4,41.2,95.2,141.8,85.4,2873,33,0
va-085,2026-08-03,80.5,91.9,30.4,96.8,143.0,87.7,3455,41,1
va-085,2026-08-04,71.0,82.7,39.2,95.6,155.8,94.3,6204,60,0
va-085,2026-08-05,79.7,79.4,37.2,95.2,151.8,99.2,4496,38,0
va-085,2026-08-06,82.2,91.1,36.1,99.0,139.1,86.8,4362,39,0
va-085,2026-08-07,70.1,77.1,33.6,96.6,152.0,103.0,2032,18,0
va-086,2026-08-01,75.9,84.5,50.0,96.0,137.9,88.7,4964,46,0
va-086,2026-08-02,69.2,73.1,39.1,95.0,132.6,88.2,4052,36,0
va-086,2026-08-03,73.8,84.6,21.6,95.2,156.2,94.2,5915,51,0
va-086,2026-08-04,65.6,70.2,30.7,96.4,146.1,90.7,3240,34,0
va-086,2026-08-05,69.3,76.6,30.8,95.7,142.6,94.1,3811,30,1
va-086,2026-08-06,69.1,80.5,38.1,95.9,147.1,97.5,5702,56,1
va-086,2026-08-07,75.2,83.4,48.3,98.5,124.9,83.6,5569,51,1
va-087,2026-08-01,69.9,72.4,49.9,96.5,129.3,87.3,724,12,0
va-087,2026-08-02,74.1,76.6,39.7,95.6,144.2,96.0,2281,17,0
va-087,2026-08-03,79.7,88.2,33.0,95.9,144.3,89.6,4329,46,0
va-087,2026-08-04,71.5,71.2,42.2,95.1,140.9,89.6,2811,29,0
va-087,2026-08-05,73.7,80.1,51.4,96.1,143.0,89.1,2414,6,0
va-087,2026-08-06,72.3,87.1,32.6,97.1,140.3,91.6,8033,66,0
va-087,2026-08-07,80.4,86.7,34.4,95.3,128.0,82.1,4704,48,0
va-088,2026-08-01,59.4,72.1,50.2,97.0,114.5,72.5,6510,59,0
va-088,2026-08-02,63.8,73.8,58.1,97.7,121.8,73.8,7476,68,0
va-088,2026-08-03,58.6,62.7,56.9,98.7,119.9,79.2,3435,21,0
va-088,2026-08-04,65.8,89.6,62.8,95.9,134.4,87.9,8933,78,0
va-088,2026-08-05,61.1,71.4,57.7,97.3,114.0,71.7,6280,53,0
va-088,2026-08-06,58.7,68.6,64.0,97.7,123.2,80.7,5852,50,0
va-088,2026-08-07,60.4,79.4,53.9,95.4,116.8,72.2,4857,45,0
va-089,2026-08-01,75.7,84.1,36.1,96.3,132.9,80.5,8386,72,0
va-089,2026-08-02,71.3,91.4,39.3,97.6,143.1,91.8,5872,66,0
va-089,2026-08-03,76.8,87.1,48.8,96.7,139.2,85.5,4862,38,0
va-089,2026-08-04,71.5,72.7,30.9,94.9,144.0,92.2,2086,33,0
va-089,2026-08-05,76.8,88.8,39.8,95.3,132.7,82.7,5365,45,0
va-089,2026-08-06,78.4,90.4,34.2,96.8,137.7,92.9,5329,52,0
va-089,2026-08-07,70.5,75.1,35.2,96.5,147.2,95.3,3416,35,0
va-090,2026-08-01,77.3,81.4,36.9,95.4,131.7,84.2,3339,29,0
va-090,2026-08-02,70.1,83.6,37.7,95.7,129.9,84.1,7061,63,1
va-090,2026-08-03,74.0,87.3,38.9,96.1,144.9,92.2,7489,63,0
va-090,2026-08-04,70.1,74.9,35.4,96.7,136.9,85.8,4378,36,0
va-090,2026-08-05,70.5,67.3,17.6,96.6,129.6,84.4,2967,27,0
va-090,2026-08-06,68.5,74.8,26.9,96.8,136.9,89.1,3696,38,0
va-090,2026-08-07,76.9,86.1,48.4,97.0,132.5,84.9,4634,46,0
va-091,2026-08-01,81.6,90.7,27.4,95.4,139.4,85.6,4438,42,0
va-091,2026-08-02,70.7,71.9,27.8,96.3,134.1,86.6,3537,38,0
va-091,2026-08-03,81.9,92.7,17.8,95.6,129.5,79.3,3854,43,0
va-091,2026-08-04,67.4,70.5,34.0,95.5,136.5,87.3,938,6,0
va-091,2026-08-05,80.2,83.9,21.9,95.9,136.8,92.7,3342,34,0
va-091,2026-08-06,72.9,77.3,34.3,95.6,143.2,90.3,3157,37,0
va-091,2026-08-07,80.1,85.8,28.9,96.1,147.8,95.2,687,4,0
va-092,2026-08-01,60.1,74.3,66.3,97.4,120.5,81.0,8734,76,0
va-092,2026-08-02,59.0,69.6,64.8,98.1,119.6,74.3,5499,44,0
va-092,2026-08-03,55.8,73.4,63.4,97.7,128.7,87.4,8909,77,0
va-092,2026-08-04,61.2,77.7,78.0,96.3,124.2,83.2,7130,62,0
va-092,2026-08-05,59.1,70.9,74.1,97.4,126.9,78.3,5558,54,0
va-092,2026-08-06,57.9,72.4,54.6,98.2,118.0,73.7,9258,84,0
va-092,2026-08-07,55.3,72.4,63.2,94.7,115.0,72.4,9459,77,0
va-093,2026-08-01,72.3,85.6,38.9,95.0,153.8,97.2,5292,53,0
va-093,2026-08-02,71.2,80.8,23.9,95.7,145.3,96.7,5509,51,0
va-093,2026-08-03,74.1,73.8,36.3,96.7,166.8,105.4,3300,20,0
va-093,2026-08-04,76.6,88.3,29.6,96.4,134.4,89.0,6030,52,1
va-093,2026-08-05,68.9,75.0,37.2,96.4,146.3,97.7,4012,35,1
va-093,2026-08-06,73.2,81.2,33.8,95.3,131.8,87.6,5209,47,0
va-093,2026-08-07,79.6,87.2,28.8,94.9,149.5,89.7,4129,42,0
va-094,2026-08-01,73.1,85.5,61.9,95.9,147.2,88.6,5675,50,0
va-094,2026-08-02,74.5,81.8,29.9,95.2,121.8,78.4,3696,44,0
va-094,2026-08-03,77.0,92.1,34.0,95.3,137.5,87.3,8978,75,0
va-094,2026-08-04,71.0,78.6,49.6,95.2,124.3,81.2,5548,48,0
va-094,2026-08-05,67.1,69.2,39.3,95.7,151.2,97.4,4588,40,0
va-094,2026-08-06,71.6,74.7,36.4,95.8,151.6,97.3,3345,22,0
va-094,2026-08-07,67.3,78.2,33.5,97.1,147.2,99.6,4931,46,0
va-095,2026-08-01,58.1,68.1,46.2,96.8,128.5,87.3,6563,50,0
va-095,2026-08-02,66.4,69.3,43.4,97.1,117.2,77.1,3011,25,0
va-095,2026-08-03,69.4,80.8,40.7,96.3,139.6,90.9,6659,57,0
va-095,2026-08-04,59.8,73.7,42.0,97.5,119.9,74.8,8162,71,0
va-095,2026-08-05,64.3,73.0,48.9,96.4,124.1,79.0,5912,53,0
va-095,2026-08-06,57.6,69.9,54.9,97.6,138.0,89.8,5574,57,0
va-095,2026-08-07,62.4,79.7,53.9,96.6,123.9,74.5,7488,73,0
va-096,2026-08-01,66.0,76.4,30.2,94.1,149.1,89.7,4246,34,0
va-096,2026-08-02,72.5,82.1,34.6,96.1,138.1,91.9,6766,61,0
va-096,2026-08-03,70.5,74.2,45.0,97.5,145.8,88.5,3674,32,0
va-096,2026-08-04,73.9,76.5,37.9,97.2,139.2,86.5,2197,21,1
va-096,2026-08-05,70.7,74.6,29.4,96.6,138.9,85.9,2505,28,1
va-096,2026-08-06,74.9,80.5,41.9,97.0,148.8,92.5,7782,73,0
va-096,2026-08-07,71.5,79.1,31.4,96.6,142.4,90.1,7273,59,0
va-097,2026-08-01,60.6,77.0,64.6,96.6,113.3,72.5,6104,59,0
va-097,2026-08-02,60.2,76.5,62.5,98.8,136.1,89.7,8086,77,0
va-097,2026-08-03,51.6,62.5,56.9,97.8,115.1,72.3,6984,72,0
va-097,2026-08-04,56.8,75.9,77.3,96.0,111.6,73.7,8333,81,0
va-097,2026-08-05,60.1,83.0,60.3,97.0,127.8,83.4,10901,101,0
va-097,2026-08-06,59.2,72.6,65.2,98.0,132.6,84.0,5856,55,0
va-097,2026-08-07,57.2,63.3,68.0,97.5,128.6,85.1,4120,37,0
va-098,2026-08-01,74.6,84.5,26.8,96.2,144.3,91.4,6397,52,0
va-098,2026-08-02,77.7,90.5,35.3,95.9,138.6,89.3,6558,58,0
va-098,2026-08-03,64.3,72.8,28.9,96.4,150.9,96.5,2480,27,1
va-098,2026-08-04,65.0,73.3,30.3,96.1,137.6,87.7,4214,33,0
va-098,2026-08-05,75.1,84.0,31.6,96.0,139.0,88.3,3725,30,0
va-098,2026-08-06,74.9,84.4,47.2,98.1,150.8,92.5,6180,56,0
va-098,2026-08-07,74.1,77.6,41.1,97.4,145.8,95.8,4314,40,0
va-099,2026-08-01,71.9,92.3,56.5,96.0,145.7,92.6,8594,85,0
va-099,2026-08-02,69.3,77.5,38.2,95.0,139.2,85.2,6228,57,0
va-099,2026-08-03,70.6,85.3,48.1,94.8,128.1,84.0,5977,53,0
va-099,2026-08-04,67.3,75.8,64.8,95.9,146.6,91.5,6664,65,0
va-099,2026-08-05,67.1,74.2,38.4,95.4,129.9,87.7,3390,34,1
va-099,2026-08-06,74.3,79.9,55.3,94.4,149.6,95.8,3108,30,0
va-099,2026-08-07,70.8,83.8,44.1,95.6,125.7,85.3,4595,43,0
va-100,2026-08-01,66.0,70.9,52.0,97.1,111.9,71.7,6544,55,0
va-100,2026-08-02,70.3,90.0,52.5,96.1,120.6,73.6,7647,68,0
va-100,2026-08-03,64.7,74.6,49.3,97.9,114.0,70.1,7149,58,0
va-100,2026-08-04,56.5,63.6,45.1,97.0,134.8,91.5,7521,52,0
va-100,2026-08-05,64.8,84.4,53.5,94.9,147.4,92.0,7872,65,0
va-100,2026-08-06,60.9,70.3,60.6,96.9,130.4,88.2,7158,59,0
va-100,2026-08-07,65.5,80.2,58.7,97.7,132.3,85.8,7375,66,0
va-101,2026-08-01,69.7,75.2,31.6,97.3,144.0,95.7,2864,19,0
va-101,2026-08-02,73.2,78.5,28.5,96.4,135.9,91.6,2775,23,1
va-101,2026-08-03,72.7,86.6,33.8,97.0,148.0,90.0,5796,59,0
va-101,2026-08-04,75.0,84.7,43.5,95.6,167.4,105.2,4678,46,0
va-101,2026-08-05,69.8,80.5,27.8,96.6,122.2,81.8,4209,41,0
va-101,2026-08-06,70.0,70.5,40.2,97.4,130.4,85.8,0,0,0
va-101,2026-08-07,75.1,89.2,31.1,97.3,136.9,91.8,7603,73,0
va-102,2026-08-01,81.0,88.8,22.4,94.9,135.3,81.3,6293,53,0
va-102,2026-08-02,69.7,74.4,28.3,93.8,135.4,90.4,4254,47,0
va-102,2026-08-03,80.2,89.0,41.2,96.3,152.3,93.6,6549,60,0
va-102,2026-08-04,83.9,89.5,30.8,96.0,141.5,87.6,3023,29,0
va-102,2026-08-05,73.6,77.5,32.6,95.2,144.4,87.1,2965,29,0
va-102,2026-08-06,73.3,84.6,36.7,96.2,140.0,85.8,6065,55,0
va-102,2026-08-07,66.2,72.9,33.8,94.7,135.4,81.8,3258,26,0
va-103,2026-08-01,71.4,77.7,49.1,99.1,140.8,89.8,5819,56,0
va-103,2026-08-02,62.5,70.2,34.5,97.4,138.5,91.9,6339,59,1
va-103,2026-08-03,74.3,92.8,56.3,95.9,151.5,101.9,9502,83,0
va-103,2026-08-04,76.9,84.5,50.3,95.0,133.2,87.9,5493,54,0
va-103,2026-08-05,68.1,72.2,46.9,96.7,147.3,93.3,6302,57,0
va-103,2026-08-06,76.1,82.2,52.0,96.0,143.7,88.7,3946,31,0
va-103,2026-08-07,71.3,74.3,36.1,96.2,126.7,80.6,2039,18,0
va-104,2026-08-01,69.8,74.2,22.1,96.2,138.2,90.7,1670,23,0
va-104,2026-08-02,76.3,88.3,35.7,95.5,129.8,85.5,6313,59,0
va-104,2026-08-03,66.9,75.2,35.7,97.2,149.4,100.8,4974,39,0
va-104,2026-08-04,69.7,68.3,37.1,95.3,132.8,85.5,1973,16,0
va-104,2026-08-05,77.9,86.4,30.9,95.3,147.7,93.0,5092,51,0
va-104,2026-08-06,73.2,79.7,36.8,97.0,126.8,79.5,3766,29,1
va-104,2026-08-07,73.4,83.3,31.0,97.3,141.9,88.3,4759,46,0
va-105,2026-08-01,70.4,89.2,55.5,96.3,109.9,66.4,9121,85,0
va-105,2026-08-02,63.4,74.9,38.4,96.8,133.4,83.2,6442,55,0
va-105,2026-08-03,63.0,81.7,52.9,96.7,133.5,88.2,7672,70,0
va-105,2026-08-04,65.0,75.9,54.8,99.6,125.9,82.0,6983,53,0
va-105,2026-08-05,65.4,78.2,63.9,98.3,130.8,78.9,7451,66,0
va-105,2026-08-06,69.7,88.8,50.3,96.5,123.0,80.8,6924,64,0
va-105,2026-08-07,62.2,77.5,38.3,98.1,120.1,79.5,6708,63,0
va-106,2026-08-01,73.4,73.9,34.8,96.3,144.0,94.0,3563,26,0
va-106,2026-08-02,75.0,81.2,32.2,96.8,138.5,85.9,2141,17,0
va-106,2026-08-03,72.1,79.8,41.8,97.4,131.1,87.6,5072,51,0
va-106,2026-08-04,71.9,79.7,38.3,97.2,152.8,100.7,2947,24,0
va-106,2026-08-05,71.8,81.7,27.6,92.1,125.2,83.0,4207,40,0
va-106,2026-08-06,69.8,79.5,19.3,95.1,154.6,94.3,6552,56,0
va-106,2026-08-07,71.6,79.7,35.0,96.9,144.5,92.2,4453,41,1
va-107,2026-08-01,72.9,74.5,36.5,97.7,129.6,83.3,2986,28,1
va-107,2026-08-02,66.6,81.9,30.9,95.2,143.3,92.4,7648,68,0
va-107,2026-08-03,63.4,74.5,30.0,95.7,136.3,91.7,4963,50,0
va-107,2026-08-04,61.1,72.3,30.7,96.1,140.1,91.3,5441,56,0
va-107,2026-08-05,77.6,83.1,24.3,97.7,113.7,74.4,4218,30,0
va-107,2026-08-06,74.2,80.7,44.4,96.2,146.8,90.7,4640,42,0
va-107,2026-08-07,73.0,79.9,26.8,95.8,116.1,73.4,3916,38,0
va-108,2026-08-01,72.8,74.7,30.7,95.4,133.9,85.9,3817,36,0
va-108,2026-08-02,80.2,88.6,32.1,95.0,138.8,85.3,5973,50,0
va-108,2026-08-03,73.8,97.2,36.0,95.1,134.4,84.9,7487,67,0
va-108,2026-08-04,65.9,66.1,38.4,97.0,143.3,93.3,4136,36,1
va-108,2026-08-05,71.1,79.3,44.8,95.5,138.5,93.9,7224,69,1
va-108,2026-08-06,75.4,80.0,30.0,96.1,140.9,87.7,2919,31,0
va-108,2026-08-07,71.8,76.0,51.0,97.4,158.2,95.8,4578,38,0
va-109,2026-08-01,62.1,73.5,54.7,96.7,127.2,79.1,6331,58,0
va-109,2026-08-02,58.8,68.6,59.3,97.5,106.5,72.1,7111,59,0
va-109,2026-08-03,53.2,65.4,58.4,98.5,132.0,82.9,5796,57,0
va-109,2026-08-04,63.9,79.0,58.5,99.0,134.8,87.0,7813,72,0
va-109,2026-08-05,69.0,81.2,50.0,99.2,111.2,69.2,8576,72,0
va-109,2026-08-06,55.1,67.1,63.8,99.0,137.7,85.6,6429,56,0
va-109,2026-08-07,60.5,75.6,67.7,97.3,136.9,87.7,7268,68,0
va-110,2026-08-01,62.8,71.1,64.0,99.2,122.1,81.1,6430,70,0
va-110,2026-08-02,60.6,76.0,53.6,98.3,128.1,81.0,10356,88,0
va-110,2026-08-03,55.3,72.1,61.3,99.1,98.1,59.2,9355,83,0
va-110,2026-08-04,61.8,73.2,52.1,98.3,123.8,75.2,6811,54,0
va-110,2026-08-05,61.3,72.0,62.9,97.6,128.4,77.1,8913,74,0
va-110,2026-08-06,63.2,80.6,56.3,98.1,124.3,79.3,11832,101,0
va-110,2026-08-07,60.6,73.2,52.4,97.0,113.6,69.7,9070,79,0
va-111,2026-08-01,72.9,81.7,27.5,95.7,143.6,91.4,3002,23,0
va-111,2026-08-02,73.7,73.2,39.3,95.1,135.2,85.3,295,6,0
va-111,2026-08-03,75.1,83.7,45.0,95.7,143.1,94.9,4982,40,0
va-111,2026-08-04,62.6,70.7,40.4,94.5,141.7,88.4,4111,32,0
va-111,2026-08-05,69.1,75.0,14.6,97.2,148.2,95.1,1310,14,0
va-111,2026-08-06,72.4,80.6,34.8,93.8,149.2,92.0,5276,53,0
va-111,2026-08-07,72.8,86.5,42.3,97.1,143.4,97.1,5541,48,1
va-112,2026-08-01,64.6,75.7,48.1,98.4,124.6,81.9,6702,65,0
va-112,2026-08-02,62.7,76.0,55.7,96.8,120.4,78.3,7647,69,0
va-112,2026-08-03,64.9,76.4,59.6,98.5,126.9,79.1,6350,58,0
va-112,2026-08-04,56.2,72.7,48.5,97.2,128.3,77.8,6477,59,0
va-112,2026-08-05,56.7,71.6,47.4,99.3,138.4,87.8,8192,78,0
va-112,2026-08-06,66.5,83.7,59.7,96.9,122.6,81.7,8724,80,0
va-112,2026-08-07,57.3,65.7,60.0,97.0,121.5,82.5,7074,63,0
va-113,2026-08-01,70.3,80.9,45.6,96.7,145.5,90.7,4633,41,0
va-113,2026-08-02,69.3,79.6,37.0,96.0,134.1,90.6,5043,41,1
va-113,2026-08-03,70.0,77.7,52.4,95.9,130.2,83.9,3606,35,0
va-113,2026-08-04,69.1,79.2,32.1,97.0,134.5,82.7,5250,46,0
va-113,2026-08-05,71.7,81.3,37.6,94.9,131.1,78.9,5298,39,1
va-113,2026-08-06,68.8,80.0,31.8,95.3,124.6,83.7,4946,49,0
va-113,2026-08-07,71.5,79.9,31.8,97.7,133.6,86.6,5666,43,0
va-114,2026-08-01,76.6,83.5,38.7,95.7,138.7,87.9,2854,26,0
va-114,2026-08-02,73.3,85.5,31.9,97.3,131.4,88.3,6671,65,0
va-114,2026-08-03,76.4,72.6,34.9,97.4,152.4,92.4,1363,9,0
va-114,2026-08-04,68.6,80.4,28.7,95.1,128.0,77.8,3196,38,0
va-114,2026-08-05,66.2,73.7,28.3,98.3,146.1,90.8,3134,32,1
va-114,2026-08-06,79.1,89.2,39.7,96.4,128.0,82.5,3125,28,0
va-114,2026-08-07,76.1,80.8,35.5,94.5,138.4,83.6,3089,30,1
va-115,2026-08-01,74.6,80.2,48.4,96.3,135.2,82.2,3717,39,0
va-115,2026-08-02,75.0,80.3,41.5,98.7,148.2,99.7,3382,28,0
va-115,2026-08-03,66.8,78.9,40.6,96.9,153.5,101.4,6309,48,0
va-115,2026-08-04,72.5,81.6,38.4,95.8,123.4,83.2,3506,28,0
va-115,2026-08-05,68.6,74.2,43.9,96.3,155.0,94.1,1645,18,0
va-115,2026-08-06,70.5,76.3,47.5,95.6,139.4,92.9,2750,29,0
va-115,2026-08-07,74.5,83.4,16.9,95.2,121.8,75.3,4444,40,0
va-116,2026-08-01,76.1,86.6,40.3,95.7,147.9,91.3,3871,27,0
va-116,2026-08-02,79.0,95.2,38.1,96.2,143.6,96.9,7485,66,0
va-116,2026-08-03,67.6,76.7,49.7,95.4,144.4,96.7,4467,43,1
va-116,2026-08-04,72.5,72.4,40.8,94.7,138.1,92.5,1926,16,0
va-116,2026-08-05,73.5,72.8,26.3,96.0,140.8,90.7,3845,31,0
va-116,2026-08-06,78.1,87.7,19.8,97.2,143.9,97.0,4218,34,0
va-116,2026-08-07,81.8,93.0,43.1,94.8,155.0,93.4,4323,42,0
va-117,2026-08-01,75.3,86.4,33.5,96.8,136.8,87.4,6134,53,0
va-117,2026-08-02,77.9,84.4,33.5,95.2,152.8,93.2,4018,38,0
va-117,2026-08-03,82.3,87.6,29.1,94.6,149.0,97.2,5574,53,0
va-117,2026-08-04,69.8,76.0,52.2,95.2,152.1,94.0,4118,36,0
va-117,2026-08-05,72.7,80.9,41.3,95.9,142.2,85.9,3925,44,0
va-117,2026-08-06,67.0,69.6,42.5,97.1,140.4,90.6,3726,36,0
va-117,2026-08-07,68.8,84.2,36.4,97.4,153.6,104.0,7241,72,0
va-118,2026-08-01,71.5,76.9,30.1,95.5,146.4,87.9,3351,27,0
va-118,2026-08-02,75.9,89.0,43.8,97.0,166.2,107.0,7691,70,0
va-118,2026-08-03,73.9,85.5,33.2,94.9,131.2,88.7,6141,64,0
va-118,2026-08-04,68.6,75.6,42.6,95.1,139.7,89.8,1825,20,0
va-118,2026-08-05,72.9,79.3,33.9,97.4,140.5,84.3,3404,16,0
va-118,2026-08-06,69.7,77.7,51.1,96.4,138.1,86.8,5302,49,0
va-118,2026-08-07,77.0,91.0,29.4,94.1,148.6,93.0,6155,56,0
va-119,2026-08-01,71.9,84.1,27.2,97.2,138.6,93.1,5599,49,0
va-119,2026-08-02,76.5,84.8,21.8,96.1,140.4,95.1,3831,29,0
va-119,2026-08-03,70.1,80.4,33.5,94.6,140.5,86.0,5779,51,0
va-119,2026-08-04,71.6,76.1,26.6,97.0,138.6,93.8,1966,23,0
va-119,2026-08-05,72.6,79.2,39.5,97.5,143.0,93.5,3791,26,0
va-119,2026-08-06,77.0,86.6,49.3,94.8,133.5,88.4,4822,51,0
va-119,2026-08-07,72.8,70.9,48.6,93.6,143.4,94.6,1051,9,0
va-120,2026-08-01,73.4,84.4,35.7,96.4,139.7,85.2,5421,49,0
va-120,2026-08-02,65.8,79.4,42.2,97.3,152.2,98.2,4471,41,0
va-120,2026-08-03,67.4,80.8,54.3,95.0,124.1,83.3,5690,54,0
va-120,2026-08-04,72.8,80.1,35.5,95.4,139.5,86.9,6587,55,0
va-120,2026-08-05,70.0,81.9,28.8,94.1,150.9,98.4,5936,56,0
va-120,2026-08-06,71.9,81.6,28.8,94.2,158.5,104.7,4167,33,0
va-120,2026-08-07,68.7,83.2,34.2,96.3,134.8,90.8,8778,77,0
va-121,2026-08-01,72.4,79.9,18.9,97.1,127.7,77.6,4835,50,0
va-121,2026-08-02,74.2,86.1,29.2,95.9,125.4,75.8,6899,66,0
va-121,2026-08-03,72.2,77.5,22.8,95.8,136.1,86.1,4430,42,0
va-121,2026-08-04,77.6,88.0,52.1,96.3,153.0,100.5,5027,39,0
va-121,2026-08-05,80.2,86.5,40.5,97.1,134.5,83.7,1222,13,0
va-121,2026-08-06,71.6,70.1,20.0,95.5,139.0,91.6,1032,8,0
va-121,2026-08-07,63.7,78.0,42.7,95.8,121.3,75.1,7115,70,0
va-122,2026-08-01,75.1,88.7,34.7,95.5,135.0,87.4,4496,45,1
va-122,2026-08-02,70.2,80.1,30.2,96.4,150.0,99.6,4040,34,1
va-122,2026-08-03,76.0,80.3,24.7,98.1,145.0,93.1,4593,41,0
va-122,2026-08-04,69.0,73.8,31.2,94.4,123.4,82.1,2158,21,1
va-122,2026-08-05,72.3,77.9,29.3,95.3,151.3,97.3,3697,37,0
va-122,2026-08-06,70.6,81.4,38.8,96.1,145.4,90.4,7363,56,1
va-122,2026-08-07,74.8,90.6,36.7,96.8,140.8,90.0,8660,78,0
va-123,2026-08-01,70.3,81.1,47.7,95.7,154.2,98.0,3829,45,0
va-123,2026-08-02,66.2,79.0,42.9,97.4,141.2,85.3,7850,74,1
va-123,2026-08-03,74.1,87.5,41.4,97.1,141.1,95.5,5671,56,0
va-123,2026-08-04,71.1,73.6,39.9,96.1,149.6,92.9,2482,16,0
va-123,2026-08-05,68.9,79.6,42.6,95.2,139.2,88.3,2987,29,0
va-123,2026-08-06,72.2,73.3,39.4,96.1,138.0,84.2,2223,22,0
va-123,2026-08-07,74.7,81.2,40.6,95.1,140.6,90.2,3983,46,0
va-124,2026-08-01,68.4,80.9,57.4,96.9,119.5,79.6,7278,66,0
va-124,2026-08-02,62.2,80.1,41.9,99.0,114.2,74.8,8331,75,1
va-124,2026-08-03,61.0,79.7,38.0,95.8,149.7,91.1,9449,98,0
va-124,2026-08-04,55.9,68.6,52.4,97.2,121.4,79.6,8485,81,0
va-124,2026-08-05,63.9,77.9,69.6,97.7,123.5,82.1,6732,63,0
va-124,2026-08-06,59.7,71.2,54.0,97.1,111.0,69.7,8136,70,0
va-124,2026-08-07,69.3,81.5,62.5,98.7,121.8,77.7,6871,58,0
va-125,2026-08-01,70.1,77.0,31.0,95.7,139.5,92.0,3006,35,1
va-125,2026-08-02,74.7,81.9,33.7,95.1,134.8,87.6,3725,42,0
va-125,2026-08-03,73.4,85.3,33.1,95.1,139.6,85.9,5340,49,0
va-125,2026-08-04,76.0,85.9,38.0,96.1,157.5,106.1,3850,42,0
va-125,2026-08-05,65.6,68.5,32.1,95.7,122.8,76.2,4015,26,0
va-125,2026-08-06,76.7,90.2,28.9,95.3,147.5,89.7,5753,43,0
va-125,2026-08-07,65.7,75.9,31.5,96.3,121.9,75.6,5551,40,0
va-126,2026-08-01,78.8,85.8,27.8,94.9,132.9,86.6,3715,39,0
va-126,2026-08-02,73.3,77.4,17.5,96.3,148.5,93.3,3510,28,0
va-126,2026-08-03,73.1,73.6,42.5,95.6,142.3,89.2,2743,18,0
va-126,2026-08-04,77.3,76.7,26.9,95.3,154.4,96.9,989,11,0
va-126,2026-08-05,70.8,69.9,33.0,95.9,134.4,85.0,2565,15,0
va-126,2026-08-06,72.0,76.0,30.5,97.1,137.6,93.4,4552,40,0
va-126,2026-08-07,74.2,86.8,35.7,95.4,147.1,88.4,5809,58,0
va-127,2026-08-01,76.3,84.5,41.6,96.3,141.4,93.3,5247,51,0
va-127,2026-08-02,73.6,78.5,34.6,95.9,135.8,81.5,5422,48,0
va-127,2026-08-03,72.9,84.5,39.5,96.0,145.9,90.5,4485,39,0
va-127,2026-08-04,71.7,84.4,33.9,95.7,147.5,91.4,6250,60,0
va-127,2026-08-05,65.9,73.7,42.7,94.4,139.3,91.9,6427,53,0
va-127,2026-08-06,71.2,79.7,21.2,96.0,154.0,97.8,2910,28,0
va-127,2026-08-07,70.7,83.4,47.7,94.5,135.2,81.4,4297,45,0
va-128,2026-08-01,70.2,77.4,41.9,96.8,141.6,91.1,5490,45,0
va-128,2026-08-02,66.5,75.6,29.0,95.2,143.3,87.4,5097,47,0
va-128,2026-08-03,76.6,89.4,29.8,96.0,135.6,88.7,7169,64,0
va-128,2026-08-04,75.7,77.3,27.4,95.6,150.2,94.1,4661,38,0
va-128,2026-08-05,69.6,75.5,21.1,98.6,146.6,98.6,4229,32,1
va-128,2026-08-06,66.6,73.6,46.1,95.9,134.3,82.0,1843,12,0
va-128,2026-08-07,74.2,80.0,32.6,95.8,136.9,84.7,2991,22,0
va-129,2026-08-01,67.0,84.7,51.3,97.6,128.2,81.0,8578,81,0
va-129,2026-08-02,61.5,74.5,52.0,99.2,112.8,76.6,8876,75,0
va-129,2026-08-03,64.4,84.2,59.8,98.2,126.6,79.8,8525,73,0
va-129,2026-08-04,67.0,74.5,56.9,97.0,129.9,80.5,6971,64,0
va-129,2026-08-05,57.9,71.2,57.0,97.4,133.4,90.6,4597,36,0
va-129,2026-08-06,70.9,91.9,40.6,96.1,115.9,76.4,10724,102,0
va-129,2026-08-07,64.9,76.9,45.5,97.2,126.3,84.2,6031,56,0
va-130,2026-08-01,60.7,79.2,54.3,97.6,121.4,73.7,9107,90,0
va-130,2026-08-02,64.0,84.1,58.9,98.6,123.2,77.3,10635,103,0
va-130,2026-08-03,56.7,69.8,55.8,98.3,136.0,90.5,7465,67,0
va-130,2026-08-04,63.0,70.8,47.2,98.6,134.4,81.1,5230,47,0
va-130,2026-08-05,61.3,73.5,50.0,99.2,116.5,78.6,5913,54,1
va-130,2026-08-06,59.9,81.7,53.5,97.1,116.2,77.0,10811,100,0
va-130,2026-08-07,59.1,71.3,43.0,97.5,129.9,84.4,5750,57,0
va-131,2026-08-01,66.8,75.9,34.8,96.6,147.3,89.7,6237,53,0
va-131,2026-08-02,78.6,88.5,33.7,95.9,122.1,80.9,4072,44,0
va-131,2026-08-03,69.8,83.6,42.4,96.7,125.7,78.1,5310,49,0
va-131,2026-08-04,74.8,71.3,42.4,95.5,143.5,92.1,2052,1,0
va-131,2026-08-05,77.8,81.7,35.1,96.2,141.6,86.5,2776,23,0
va-131,2026-08-06,73.2,79.3,26.2,95.7,142.5,91.2,2392,25,0
va-131,2026-08-07,67.7,75.3,47.6,94.2,122.3,74.9,5859,46,0
va-132,2026-08-01,74.3,83.1,32.7,95.7,133.1,86.1,5917,56,0
va-132,2026-08-02,74.8,84.0,30.2,95.1,142.1,95.0,4353,44,0
va-132,2026-08-03,74.8,87.8,30.1,96.8,144.1,88.5,3380,26,0
va-132,2026-08-04,65.9,74.8,43.7,96.9,142.7,89.7,5699,46,0
va-132,2026-08-05,74.9,80.9,29.7,97.3,146.8,96.1,3866,31,0
va-132,2026-08-06,65.5,76.6,19.0,95.2,151.7,96.1,7568,68,0
va-132,2026-08-07,69.6,79.1,29.9,93.6,131.9,83.6,4769,43,0
va-133,2026-08-01,69.1,76.6,40.6,95.7,148.4,99.6,4841,46,0
va-133,2026-08-02,70.9,87.5,32.5,96.6,137.1,88.7,7654,65,0
va-133,2026-08-03,75.2,79.1,32.1,97.2,143.9,93.9,3753,28,0
va-133,2026-08-04,78.0,82.6,28.0,94.9,149.3,90.3,948,23,0
va-133,2026-08-05,75.2,75.2,46.8,96.2,131.4,88.3,1863,16,0
va-133,2026-08-06,74.6,81.5,35.5,94.5,134.9,83.5,5622,52,0
va-133,2026-08-07,75.5,84.6,32.3,95.5,135.0,91.1,6618,61,0
va-134,2026-08-01,63.6,73.5,43.1,99.5,117.4,73.8,6615,61,0
va-134,2026-08-02,64.1,72.0,42.1,97.1,120.0,76.1,6135,52,0
va-134,2026-08-03,60.0,69.4,48.4,97.5,112.0,76.0,6543,59,0
va-134,2026-08-04,65.0,68.2,55.1,98.2,138.1,88.8,4114,35,0
va-134,2026-08-05,69.4,79.9,50.4,98.7,137.1,84.1,7563,73,0
va-134,2026-08-06,66.2,74.8,39.0,99.4,137.1,84.7,7351,62,0
va-134,2026-08-07,66.7,82.0,54.8,99.2,124.5,79.2,6628,54,1
va-135,2026-08-01,73.0,73.0,43.5,95.2,140.5,94.1,6755,61,1
va-135,2026-08-02,66.0,67.7,52.4,97.4,118.6,76.8,2507,23,0
va-135,2026-08-03,66.5,73.0,40.4,94.3,160.5,100.9,9467,89,0
va-135,2026-08-04,68.0,73.0,34.0,96.4,148.4,99.4,5998,52,0
va-135,2026-08-05,73.8,73.0,33.1,94.7,132.7,87.9,6202,55,0
va-135,2026-08-06,70.9,73.0,44.8,95.3,126.3,77.5,3443,29,1
va-135,2026-08-07,70.5,73.0,38.2,94.7,139.3,88.4,7668,76,0
va-136,2026-08-01,62.4,75.1,55.8,97.5,124.9,78.1,8092,75,0
va-136,2026-08-02,63.9,76.3,41.2,98.4,119.7,76.0,6548,63,0
va-136,2026-08-03,56.8,68.5,43.7,97.5,119.2,72.9,8227,70,0
va-136,2026-08-04,54.5,72.8,60.6,97.6,126.6,80.6,8125,73,0
va-136,2026-08-05,63.3,65.0,52.9,97.8,138.4,93.6,4374,37,0
va-136,2026-08-06,66.8,76.9,56.7,98.3,137.2,86.7,6235,58,0
va-136,2026-08-07,60.9,73.1,55.6,98.4,114.3,73.9,6787,54,1
va-137,2026-08-01,70.6,87.3,27.5,96.5,150.8,93.9,7710,75,1
va-137,2026-08-02,78.9,77.1,25.3,96.7,120.0,75.9,1764,14,0
va-137,2026-08-03,76.3,89.3,26.2,95.7,144.0,90.8,6706,57,0
va-137,2026-08-04,68.0,81.2,32.1,95.9,137.6,91.8,6593,56,0
va-137,2026-08-05,75.0,87.5,22.6,95.0,146.8,88.9,3766,40,0
va-137,2026-08-06,80.3,82.1,31.3,94.7,139.1,89.1,3146,26,1
va-137,2026-08-07,80.9,93.6,50.5,96.2,140.5,91.3,6730,67,1
va-138,2026-08-01,75.5,84.4,24.5,95.8,158.1,100.3,3232,34,0
va-138,2026-08-02,71.9,84.9,21.5,94.4,136.9,90.5,6413,62,0
va-138,2026-08-03,76.0,87.6,17.2,96.9,150.9,92.1,5615,56,0
va-138,2026-08-04,69.5,72.2,27.5,95.0,133.7,83.6,614,10,0
va-138,2026-08-05,78.1,83.0,34.3,96.8,144.1,93.5,3227,29,0
va-138,2026-08-06,72.3,77.2,40.7,94.6,143.7,90.8,2307,17,1
va-138,2026-08-07,71.0,80.9,37.5,96.0,145.7,95.9,6927,51,0
va-139,2026-08-01,72.6,94.8,56.9,98.5,117.9,71.1,9268,86,0
va-139,2026-08-02,60.8,66.6,59.8,98.2,127.3,81.2,5593,52,0
va-139,2026-08-03,61.8,75.0,49.5,97.7,122.7,82.9,5913,60,0
va-139,2026-08-04,61.9,71.7,48.4,96.9,101.9,63.4,6174,58,0
va-139,2026-08-05,60.7,69.7,56.9,97.5,129.8,82.9,5513,58,0
va-139,2026-08-06,59.6,74.1,67.8,96.4,130.0,83.1,8754,78,0
va-139,2026-08-07,61.4,72.6,52.9,96.0,116.4,71.6,6565,55,0
va-140,2026-08-01,75.1,84.6,38.7,97.2,139.2,87.8,6437,54,1
va-140,2026-08-02,79.7,86.5,52.6,95.8,145.6,92.3,5205,53,1
va-140,2026-08-03,64.1,71.7,27.9,94.4,122.2,77.3,5521,46,0
va-140,2026-08-04,73.0,73.4,31.1,95.0,147.1,93.4,2575,27,0
va-140,2026-08-05,68.3,70.7,36.6,95.0,138.9,90.9,3096,20,0
va-140,2026-08-06,75.1,82.5,30.2,95.3,137.2,82.3,4859,42,0
va-140,2026-08-07,62.8,68.9,32.7,96.8,151.3,98.0,5027,39,1
va-141,2026-08-01,59.4,73.7,40.5,96.8,116.4,70.6,7396,66,0
va-141,2026-08-02,62.1,78.6,62.4,96.7,114.0,68.6,7315,64,1
va-141,2026-08-03,61.7,73.8,43.2,97.6,129.7,81.6,7802,63,0
va-141,2026-08-04,70.8,79.5,40.2,97.7,122.7,77.2,4040,35,0
va-141,2026-08-05,59.7,75.5,50.5,98.4,133.6,82.1,6386,58,0
va-141,2026-08-06,67.6,76.8,48.4,97.5,129.7,80.6,5370,58,0
va-141,2026-08-07,56.2,68.7,45.8,97.2,131.1,81.5,8794,78,0
va-142,2026-08-01,70.3,78.3,42.4,96.9,127.4,81.5,3037,26,0
va-142,2026-08-02,74.4,86.8,42.6,95.4,126.7,81.4,6433,61,0
va-142,2026-08-03,72.7,84.6,34.0,94.4,149.7,91.5,4142,37,0
va-142,2026-08-04,70.7,71.0,40.4,97.2,141.4,87.9,1192,17,0
va-142,2026-08-05,64.9,78.4,29.8,96.5,148.7,97.1,8078,71,0
va-142,2026-08-06,69.8,74.2,20.3,94.7,143.9,90.5,2096,10,0
va-142,2026-08-07,71.9,77.1,44.2,94.8,149.3,98.4,6156,55,0
va-143,2026-08-01,73.1,80.4,21.2,96.3,126.0,80.9,2415,24,1
va-143,2026-08-02,72.1,78.3,47.8,95.2,133.9,87.3,5625,49,0
va-143,2026-08-03,67.5,82.2,54.2,94.8,128.8,77.6,5853,48,0
va-143,2026-08-04,71.5,70.6,39.0,97.2,153.2,98.3,2571,17,0
va-143,2026-08-05,72.6,81.4,37.7,97.1,120.1,75.7,5694,37,0
va-143,2026-08-06,75.5,85.7,38.4,95.7,140.8,92.6,4240,44,0
va-143,2026-08-07,76.8,89.2,37.5,96.1,135.9,89.7,7360,71,0
va-144,2026-08-01,72.6,83.6,23.1,96.2,126.5,85.4,5795,53,0
va-144,2026-08-02,77.5,84.8,26.8,96.7,151.9,95.6,3863,32,0
va-144,2026-08-03,68.7,69.7,33.4,95.4,138.9,92.5,1683,14,1
va-144,2026-08-04,71.0,79.0,24.4,96.4,165.2,107.5,3287,26,0
va-144,2026-08-05,78.5,92.8,20.8,96.2,146.2,98.7,5841,54,0
va-144,2026-08-06,70.8,74.5,30.6,97.5,144.4,97.4,4272,42,1
va-144,2026-08-07,72.5,86.9,30.1,95.7,145.2,96.3,6743,50,0
va-145,2026-08-01,67.1,75.9,52.0,97.9,114.1,69.3,8291,62,0
va-145,2026-08-02,60.2,78.9,48.3,99.0,140.6,92.8,9537,94,0
va-145,2026-08-03,62.2,74.5,43.7,98.1,120.8,78.6,7320,62,0
va-145,2026-08-04,59.9,78.0,46.4,96.6,103.4,69.6,8118,74,0
va-145,2026-08-05,59.9,68.8,62.7,97.4,125.4,83.5,6787,59,0
va-145,2026-08-06,65.9,81.1,59.9,98.9,127.0,84.9,8377,76,0
va-145,2026-08-07,60.8,70.1,60.0,96.4,110.1,72.3,6680,63,0
va-146,2026-08-01,58.0,78.7,54.6,97.5,126.4,76.1,11316,99,0
va-146,2026-08-02,65.8,72.7,58.9,97.7,110.3,69.8,5487,47,0
va-146,2026-08-03,60.2,69.7,52.2,97.2,115.4,69.3,5621,48,0
va-146,2026-08-04,71.8,76.4,59.5,97.8,119.1,78.7,5067,48,0
va-146,2026-08-05,59.0,75.3,67.4,96.4,126.8,83.4,7289,74,0
va-146,2026-08-06,62.0,67.5,51.6,98.7,122.8,81.8,6999,60,0
va-146,2026-08-07,61.9,75.9,58.4,98.5,121.2,77.6,5738,52,0
va-147,2026-08-01,62.1,71.8,51.7,97.5,142.2,88.3,6545,59,0
va-147,2026-08-02,55.6,65.7,47.8,98.7,135.5,89.0,6735,61,0
va-147,2026-08-03,65.6,78.4,56.5,97.6,110.9,72.8,8064,75,0
va-147,2026-08-04,64.6,69.6,62.4,99.2,118.4,77.0,3250,17,0
va-147,2026-08-05,54.7,71.5,44.3,97.8,128.5,87.2,9245,80,0
va-147,2026-08-06,62.6,73.3,46.1,97.5,127.4,81.5,5872,52,0
va-147,2026-08-07,60.7,83.5,58.8,97.3,137.8,85.1,9366,82,0
va-148,2026-08-01,75.4,81.7,35.7,96.7,144.1,93.8,6375,41,0
va-148,2026-08-02,74.0,86.9,44.8,95.7,134.5,89.4,7072,67,0
va-148,2026-08-03,72.3,80.1,38.7,97.6,151.8,96.1,3376,31,0
va-148,2026-08-04,83.8,92.3,32.2,96.9,130.7,83.8,3438,39,1
va-148,2026-08-05,72.2,75.8,40.0,96.4,131.8,86.5,2610,15,0
va-148,2026-08-06,75.9,77.9,38.9,94.2,134.3,85.6,2940,24,0
va-148,2026-08-07,75.0,87.7,34.4,97.4,129.2,85.8,6537,53,0
va-149,2026-08-01,74.7,83.3,50.7,96.5,139.6,85.9,5288,45,0
va-149,2026-08-02,74.3,80.1,28.4,96.2,129.1,87.6,4294,41,0
va-149,2026-08-03,70.8,76.9,28.0,96.6,132.6,89.2,2281,21,0
va-149,2026-08-04,75.9,92.0,41.5,96.3,146.1,93.9,5848,53,0
va-149,2026-08-05,67.2,73.4,38.3,95.0,145.1,87.8,3813,29,1
va-149,2026-08-06,68.9,91.2,32.3,96.6,125.1,82.2,9227,93,0
va-149,2026-08-07,75.3,89.7,33.2,93.3,133.4,85.8,4960,47,0
va-150,2026-08-01,68.9,75.3,33.3,96.6,138.5,84.0,5674,45,0
va-150,2026-08-02,69.8,83.3,32.1,96.0,139.1,90.0,5321,43,0
va-150,2026-08-03,75.3,79.8,40.8,95.6,130.8,85.4,2169,13,0
va-150,2026-08-04,70.1,77.3,30.9,95.2,159.1,99.4,3246,27,0
va-150,2026-08-05,70.7,83.6,32.5,95.1,149.4,99.8,4520,41,0
va-150,2026-08-06,81.4,92.8,32.0,95.8,147.9,96.0,4253,44,0
va-150,2026-08-07,72.8,80.6,34.6,95.0,141.0,84.6,5404,49,0
va-151,2026-08-01,60.8,72.5,70.3,97.9,134.1,80.9,7669,67,0
va-151,2026-08-02,58.9,65.5,48.5,97.2,117.0,70.6,5225,44,0
va-151,2026-08-03,57.7,69.0,68.3,97.5,124.9,80.9,5666,50,0
va-151,2026-08-04,54.7,60.7,65.5,97.5,121.7,79.2,2102,21,0
va-151,2026-08-05,54.0,63.4,55.6,98.5,116.8,73.6,7229,67,0
va-151,2026-08-06,64.3,81.4,52.6,97.2,130.0,78.6,8644,80,0
va-151,2026-08-07,64.3,72.2,56.2,96.5,108.0,65.3,6697,57,0
va-152,2026-08-01,70.6,73.5,35.8,96.7,165.2,102.8,3992,32,0
va-152,2026-08-02,71.3,85.1,21.9,96.2,132.4,89.1,5820,48,0
va-152,2026-08-03,74.1,93.0,17.2,94.3,156.2,99.3,7159,74,0
va-152,2026-08-04,76.6,77.3,25.9,96.2,148.7,94.7,4054,26,0
va-152,2026-08-05,72.4,85.2,36.7,94.8,154.3,104.5,6937,55,0
va-152,2026-08-06,74.4,72.7,40.0,96.9,134.6,82.7,1449,4,0
va-152,2026-08-07,68.4,76.2,29.8,96.0,141.9,93.1,3237,27,0
va-153,2026-08-01,62.7,71.4,40.4,95.6,119.2,71.7,4172,37,0
va-153,2026-08-02,71.5,78.8,40.5,95.7,131.0,85.3,3287,20,0
va-153,2026-08-03,67.3,73.7,51.5,98.9,120.2,73.5,6965,55,0
va-153,2026-08-04,69.2,74.2,37.4,94.4,136.7,83.1,3930,30,0
va-153,2026-08-05,65.7,74.1,50.5,96.2,133.9,86.2,3858,36,0
va-153,2026-08-06,71.8,79.3,44.8,96.3,148.7,92.4,4102,37,1
va-153,2026-08-07,61.4,76.4,42.4,96.9,142.3,96.1,8591,78,1
va-154,2026-08-01,69.1,74.7,26.9,95.0,133.7,81.2,2395,16,0
va-154,2026-08-02,71.2,86.7,34.0,97.9,143.0,91.8,5355,50,0
va-154,2026-08-03,72.7,79.1,37.2,96.9,153.3,102.0,5815,53,0
va-154,2026-08-04,78.3,83.3,43.6,95.4,125.8,82.9,3057,22,0
va-154,2026-08-05,70.7,83.4,35.3,95.9,129.8,80.8,2088,22,0
va-154,2026-08-06,76.8,92.7,34.9,94.7,158.3,104.2,6704,62,1
va-154,2026-08-07,67.3,72.1,31.7,98.4,140.9,87.3,4338,43,0
va-155,2026-08-01,81.0,96.0,30.4,95.3,145.7,90.4,8368,74,0
va-155,2026-08-02,67.8,75.1,26.3,94.6,108.5,68.4,2613,21,1
va-155,2026-08-03,74.9,89.1,24.0,95.3,153.9,99.1,7273,77,1
va-155,2026-08-04,63.5,70.1,39.0,96.4,145.2,92.4,3108,37,0
va-155,2026-08-05,71.9,78.6,30.5,94.8,140.1,89.3,4558,39,0
va-155,2026-08-06,59.5,70.4,43.4,97.1,115.2,74.0,5346,41,1
va-155,2026-08-07,76.4,87.2,50.6,97.0,130.8,79.8,5648,58,0
va-156,2026-08-01,67.5,76.9,39.1,96.2,133.7,81.0,3757,27,0
va-156,2026-08-02,74.7,89.7,31.2,94.4,144.4,97.4,7400,72,0
va-156,2026-08-03,71.9,89.1,27.0,97.2,143.1,87.6,6201,64,0
va-156,2026-08-04,73.0,85.0,35.6,96.0,148.6,91.5,5996,54,0
va-156,2026-08-05,73.0,82.7,35.7,95.8,120.4,72.9,4985,52,0
va-156,2026-08-06,78.3,88.5,32.2,96.7,138.8,86.4,5849,56,0
va-156,2026-08-07,67.4,75.1,19.8,95.4,144.3,88.9,1489,15,0
va-157,2026-08-01,66.0,70.2,37.0,97.0,135.8,91.0,1901,16,0
va-157,2026-08-02,74.9,81.7,39.6,96.2,134.6,81.3,3192,26,1
va-157,2026-08-03,77.6,77.8,25.9,96.2,147.8,91.9,1269,12,0
va-157,2026-08-04,74.2,84.4,23.9,96.2,153.4,98.6,4175,37,0
va-157,2026-08-05,71.5,79.4,26.4,95.1,148.3,91.2,5594,54,0
va-157,2026-08-06,75.7,83.6,35.0,95.8,144.4,96.0,4524,38,0
va-157,2026-08-07,73.9,81.3,33.9,95.2,136.6,91.9,5914,49,0
va-158,2026-08-01,76.8,84.0,36.9,96.3,148.7,94.7,4518,37,0
va-158,2026-08-02,76.1,82.4,27.1,96.1,141.5,86.6,4640,41,0
va-158,2026-08-03,76.0,85.0,21.4,97.8,153.8,99.3,5364,54,0
va-158,2026-08-04,74.0,84.0,36.5,95.6,151.4,97.1,3664,36,0
va-158,2026-08-05,62.9,81.4,33.8,95.3,130.4,84.3,9475,79,0
va-158,2026-08-06,68.7,73.0,26.2,94.6,128.1,79.1,2272,19,0
va-158,2026-08-07,77.1,92.4,25.7,95.8,122.7,79.9,8288,79,1
va-159,2026-08-01,80.6,88.0,30.8,95.3,135.7,92.1,4157,40,0
va-159,2026-08-02,72.4,79.2,43.5,96.0,128.8,85.3,4163,39,0
va-159,2026-08-03,77.7,81.6,47.0,94.1,142.2,90.0,2728,14,1
va-159,2026-08-04,71.9,80.2,41.7,95.6,137.2,88.8,2735,32,1
va-159,2026-08-05,70.7,72.9,35.0,97.0,146.7,95.2,5093,46,1
va-159,2026-08-06,76.5,83.3,41.3,95.2,141.2,85.7,1466,15,0
va-159,2026-08-07,75.9,75.5,48.5,95.6,149.6,99.8,0,0,0
va-160,2026-08-01,71.4,75.4,39.5,97.7,144.9,94.0,432,0,0
va-160,2026-08-02,74.9,93.4,41.8,95.9,137.5,91.3,8963,76,0
va-160,2026-08-03,74.6,86.6,35.7,94.5,127.9,79.8,5620,55,0
va-160,2026-08-04,81.0,90.9,45.0,93.9,118.4,78.9,6620,50,0
va-160,2026-08-05,72.8,86.7,35.5,96.3,134.7,88.6,7589,75,0
va-160,2026-08-06,64.5,80.5,38.2,98.0,137.8,87.2,6365,61,0
va-160,2026-08-07,68.3,77.6,37.0,97.2,149.3,89.6,6751,59,0
va-161,2026-08-01,72.5,75.4,31.8,97.0,144.8,87.0,4789,41,0
va-161,2026-08-02,76.2,89.9,33.4,94.7,152.1,93.6,6853,64,0
va-161,2026-08-03,73.7,82.0,39.6,96.7,143.8,87.6,6757,62,0
va-161,2026-08-04,74.3,84.1,22.0,95.4,129.8,86.1,5711,48,0
va-161,2026-08-05,72.9,87.3,40.5,95.6,146.7,95.3,6208,59,0
va-161,2026-08-06,76.4,87.5,25.2,95.9,143.3,90.4,9189,82,0
va-161,2026-08-07,76.4,90.5,27.6,96.0,139.1,85.0,3608,38,0
va-162,2026-08-01,68.6,74.5,29.3,97.4,138.7,83.8,2817,34,1
va-162,2026-08-02,70.6,70.2,25.7,96.0,141.9,87.4,1422,8,0
va-162,2026-08-03,69.3,77.6,32.0,95.4,139.8,86.0,2639,25,0
va-162,2026-08-04,78.3,82.9,42.6,95.8,157.8,101.8,2750,21,0
va-162,2026-08-05,72.9,85.0,25.0,96.8,130.9,80.4,4537,34,0
va-162,2026-08-06,69.1,84.1,33.2,94.3,144.2,91.7,9323,85,0
va-162,2026-08-07,79.6,76.8,36.8,96.8,147.8,95.6,1936,10,0
va-163,2026-08-01,68.0,73.8,51.2,95.3,139.4,83.8,5258,48,1
va-163,2026-08-02,69.6,80.0,30.6,95.7,145.8,92.3,5075,48,0
va-163,2026-08-03,66.7,79.6,37.3,95.1,122.7,75.2,3976,50,0
va-163,2026-08-04,70.7,85.3,34.8,98.6,132.8,89.2,8224,71,0
va-163,2026-08-05,68.7,81.5,42.5,94.9,145.5,95.1,6526,58,0
va-163,2026-08-06,66.7,81.9,26.6,96.6,145.9,97.9,6565,57,0
va-163,2026-08-07,69.2,77.2,47.7,96.8,134.4,83.3,5786,55,0
va-164,2026-08-01,73.4,86.8,33.8,94.0,133.3,88.2,6264,56,1
va-164,2026-08-02,72.3,78.3,34.3,95.9,148.4,99.6,3925,38,0
va-164,2026-08-03,76.0,90.9,24.4,97.4,124.9,81.6,7297,76,0
va-164,2026-08-04,77.2,83.6,28.2,96.5,133.7,85.6,5277,50,1
va-164,2026-08-05,69.4,76.2,28.4,95.6,148.2,95.1,2098,27,0
va-164,2026-08-06,76.5,82.9,39.6,96.4,145.7,90.4,3579,36,0
va-164,2026-08-07,75.6,90.2,35.7,95.0,143.3,95.4,4691,46,0
va-165,2026-08-01,74.9,81.9,29.7,96.5,127.0,84.9,3260,24,0
va-165,2026-08-02,75.6,87.5,35.6,95.0,133.1,86.9,5040,40,1
va-165,2026-08-03,78.9,82.9,25.1,95.2,139.3,90.5,4370,35,0
va-165,2026-08-04,65.7,76.0,25.9,94.8,138.7,84.8,5924,50,0
va-165,2026-08-05,77.7,92.1,52.6,95.8,144.7,97.2,6567,61,0
va-165,2026-08-06,73.1,79.8,39.5,97.0,135.8,91.6,2382,23,0
va-165,2026-08-07,68.9,75.1,44.4,95.9,137.5,84.6,4985,47,0
va-166,2026-08-01,65.6,74.4,29.1,95.5,141.2,87.6,3894,39,0
va-166,2026-08-02,67.4,74.9,50.9,97.6,144.5,97.2,6208,58,0
va-166,2026-08-03,70.5,85.3,31.2,97.4,140.8,90.0,6737,54,1
va-166,2026-08-04,76.4,88.6,51.5,97.4,145.9,98.2,5296,57,0
va-166,2026-08-05,72.7,81.6,48.6,97.1,126.5,84.6,6555,57,1
va-166,2026-08-06,77.1,91.6,52.0,94.7,134.4,87.4,8019,76,0
va-166,2026-08-07,73.8,77.2,45.4,97.7,149.4,96.7,3939,32,0
va-167,2026-08-01,72.2,74.6,36.9,96.7,143.7,87.5,3261,22,0
va-167,2026-08-02,81.6,84.0,44.2,95.8,150.4,91.8,7221,68,0
va-167,2026-08-03,76.1,78.4,47.2,96.3,141.1,86.5,3159,29,0
va-167,2026-08-04,78.7,84.0,29.1,96.4,141.4,85.4,6098,57,0
va-167,2026-08-05,77.8,81.1,35.0,96.4,148.2,90.4,5269,43,0
va-167,2026-08-06,71.1,74.4,47.9,95.2,148.8,99.1,4408,34,0
va-167,2026-08-07,72.7,72.9,38.4,97.3,127.5,86.1,2639,22,0
va-168,2026-08-01,56.3,64.1,46.9,97.6,124.2,84.2,3047,27,0
va-168,2026-08-02,71.6,86.4,49.8,97.8,127.3,86.5,6274,61,0
va-168,2026-08-03,70.4,85.2,53.8,97.8,141.0,93.5,9140,78,0
va-168,2026-08-04,61.8,71.7,35.4,97.8,139.4,94.0,6060,53,0
va-168,2026-08-05,64.3,73.9,62.7,97.0,129.6,78.1,5857,54,0
va-168,2026-08-06,63.8,76.9,38.9,95.7,108.3,69.6,8065,69,0
va-168,2026-08-07,60.8,73.2,67.7,96.7,115.3,74.7,6704,58,0
va-169,2026-08-01,71.0,79.5,28.2,95.9,146.7,94.8,7128,58,0
va-169,2026-08-02,73.3,82.1,25.2,95.3,146.4,93.4,5842,54,0
va-169,2026-08-03,77.9,89.7,39.1,96.9,148.8,94.0,5735,50,0
va-169,2026-08-04,79.6,93.2,38.6,96.4,152.7,100.1,7197,66,1
va-169,2026-08-05,68.7,73.5,45.6,96.4,136.9,85.3,3989,27,0
va-169,2026-08-06,74.3,83.6,46.5,95.4,147.4,99.2,4558,37,0
va-169,2026-08-07,74.1,76.4,38.1,96.5,138.0,86.6,3663,25,0
va-170,2026-08-01,70.8,86.3,37.0,95.8,140.1,90.9,7655,64,0
va-170,2026-08-02,67.4,71.3,40.3,97.8,131.9,82.3,2019,17,0
va-170,2026-08-03,68.6,79.6,44.0,96.3,158.6,97.0,4817,48,0
va-170,2026-08-04,74.5,83.3,24.5,96.5,143.0,90.9,5431,40,0
va-170,2026-08-05,76.1,91.8,41.9,95.1,125.3,82.2,5638,53,0
va-170,2026-08-06,79.5,84.1,31.8,96.8,138.4,91.7,2193,16,0
va-170,2026-08-07,76.1,86.9,30.8,96.7,139.1,89.5,5833,50,0
va-171,2026-08-01,74.8,78.1,49.7,95.4,127.0,80.8,2774,30,0
va-171,2026-08-02,71.4,80.4,26.1,95.0,122.4,74.1,5069,46,0
va-171,2026-08-03,69.8,78.7,45.4,94.2,124.5,75.4,5570,40,0
va-171,2026-08-04,76.9,84.9,45.1,98.1,134.8,81.7,4116,34,0
va-171,2026-08-05,71.7,83.1,29.6,95.5,149.9,90.6,6403,61,0
va-171,2026-08-06,71.3,81.8,25.1,94.8,138.6,87.2,6331,57,0
va-171,2026-08-07,73.5,83.8,43.1,95.1,132.8,83.8,5667,53,1
va-172,2026-08-01,58.8,74.2,50.1,98.8,128.3,80.7,8331,82,0
va-172,2026-08-02,63.7,75.8,63.4,99.6,125.3,82.8,7709,69,0
va-172,2026-08-03,55.7,76.0,60.2,98.3,122.4,76.1,11826,115,0
va-172,2026-08-04,54.6,64.3,63.4,96.1,114.0,71.2,7191,59,0
va-172,2026-08-05,60.9,76.4,70.9,97.3,128.8,86.8,7827,80,0
va-172,2026-08-06,56.4,72.3,61.1,96.6,120.1,79.7,9371,82,0
va-172,2026-08-07,54.5,64.8,41.5,96.8,125.0,78.8,6288,57,0
va-173,2026-08-01,72.4,80.1,38.8,95.7,127.4,81.4,2672,26,0
va-173,2026-08-02,72.9,79.6,18.3,97.2,130.5,84.3,6459,52,0
va-173,2026-08-03,77.5,79.6,28.0,96.1,136.5,89.1,3317,26,0
va-173,2026-08-04,78.1,80.1,29.9,95.0,126.0,78.3,2982,22,0
va-173,2026-08-05,69.2,80.0,30.4,96.9,136.0,82.7,6359,57,0
va-173,2026-08-06,73.5,83.3,33.4,94.4,133.4,83.8,2587,23,1
va-173,2026-08-07,75.0,85.4,26.4,95.4,138.2,83.5,6750,61,1
va-174,2026-08-01,76.9,81.7,33.0,95.8,132.7,83.1,3673,34,0
va-174,2026-08-02,76.8,85.3,20.2,94.8,156.3,98.3,4895,39,1
va-174,2026-08-03,73.1,83.6,29.6,94.6,124.1,82.1,4435,41,0
va-174,2026-08-04,80.8,85.9,39.8,96.1,144.2,95.4,1384,17,0
va-174,2026-08-05,81.0,94.0,26.9,95.9,141.5,86.5,8455,75,0
va-174,2026-08-06,71.5,74.5,32.7,95.2,147.3,93.8,3088,23,0
va-174,2026-08-07,65.1,71.9,27.8,94.5,158.4,103.5,5420,50,0
va-175,2026-08-01,66.2,80.5,57.6,98.4,120.1,79.5,5751,57,0
va-175,2026-08-02,64.3,81.7,43.4,98.3,115.8,71.1,8169,74,0
va-175,2026-08-03,69.5,71.8,43.4,97.1,108.7,69.7,4703,35,0
va-175,2026-08-04,64.2,74.8,56.0,98.5,134.5,90.0,5503,50,0
va-175,2026-08-05,62.0,74.1,58.3,97.4,129.2,86.9,6799,56,0
va-175,2026-08-06,63.6,77.9,30.1,97.3,132.1,84.1,8758,76,0
va-175,2026-08-07,59.5,74.3,59.5,98.8,116.1,77.9,10247,98,0
va-176,2026-08-01,48.8,61.1,58.9,96.6,128.9,77.6,7305,69,0
va-176,2026-08-02,66.2,75.6,54.0,96.9,123.1,82.7,6442,60,0
va-176,2026-08-03,63.3,78.3,39.3,97.8,116.4,73.3,6790,65,0
va-176,2026-08-04,70.1,84.3,48.2,98.9,137.3,92.6,7890,76,0
va-176,2026-08-05,60.6,67.6,56.3,97.0,118.3,79.1,5294,44,0
va-176,2026-08-06,59.3,70.3,57.9,99.5,136.0,86.7,6526,52,1
va-176,2026-08-07,63.1,71.5,45.6,96.9,133.4,80.7,5502,43,0
va-177,2026-08-01,67.8,80.9,32.4,95.5,134.2,86.1,5223,47,0
va-177,2026-08-02,76.1,84.3,24.3,96.2,136.1,86.0,5187,55,0
va-177,2026-08-03,74.3,81.6,33.9,95.1,142.9,87.6,5540,41,0
va-177,2026-08-04,73.6,75.2,40.5,95.8,143.5,89.1,6049,47,0
va-177,2026-08-05,70.6,83.0,21.3,95.8,134.8,83.8,5616,48,0
va-177,2026-08-06,63.5,68.6,36.1,95.7,122.4,82.9,1672,14,1
va-177,2026-08-07,73.7,84.9,31.1,96.2,144.1,87.2,2694,28,0
va-178,2026-08-01,62.8,66.2,43.9,95.4,156.5,104.4,2564,23,0
va-178,2026-08-02,77.1,87.0,43.7,95.1,155.0,93.6,3507,44,0
va-178,2026-08-03,74.4,77.1,39.5,96.3,151.8,102.3,3418,26,0
va-178,2026-08-04,69.1,75.0,36.2,96.6,129.2,83.4,3676,32,1
va-178,2026-08-05,77.3,81.9,27.4,96.7,152.6,99.1,4963,44,0
va-178,2026-08-06,67.4,73.3,43.0,95.7,139.5,93.3,2056,22,0
va-178,2026-08-07,66.3,75.3,44.4,95.9,147.2,96.9,5333,48,0
va-179,2026-08-01,70.1,81.2,24.7,94.7,139.0,92.8,6857,63,0
va-179,2026-08-02,75.2,88.2,40.7,94.7,141.0,92.8,8611,74,0
va-179,2026-08-03,71.0,76.0,41.3,96.0,139.1,91.6,2133,23,0
va-179,2026-08-04,73.0,80.8,36.9,93.4,151.1,100.9,2514,19,1
va-179,2026-08-05,74.0,87.5,39.4,96.4,129.2,79.7,6660,63,1
va-179,2026-08-06,76.4,85.7,28.2,97.5,132.2,85.1,4919,45,0
va-179,2026-08-07,74.1,75.7,43.8,95.9,124.8,77.7,2825,16,0
va-180,2026-08-01,72.4,89.9,33.1,96.7,144.7,89.3,8139,74,0
va-180,2026-08-02,64.9,75.4,34.3,94.9,149.8,94.2,4822,46,0
va-180,2026-08-03,65.6,66.2,23.2,95.2,126.6,83.6,3402,24,0
va-180,2026-08-04,72.5,83.7,29.4,96.0,138.6,87.6,5940,46,1
va-180,2026-08-05,72.0,84.2,28.8,96.0,143.3,90.3,5872,62,1
va-180,2026-08-06,74.6,90.9,37.4,95.3,136.2,88.0,6472,55,0
va-180,2026-08-07,74.3,79.6,24.7,96.7,137.3,92.4,3594,26,0
va-181,2026-08-01,67.0,81.8,40.4,98.1,125.7,79.2,7894,67,1
va-181,2026-08-02,74.9,82.9,51.0,94.2,140.2,86.0,4838,44,0
va-181,2026-08-03,68.2,81.8,53.3,94.6,149.5,101.0,5081,56,0
va-181,2026-08-04,71.0,89.0,36.1,97.0,138.9,87.8,8005,80,1
va-181,2026-08-05,61.7,76.2,26.1,94.5,137.9,90.7,8466,83,1
va-181,2026-08-06,73.9,81.4,23.8,95.1,134.6,84.6,5605,44,0
va-181,2026-08-07,71.3,78.0,33.5,96.7,151.1,96.2,4369,38,0
va-182,2026-08-01,60.4,83.3,39.6,98.0,128.8,83.5,10535,93,0
va-182,2026-08-02,63.1,84.8,48.5,97.4,130.9,84.2,5943,52,0
va-182,2026-08-03,62.6,72.2,58.5,95.8,132.3,83.1,3989,48,0
va-182,2026-08-04,63.3,67.2,47.7,95.9,121.5,81.9,4365,35,0
va-182,2026-08-05,64.6,75.0,56.1,97.5,107.6,69.9,5241,39,0
va-182,2026-08-06,62.4,73.5,51.1,96.5,135.0,88.0,6241,53,0
va-182,2026-08-07,59.2,70.5,47.6,97.5,118.1,71.8,6254,58,0
va-183,2026-08-01,75.6,84.3,41.6,96.6,142.9,93.9,5793,51,0
va-183,2026-08-02,66.1,75.6,36.3,95.8,137.3,86.3,5405,43,0
va-183,2026-08-03,71.0,83.1,36.4,97.6,143.2,91.8,5764,52,0
va-183,2026-08-04,80.8,93.8,38.5,98.8,158.0,103.6,5431,51,0
va-183,2026-08-05,76.8,77.7,22.9,95.4,136.3,86.9,1882,21,1
va-183,2026-08-06,75.0,89.8,46.8,95.4,128.7,86.8,7006,69,0
va-183,2026-08-07,66.7,69.4,40.7,96.8,139.5,87.5,3142,34,0
va-184,2026-08-01,74.0,90.5,45.8,97.1,148.5,95.5,9138,88,0
va-184,2026-08-02,75.2,83.5,32.9,94.7,139.0,90.3,3386,32,1
va-184,2026-08-03,76.7,87.6,43.5,95.0,138.6,93.7,4373,45,1
va-184,2026-08-04,73.0,88.6,30.6,95.5,152.1,95.6,8157,75,0
va-184,2026-08-05,72.6,88.3,25.2,97.8,127.6,80.0,6322,66,0
va-184,2026-08-06,76.5,76.6,33.7,95.0,121.8,80.4,1915,24,0
va-184,2026-08-07,70.8,80.6,38.0,95.1,148.5,89.2,4923,41,0
va-185,2026-08-01,73.1,85.4,46.8,97.4,107.3,71.8,4652,43,0
va-185,2026-08-02,58.6,69.9,64.8,98.2,114.3,74.4,5573,55,0
va-185,2026-08-03,58.6,64.9,56.1,97.5,126.8,79.0,3058,31,0
va-185,2026-08-04,60.3,67.9,44.9,95.6,133.8,89.0,4677,55,0
va-185,2026-08-05,62.3,82.3,44.2,97.8,122.8,78.0,9484,89,1
va-185,2026-08-06,63.7,82.6,54.1,98.0,115.8,74.9,9551,86,0
va-185,2026-08-07,61.4,77.5,66.5,97.9,144.3,88.8,5907,55,0
va-186,2026-08-01,75.5,82.5,46.2,93.7,145.8,93.2,3348,35,0
va-186,2026-08-02,76.1,90.8,34.8,95.9,145.3,92.2,6119,51,0
va-186,2026-08-03,79.1,87.2,38.6,95.6,133.0,81.1,4419,36,0
va-186,2026-08-04,70.4,74.3,31.9,95.2,136.4,83.7,3138,22,0
va-186,2026-08-05,78.2,85.8,29.3,96.0,143.6,92.7,3209,26,0
va-186,2026-08-06,80.3,96.9,45.1,94.8,131.6,81.5,7475,71,0
va-186,2026-08-07,79.8,79.5,29.1,94.4,146.7,96.0,2392,26,0
va-187,2026-08-01,71.1,75.5,47.7,96.5,149.2,98.2,1680,13,0
va-187,2026-08-02,77.5,87.3,39.3,95.0,143.7,89.3,7017,59,0
va-187,2026-08-03,78.6,89.6,33.3,96.6,139.8,91.1,6803,62,1
va-187,2026-08-04,71.7,75.4,29.4,95.8,140.0,87.0,2956,24,1
va-187,2026-08-05,70.6,81.1,42.1,97.4,136.7,88.0,4583,42,0
va-187,2026-08-06,70.7,73.9,54.5,94.7,147.6,94.1,4273,41,0
va-187,2026-08-07,77.5,80.2,35.9,96.0,155.1,98.3,6004,50,1
va-188,2026-08-01,72.5,73.0,42.1,96.1,139.1,91.9,2867,16,0
va-188,2026-08-02,72.3,81.9,22.9,95.5,156.1,96.9,4951,45,0
va-188,2026-08-03,71.8,80.9,31.6,94.5,149.3,96.6,7746,66,0
va-188,2026-08-04,66.5,74.6,17.8,94.6,137.5,83.6,3852,24,0
va-188,2026-08-05,71.3,82.5,39.3,94.7,117.9,79.5,6035,60,1
va-188,2026-08-06,70.1,82.1,38.4,96.9,137.5,92.5,6270,64,0
va-188,2026-08-07,69.4,89.5,36.6,95.1,151.5,99.3,7991,69,0
va-189,2026-08-01,74.3,81.1,40.4,95.0,143.1,94.6,4896,42,0
va-189,2026-08-02,73.7,76.2,31.0,97.3,123.3,82.2,3295,29,0
va-189,2026-08-03,73.3,81.4,28.6,96.6,148.5,90.5,3078,31,0
va-189,2026-08-04,81.6,94.3,25.2,96.2,145.5,93.9,6421,57,0
va-189,2026-08-05,72.9,76.2,43.0,96.2,143.1,93.2,2336,19,1
va-189,2026-08-06,80.4,78.0,37.8,95.4,142.5,95.3,1041,8,0
va-189,2026-08-07,77.9,77.9,26.4,96.0,135.4,90.6,17,1,0
va-190,2026-08-01,62.9,74.6,37.5,99.1,127.5,82.3,5742,58,0
va-190,2026-08-02,66.2,77.7,50.2,98.5,164.9,100.4,6397,51,0
va-190,2026-08-03,71.7,84.8,48.4,98.5,108.5,72.9,5049,48,0
va-190,2026-08-04,66.1,73.7,47.6,97.5,131.0,83.4,4816,48,0
va-190,2026-08-05,56.8,64.0,57.9,97.5,126.4,82.3,4012,42,0
va-190,2026-08-06,72.6,90.9,47.7,96.6,134.6,86.6,8432,77,0
va-190,2026-08-07,60.9,76.7,46.8,95.9,130.7,86.3,8887,80,0
va-191,2026-08-01,60.5,75.3,59.3,97.7,127.9,80.7,8370,79,0
va-191,2026-08-02,60.7,77.0,46.6,97.0,129.8,81.1,7989,67,0
va-191,2026-08-03,63.8,80.4,56.4,96.6,122.9,81.5,7021,70,0
va-191,2026-08-04,61.8,76.4,56.4,97.1,110.9,73.9,9507,83,0
va-191,2026-08-05,58.7,66.1,45.3,97.1,135.2,89.7,6213,54,0
va-191,2026-08-06,60.4,70.7,45.2,97.1,125.4,80.5,7126,58,0
va-191,2026-08-07,63.9,74.1,54.2,96.8,123.7,76.3,5546,51,0
va-192,2026-08-01,70.5,79.8,33.0,94.5,133.2,84.6,3803,30,0
va-192,2026-08-02,75.8,95.1,28.3,95.7,139.7,91.0,8799,80,0
va-192,2026-08-03,79.9,93.4,35.8,97.1,140.9,90.2,6198,60,0
va-192,2026-08-04,71.1,74.3,24.9,96.2,141.9,93.0,2058,19,0
va-192,2026-08-05,78.0,96.8,44.8,97.0,140.6,91.6,6852,70,1
va-192,2026-08-06,73.2,93.8,40.1,96.8,136.1,83.2,10170,90,0
va-192,2026-08-07,72.6,87.4,27.2,95.1,145.3,92.4,7997,72,0
va-193,2026-08-01,67.8,76.5,42.4,95.8,124.6,75.9,4055,38,0
va-193,2026-08-02,67.7,78.3,48.9,95.3,115.4,74.5,6558,53,0
va-193,2026-08-03,77.3,86.1,42.6,96.8,144.0,92.2,3129,27,0
va-193,2026-08-04,72.5,81.0,35.0,97.7,138.6,85.2,2918,26,1
va-193,2026-08-05,71.5,81.5,41.0,97.4,146.3,91.9,6587,64,0
va-193,2026-08-06,78.4,86.3,34.1,95.5,116.7,70.6,3075,23,0
va-193,2026-08-07,77.1,79.2,31.1,95.9,130.5,86.1,3724,29,0
va-194,2026-08-01,69.2,79.5,19.5,93.9,143.7,95.8,4364,49,0
va-194,2026-08-02,70.9,76.9,34.4,95.8,142.5,87.9,3916,31,0
va-194,2026-08-03,71.7,75.5,36.7,96.5,159.1,104.6,3114,17,1
va-194,2026-08-04,71.1,78.1,26.6,95.5,135.0,84.1,3474,27,0
va-194,2026-08-05,73.1,81.9,34.2,95.1,152.7,102.3,6914,54,0
va-194,2026-08-06,70.0,71.7,28.9,94.6,136.5,86.0,5394,44,0
va-194,2026-08-07,74.7,86.7,23.9,96.9,140.9,89.3,6006,50,0
va-195,2026-08-01,74.9,87.7,48.1,98.1,144.3,90.4,5724,46,0
va-195,2026-08-02,79.6,87.8,37.8,96.0,131.6,83.5,4450,41,0
va-195,2026-08-03,71.9,78.5,35.8,96.0,151.6,91.7,4858,38,0
va-195,2026-08-04,68.5,74.1,31.1,96.4,140.0,92.0,3174,35,1
va-195,2026-08-05,74.7,79.7,50.8,95.7,128.3,85.4,3006,40,0
va-195,2026-08-06,70.0,74.4,32.8,95.1,145.9,92.3,4151,34,0
va-195,2026-08-07,74.3,86.6,44.4,96.3,141.4,93.2,5900,58,0
va-196,2026-08-01,69.3,74.9,32.8,95.5,139.8,84.3,1762,20,1
va-196,2026-08-02,68.1,71.5,33.4,96.5,138.0,92.2,7384,62,1
va-196,2026-08-03,71.5,82.4,38.4,96.1,141.4,87.0,6892,55,0
va-196,2026-08-04,75.9,83.0,31.0,96.1,138.5,88.9,3731,35,0
va-196,2026-08-05,78.1,91.4,38.3,95.0,155.4,103.5,6222,55,0
va-196,2026-08-06,78.0,85.2,44.5,95.8,145.6,95.5,3228,30,0
va-196,2026-08-07,71.0,82.4,44.6,96.2,154.7,93.4,5782,47,0
va-197,2026-08-01,64.2,74.9,62.0,97.6,116.8,79.0,7533,68,0
va-197,2026-08-02,72.1,84.3,48.0,96.5,128.6,83.3,7781,77,0
va-197,2026-08-03,64.8,81.6,42.8,96.6,124.7,83.4,5349,47,0
va-197,2026-08-04,56.3,67.4,50.7,98.1,138.8,91.2,7893,75,0
va-197,2026-08-05,57.9,75.5,60.8,97.9,126.7,76.8,7853,77,0
va-197,2026-08-06,58.9,73.2,60.3,98.0,122.1,79.8,9199,83,0
va-197,2026-08-07,57.5,71.0,51.2,98.1,141.4,95.4,7531,68,0
va-198,2026-08-01,68.0,77.7,51.5,97.0,140.5,85.2,6338,55,0
va-198,2026-08-02,72.7,77.1,27.8,95.3,142.6,87.1,1848,14,0
va-198,2026-08-03,65.2,77.1,45.3,95.8,141.1,86.8,4777,33,0
va-198,2026-08-04,70.7,76.4,47.4,95.3,132.3,87.4,4674,38,0
va-198,2026-08-05,69.9,83.8,41.0,95.1,150.5,96.9,4838,47,0
va-198,2026-08-06,67.8,74.0,40.0,94.7,124.0,84.0,5267,37,0
va-198,2026-08-07,73.8,82.0,41.0,95.8,148.6,101.0,3575,28,1
va-199,2026-08-01,61.4,65.2,39.9,98.4,125.4,81.5,1954,20,0
va-199,2026-08-02,59.1,69.6,54.8,98.0,121.3,81.8,4990,42,0
va-199,2026-08-03,69.3,79.3,56.2,96.3,110.6,70.3,5972,58,0
va-199,2026-08-04,61.1,68.8,56.0,98.2,124.9,83.0,4007,38,0
va-199,2026-08-05,52.9,61.4,40.6,97.7,127.9,85.1,7051,58,0
va-199,2026-08-06,62.9,74.3,69.2,97.4,117.9,76.7,6820,53,0
va-199,2026-08-07,61.8,72.3,69.9,97.4,141.2,88.2,4346,35,0
va-200,2026-08-01,67.3,71.8,37.3,95.6,144.9,87.8,3023,35,0
va-200,2026-08-02,74.9,79.3,12.3,96.7,155.8,94.4,2811,21,0
va-200,2026-08-03,79.5,91.3,47.1,95.8,135.0,90.0,5845,58,0
va-200,2026-08-04,81.5,89.3,40.0,93.9,139.4,94.3,4200,44,0
va-200,2026-08-05,70.2,68.1,39.9,94.6,135.3,84.5,2236,15,0
va-200,2026-08-06,71.0,80.5,32.7,95.1,136.3,89.2,5286,58,0
va-200,2026-08-07,73.7,91.2,30.4,96.0,122.5,73.8,6264,66,0
